Date,Time,Latitude,Longitude,Crime_Type,Weapon_Used,Arrest_Made
2023-10-09,08:54:58,28.759067141530114,77.1511173569883,Assault,None,True
2023-03-31,21:29:57,28.71057688538101,77.11773029856408,Fraud,None,True
2023-08-27,18:23:57,28.641758466252767,77.06015863043051,Fraud,None,False
2024-12-19,19:50:26,28.86202128155074,77.1792434729153,Fraud,None,False
2023-01-07,05:48:46,28.77940525614065,77.03792560043587,Fraud,None,False
2023-12-11,03:43:16,28.639465823071877,77.0578427024643,Robbery,Firearm,False
2024-04-15,19:31:24,28.75651962271566,77.13336719755343,Robbery,Blunt Object,False
2024-10-05,22:31:10,28.76685082167487,77.02687712470761,Assault,None,False
2023-02-16,08:17:51,28.602816887966558,77.13392473325953,Murder,Blunt Object,False
2024-01-25,10:07:14,28.61329759244788,76.96126962986648,Theft,None,False
2023-08-03,09:43:13,28.798756487689214,77.03024223699515,Fraud,None,True
2024-06-30,08:54:47,28.64477528204688,77.04825251813787,Burglary,Blunt Object,False
2023-08-13,11:48:24,28.69865617275475,77.1036092258971,Cybercrime,None,True
2023-11-20,14:36:21,28.742590064225777,77.15625698018346,Theft,None,False
2024-08-03,11:27:25,28.64403613100812,77.07333062502067,Theft,None,False
2023-05-27,09:38:38,28.668082933877706,77.2010227818451,Theft,None,False
2024-03-14,21:14:44,28.702750277526206,76.99672890710441,Fraud,None,False
2024-06-05,17:58:06,28.652325449121033,77.0502915635003,Theft,None,True
2023-06-06,22:50:40,28.724986359500477,76.90653298761202,Robbery,Knife,True
2024-04-24,19:15:52,28.690818139511016,77.1044686123587,Murder,Blunt Object,True
2024-11-29,19:33:01,28.761484665799955,77.1542136828119,Murder,Knife,False
2023-06-11,16:31:10,28.672943517176115,77.17948896304411,Theft,None,False
2023-07-02,18:29:02,28.55624780096326,77.03051557916054,Cybercrime,None,False
2024-06-03,22:10:18,28.658036122904022,77.2082122226219,Robbery,Firearm,False
2023-01-01,21:48:24,28.707536182895684,77.08486959844637,Kidnapping,Blunt Object,True
2023-11-11,08:43:05,28.787340839693947,77.02864917719585,Theft,None,False
2023-03-22,03:07:06,28.636407799969405,77.1636676288841,Assault,Knife,False
2024-07-16,06:00:43,28.684409995224957,77.19181280119116,Murder,Knife,False
2024-07-06,07:19:25,28.620178247677735,77.07157876241489,Murder,Firearm,False
2024-04-07,04:24:20,28.707412634314036,77.11225545127122,Robbery,Firearm,True
2024-08-25,08:01:04,28.63930825762155,77.06064341023337,Theft,None,True
2023-03-02,08:20:07,28.593466502599398,76.98287933759194,Robbery,Blunt Object,False
2023-10-13,17:40:24,28.652225258223943,77.0760624002857,Theft,None,False
2024-08-07,20:58:45,28.696898987841966,77.2028532897892,Cybercrime,None,False
2024-02-21,06:55:57,28.740263602504765,77.03798802453949,Robbery,Firearm,False
2024-04-23,01:58:20,28.677713956055083,77.19788036566466,Burglary,Rope,True
2023-04-22,09:03:11,28.7837417396089,77.04814643655816,Theft,None,False
2023-10-13,16:50:37,28.617902548959105,77.07071902504376,Theft,None,True
2023-04-11,01:50:30,28.704970470682383,77.09950992649534,Burglary,Poison,True
2023-08-31,06:03:18,28.71327607765355,76.90374310853991,Fraud,None,False
2023-03-02,05:59:39,28.671903281121626,77.18607112571512,Fraud,None,True
2023-09-29,16:33:58,28.851889404474154,77.05067297817264,Theft,None,False
2023-08-11,02:07:45,28.776015063971066,77.02748242956417,Burglary,Poison,True
2023-02-28,01:49:32,28.79564021177021,77.13537511096598,Burglary,Poison,False
2023-03-24,06:45:56,28.69880239796233,77.10763267433114,Robbery,Knife,False
2023-09-10,21:04:40,28.705070775493482,77.11218644990534,Theft,None,True
2024-08-01,19:02:02,28.697079469061226,77.09922337853403,Kidnapping,Firearm,False
2023-09-02,09:40:14,28.78017891846868,77.01786485051869,Theft,None,False
2023-01-10,16:41:08,28.757061202770647,77.15511055272181,Fraud,None,True
2024-06-02,09:39:20,28.644151134566425,77.06015412866626,Theft,None,False
2023-09-08,13:27:14,28.56256292579496,77.06043546772347,Theft,None,False
2024-12-21,11:00:51,28.669828548347322,77.02227227307785,Fraud,None,True
2023-11-03,03:46:17,28.70248714288334,77.10654050856814,Murder,Firearm,True
2024-07-20,05:39:34,28.892718590121053,77.11995778128319,Murder,Firearm,False
2023-07-28,23:05:30,28.729855039072277,77.09505540842339,Assault,Blunt Object,False
2023-02-22,03:21:37,28.512222878470098,77.09984861245509,Burglary,Firearm,True
2024-10-14,09:32:15,28.64470230209941,77.08713242112485,Theft,None,False
2024-07-28,00:21:07,28.67217639035219,77.18551547342334,Robbery,Blunt Object,False
2024-08-19,20:07:00,28.783752882302945,77.02081321962382,Burglary,Blunt Object,False
2023-02-10,13:01:38,28.795528228145148,77.04001933032688,Theft,None,False
2024-07-27,14:47:44,28.792010319470428,77.02340612545207,Cybercrime,None,False
2023-08-31,05:54:59,28.84437943109361,76.96231489372077,Burglary,Blunt Object,True
2024-02-26,09:02:07,28.789968570938,77.0544045562581,Theft,None,True
2024-04-26,08:05:54,28.744194636748695,77.14683702270398,Assault,Knife,False
2023-08-17,00:51:41,28.645096513650877,77.05746524345884,Burglary,Blunt Object,False
2023-10-13,12:47:05,28.73859336568934,77.15318562974807,Fraud,None,False
2023-12-06,01:00:17,28.69347696286274,77.10723592430635,Robbery,Blunt Object,False
2023-02-09,03:56:48,28.77490575765766,77.04799934405018,Burglary,Firearm,False
2023-04-29,14:01:28,28.696267467076638,77.09927938483796,Cybercrime,None,False
2023-01-02,18:55:46,28.682235172173694,77.17019135683566,Cybercrime,None,False
2024-11-11,12:01:19,28.756374599346042,77.16557142754283,Fraud,None,True
2023-11-04,18:27:49,28.543351676543878,77.12096338585323,Theft,None,False
2024-07-21,04:38:03,28.786698827942484,77.04031822871778,Robbery,Knife,False
2024-09-22,20:43:13,28.631730492891222,77.04929543386916,Murder,Knife,True
2024-03-16,21:06:59,28.64931941565617,77.06546984673233,Kidnapping,Blunt Object,False
2024-06-07,17:13:41,28.64660492850346,77.06596448209497,Fraud,None,False
2024-06-11,23:02:40,28.777299752784213,77.03482253697162,Burglary,None,False
2023-07-23,05:21:53,28.64703072473299,77.05535648581974,Theft,None,True
2024-09-17,02:39:05,28.692757745111447,77.18723832920912,Burglary,Rope,False
2024-01-29,17:59:59,28.584969650279735,77.1681553608634,Theft,None,False
2023-04-20,15:28:44,28.74435318329773,77.16037084603742,Theft,None,False
2023-05-05,16:37:09,28.655685955790076,77.05429317681649,Theft,None,False
2024-09-01,11:33:08,28.713733761292442,77.10662780926937,Cybercrime,None,False
2024-03-12,19:56:50,28.712320601599945,77.12146792982655,Cybercrime,None,False
2024-05-01,16:23:11,28.679561188399713,77.02712638356425,Theft,None,False
2023-10-11,18:58:47,28.615148557037447,77.02091897150346,Theft,None,False
2024-12-31,10:24:10,28.75332898290586,77.15591151974817,Theft,None,False
2023-03-24,05:02:16,28.7068669079933,77.11077183249037,Burglary,Knife,False
2023-03-07,15:06:17,28.64423001891878,77.07703534077157,Theft,None,False
2024-03-06,14:10:49,28.64145343166762,77.0897016916659,Cybercrime,None,True
2024-08-12,13:50:57,28.7666667347765,77.01678424435838,Theft,None,False
2024-03-05,19:35:45,28.663391075019387,77.18732472415243,Vandalism,None,False
2024-03-22,17:40:54,28.78186537214674,77.03964000494094,Theft,None,False
2023-06-19,17:01:01,28.678832376245733,77.18177171087343,Cybercrime,None,True
2024-08-29,20:32:55,28.61942062819316,76.95101527753143,Theft,None,True
2024-04-17,06:36:59,28.639634850479332,77.07106398794323,Theft,None,False
2024-04-10,11:54:00,28.646240937441302,77.05004261221288,Theft,None,False
2023-09-16,02:58:55,28.67583180925851,77.18635317379729,Burglary,Rope,True
2023-12-25,08:09:49,28.61571425637989,77.11787251059457,Robbery,Knife,True
2023-09-11,07:15:30,28.7099208718446,76.98820297021695,Theft,None,False
2024-11-16,04:09:53,28.677677873603482,77.18810784526369,Burglary,Knife,False
2023-06-21,22:03:35,28.79493051243175,77.04303802052036,Burglary,Rope,True
2023-06-17,11:19:28,28.56633306320429,77.0087174960085,Theft,None,True
2024-08-12,13:39:52,28.755603526720865,77.15387859509123,Theft,None,False
2023-04-15,10:58:49,28.649250476863063,77.10102731490655,Cybercrime,None,True
2024-08-02,01:29:43,28.761189051069316,77.21605656401806,Robbery,Knife,False
2023-01-13,15:17:37,28.79364001763493,77.03901391251307,Cybercrime,None,True
2024-10-12,16:44:18,28.780947307553596,77.04008969220494,Fraud,None,False
2024-10-28,09:50:00,28.696371747854624,77.1001318139326,Fraud,None,False
2023-10-02,11:44:05,28.69924636452171,77.10331874139386,Cybercrime,None,True
2023-09-07,16:55:10,28.697246585666733,77.1638273480741,Fraud,None,False
2023-11-29,06:37:14,28.680962601903744,77.16637284128811,Cybercrime,None,False
2023-12-15,10:10:55,28.779380681342104,77.04338950596969,Cybercrime,None,False
2023-07-15,03:07:01,28.704742800190957,77.09172255222072,Robbery,Knife,False
2024-04-03,00:37:40,28.6669469629074,77.18929597748935,Robbery,Firearm,False
2024-01-13,17:13:51,28.69679633368283,77.10466458589583,Fraud,None,False
2023-12-05,12:48:32,28.70455571839904,77.09598399652394,Fraud,None,False
2023-05-04,07:00:42,28.665539440893255,77.06883919022319,Kidnapping,None,False
2023-10-11,21:27:58,28.653848574133423,77.1843645431477,Vandalism,None,False
2023-07-18,10:47:09,28.63792135352316,77.18774333347963,Theft,None,False
2023-05-10,09:59:14,28.696174792615672,77.10135263558534,Theft,None,True
2024-10-15,17:52:20,28.649149872789806,77.0711575519417,Theft,None,True
2024-05-05,16:02:13,28.662097035929442,77.1791549876416,Theft,None,True
2023-04-27,02:22:44,28.66935054688839,77.17596670767426,Burglary,None,True
2023-11-08,03:06:04,28.721754542402813,77.10654981710961,Murder,Firearm,False
2023-08-20,19:01:34,28.69149116045665,77.11167861947055,Fraud,None,False
2023-11-01,21:25:39,28.916315619701265,77.20574652605512,Fraud,None,False
2024-09-16,03:36:46,28.73890630034046,77.14765765927135,Murder,Firearm,False
2023-06-10,08:43:59,28.766769111491868,77.14542330534381,Burglary,Poison,True
2024-04-06,21:37:12,28.67853819428146,77.1902463405343,Cybercrime,None,False
2024-12-24,10:17:36,28.77483069528422,77.0319047464394,Fraud,None,False
2023-09-28,22:45:27,28.61168732659931,77.05225612358666,Burglary,Knife,False
2024-10-25,05:25:28,28.64157431848607,77.05002216818035,Murder,Blunt Object,True
2024-09-01,20:43:27,28.800424113039316,77.01819858622041,Murder,Knife,False
2023-10-06,18:13:17,28.66969955513303,77.18380740577287,Fraud,None,False
2024-03-18,11:44:07,28.768512732890663,77.13814137848821,Fraud,None,True
2024-08-24,00:45:19,28.71573163752155,77.1026023306102,Murder,Knife,False
2024-04-26,18:53:41,28.634284913489523,77.06712103474263,Fraud,None,False
2024-03-22,23:06:42,28.706090596955736,77.09649783122842,Assault,Knife,False
2023-11-25,03:48:30,28.784798020849898,77.0286468640314,Assault,None,False
2024-07-17,01:20:09,28.675235173452513,77.18912130674522,Burglary,Firearm,False
2024-06-10,00:02:30,28.689960168161452,77.17012184501174,Burglary,Poison,False
2024-06-14,13:10:19,28.665430333746563,77.04297912200478,Fraud,None,False
2023-07-28,09:43:23,28.752582149049644,77.15838317206484,Fraud,None,False
2023-05-05,01:03:03,28.67690991867735,77.1762730048018,Murder,Knife,False
2023-11-15,20:03:19,28.683287774964274,77.05319990653412,Theft,None,False
2024-04-17,04:16:36,28.748206352430557,77.16099602097022,Burglary,Knife,False
2023-10-26,18:31:38,28.739801548596507,77.03320904047393,Fraud,None,False
2024-04-28,08:52:26,28.794059987543324,77.13322995208766,Cybercrime,None,False
2024-06-04,04:58:12,28.71222862118839,77.10879628841924,Assault,None,False
2023-10-01,00:05:36,28.69581004989078,77.09689818959804,Robbery,Firearm,False
2024-04-02,19:36:32,28.778829360512326,77.16353702654335,Cybercrime,None,False
2024-01-22,16:34:42,28.703890984060358,77.1036732738331,Cybercrime,None,False
2023-09-02,20:49:06,28.831866489578843,77.04334286111643,Fraud,None,False
2024-02-25,01:35:20,28.758809738117005,77.08228073475662,Robbery,Knife,False
2024-05-22,01:20:52,28.64192318796773,77.07348776851987,Robbery,Blunt Object,False
2024-03-26,03:37:49,28.786641634898803,77.18385096360007,Burglary,Blunt Object,True
2024-02-24,23:50:23,28.834647880715433,77.10460038416328,Murder,Firearm,False
2024-10-27,02:55:27,28.68091952971295,77.17939733243406,Assault,Knife,False
2024-10-03,17:45:56,28.736516635248844,77.08948569456324,Cybercrime,None,True
2024-10-08,10:27:47,28.64506995964993,77.06845157025437,Cybercrime,None,True
2024-10-10,03:39:33,28.745917793167667,77.17342387275686,Burglary,Rope,False
2023-02-17,11:48:36,28.60349826185003,76.98108113872124,Fraud,None,False
2023-05-30,08:53:27,28.685681108735,77.19041662693964,Vandalism,None,False
2023-06-24,06:22:26,28.650341198170523,77.06878345509264,Robbery,Knife,False
2024-05-24,21:13:55,28.64397753227153,77.05352745628514,Burglary,Knife,False
2023-09-19,00:20:31,28.674858045581935,77.17572838288488,Assault,None,False
2023-03-17,16:04:58,28.65385119733418,77.06102942618497,Cybercrime,None,False
2024-12-07,09:06:20,28.665845028032074,77.17928614158348,Theft,None,False
2024-05-09,03:52:59,28.678229314542754,77.17686275447197,Robbery,Knife,False
2023-10-30,00:47:55,28.621877960443356,77.1268687211492,Murder,Knife,False
2024-09-12,18:05:07,28.756549665711088,77.14743056824629,Cybercrime,None,False
2023-08-24,22:06:09,28.65699616943817,77.12570499373577,Assault,None,False
2024-10-05,03:32:15,28.62961915658503,77.04842536225624,Murder,Knife,False
2023-02-04,21:06:05,28.63225557787476,77.08115528482882,Kidnapping,Rope,False
2023-12-01,15:07:40,28.78720907565598,77.0472535621695,Theft,None,False
2024-01-10,19:19:39,28.789865962320203,77.08650614700366,Vandalism,None,False
2023-09-21,17:32:36,28.702198379209733,77.00224706353623,Cybercrime,None,False
2023-12-13,04:11:35,28.70224868640076,77.073634136108,Burglary,None,False
2023-08-20,14:28:09,28.73637185603381,77.01977690564478,Cybercrime,None,False
2023-01-15,09:37:43,28.67929346514241,77.19782738913003,Fraud,None,False
2024-08-21,13:52:21,28.78301239851543,77.036517117221,Cybercrime,None,False
2024-04-27,00:54:40,28.651001439917113,77.05848779528114,Burglary,Poison,False
2023-08-15,23:34:49,28.726509248181042,77.10375924007819,Robbery,Blunt Object,False
2023-05-24,01:39:03,28.75507676098549,77.14476990216144,Murder,Firearm,False
2024-07-04,04:56:21,28.64434510174259,77.06747998291246,Robbery,Firearm,False
2024-02-29,23:50:41,28.65861143607795,77.07209270826085,Robbery,Knife,False
2023-10-14,01:11:28,28.919418245751157,77.0257652437112,Burglary,Knife,False
2024-01-07,03:37:02,28.65282320636721,77.06433342005738,Murder,Firearm,False
2023-07-14,04:26:51,28.805998029332176,77.02441701714646,Murder,Blunt Object,True
2023-01-22,01:50:29,28.69570278157819,77.09650607354557,Assault,None,False
2023-07-30,02:29:52,28.49171042756902,77.04992449783192,Assault,Blunt Object,False
2023-08-27,11:57:44,28.62818673384463,77.11753937864762,Fraud,None,True
2023-05-14,19:40:07,28.647517559757773,77.08126170839216,Murder,Knife,True
2023-05-15,00:32:27,28.763604238381863,77.14673096344337,Robbery,Knife,False
2023-02-23,04:36:54,28.775115853286515,77.03741919171507,Assault,Blunt Object,True
2024-06-09,21:36:52,28.77089766792979,77.05081458765855,Robbery,Knife,False
2023-02-14,23:59:23,28.82204401207213,77.05558243478954,Burglary,Blunt Object,True
2024-02-16,15:31:12,28.65696865470909,77.19603872374167,Fraud,None,False
2024-03-30,02:40:32,28.69264601547474,77.22628163119735,Assault,None,False
2024-10-01,23:02:58,28.768155723412054,77.02650624977048,Burglary,Rope,False
2024-06-27,10:44:12,28.704152436997184,77.10296980593765,Theft,None,False
2024-11-01,23:41:56,28.74959934528521,77.15872849932347,Assault,Blunt Object,False
2024-02-28,12:20:24,28.633423795706175,77.06107620514979,Cybercrime,None,False
2023-11-17,15:32:16,28.75530295631712,77.15764438834059,Theft,None,False
2024-12-04,17:16:03,28.65121614878089,77.05125357908162,Theft,None,True
2024-01-17,04:44:14,28.738758858292645,77.16527676821899,Burglary,Poison,False
2023-12-29,15:23:55,28.677423140119796,77.17501513463444,Cybercrime,None,True
2024-09-06,11:22:33,28.859215197552253,77.1140674634293,Theft,None,False
2023-08-18,03:56:24,28.685892971840637,77.1831751848141,Robbery,Knife,True
2024-08-10,08:14:03,28.9101747924882,77.27803408424433,Fraud,None,True
2023-01-30,06:34:07,28.78161035851521,77.04221570950956,Murder,Knife,False
2023-12-26,00:13:20,28.768637594958516,77.23936315575324,Robbery,Firearm,False
2023-04-04,19:18:51,28.7444507653942,77.15936051459998,Assault,None,False
2023-11-16,11:48:37,28.794684244868495,77.01491260513578,Fraud,None,True
2023-06-09,05:43:52,28.585774148733424,76.898576782224,Theft,None,True
2024-05-12,22:06:10,28.671405931655553,77.18967542255797,Burglary,Firearm,False
2023-04-27,12:34:02,28.854335705209603,77.10990947804198,Theft,None,False
2024-05-13,19:11:06,28.720386155455714,77.08869898541786,Murder,Firearm,False
2023-02-26,00:16:47,28.533761756064486,77.09694523011035,Robbery,Blunt Object,False
2023-10-24,11:56:47,28.74250654489393,77.09923052519059,Theft,None,False
2023-06-29,04:42:12,28.497355789996014,77.09358799604873,Robbery,Knife,False
2024-03-22,00:40:56,28.74105530499495,77.1591967254883,Burglary,None,False
2024-02-19,23:18:24,28.70776598246097,77.09310120213674,Burglary,None,False
2023-06-25,22:30:18,28.778961330826633,77.02190786478113,Burglary,Rope,False
2023-09-07,15:51:44,28.75347320902727,77.16205142320501,Fraud,None,True
2023-12-14,08:04:01,28.774242739536643,77.03754046515519,Kidnapping,Knife,True
2024-06-27,18:34:00,28.748797423816278,77.14457127167738,Theft,None,False
2023-08-30,03:44:34,28.643029696400458,77.05214757677581,Robbery,Firearm,False
2024-11-02,02:44:36,28.648735069465282,76.98271221074113,Robbery,Knife,False
2024-08-16,16:20:38,28.723747251329165,77.10285263551972,Fraud,None,False
2024-10-04,11:30:36,28.634127449200744,77.12389799107343,Theft,None,True
2023-10-09,21:31:58,28.78297671950309,77.03029030400468,Theft,None,False
2024-04-17,16:27:13,28.790241667000434,77.04007507710048,Theft,None,False
2023-03-20,23:28:17,28.651049885238947,77.04491817593554,Assault,Knife,False
2023-02-12,16:22:27,28.701349483028483,77.07948078835265,Cybercrime,None,False
2024-05-28,05:29:33,28.658948089378015,77.19616874267444,Theft,None,False
2023-03-28,18:22:12,28.800549677135013,77.03000963960444,Fraud,None,True
2024-03-25,19:04:50,28.679865569630557,77.18561250154544,Vandalism,None,False
2024-02-01,14:52:58,28.81488880808455,77.04369574911436,Fraud,None,True
2024-10-24,12:11:03,28.691308240851924,77.00694595593997,Theft,None,True
2023-10-18,09:10:29,28.658035536797424,77.18453463635868,Fraud,None,False
2024-11-10,05:08:57,28.696536492547157,77.08827746290403,Kidnapping,Firearm,False
2023-11-14,20:20:59,28.747634271157576,77.14168451996386,Fraud,None,False
2024-11-17,19:09:55,28.872814163507257,77.19066397569495,Robbery,Knife,False
2024-01-07,11:14:43,28.754020273586836,77.1672994413889,Theft,None,False
2023-07-16,08:14:53,28.674873683076477,77.17388715798673,Burglary,Knife,True
2024-06-03,19:39:08,28.769331240772697,77.15788910043685,Vandalism,None,True
2023-05-15,21:44:42,28.693727538456734,77.10059661321917,Fraud,None,False
2023-06-19,15:56:06,28.695343817466153,77.08867200269036,Theft,None,False
2024-03-30,22:13:51,28.653361775475318,77.0815941664047,Robbery,Knife,False
2023-11-13,17:04:34,28.63011432426181,77.06812969236691,Cybercrime,None,False
2024-03-27,16:48:33,28.697593574308783,77.09762874616236,Fraud,None,False
2023-06-15,07:16:14,28.66817606075761,77.1738600923032,Burglary,Firearm,True
2024-07-21,03:44:06,28.784585216279446,77.0241904988359,Assault,Blunt Object,True
2023-10-07,16:21:33,28.6468045682578,77.06199761890551,Cybercrime,None,False
2023-04-04,08:05:02,28.68020519531336,77.01174363379585,Cybercrime,None,False
2024-02-29,01:56:20,28.646422866943166,77.17803912258258,Robbery,Firearm,False
2024-01-19,08:10:30,28.75419171876244,77.00474447552016,Theft,None,False
2024-10-27,12:12:27,28.714033230542924,77.17763871233718,Fraud,None,False
2024-12-13,05:03:11,28.657405947188785,77.1879336019238,Cybercrime,None,False
2023-01-20,09:19:04,28.747473762410543,77.15820598668593,Theft,None,False
2024-06-24,15:24:36,28.696467408434575,77.08445117899336,Theft,None,False
2023-02-18,08:40:52,28.73782457562117,77.15298084946662,Fraud,None,False
2024-09-03,19:31:01,28.676697225017215,77.17345683374896,Theft,None,False
2023-10-26,15:37:41,28.767959245877737,76.93634799377311,Theft,None,False
2023-07-11,03:07:01,28.673439202013526,77.17038983800238,Burglary,Firearm,True
2024-07-11,18:28:16,28.638916389219784,77.10723986713165,Fraud,None,True
2023-02-14,23:08:38,28.66549586634716,77.17865444455771,Robbery,Firearm,True
2023-12-20,08:46:44,28.764162928092144,77.14673108130478,Robbery,Knife,False
2024-07-13,12:19:34,28.79245692112065,77.02120293145343,Cybercrime,None,False
2024-12-02,16:54:59,28.757080417791528,77.24665686206579,Cybercrime,None,False
2023-03-06,16:39:48,28.61938355499873,77.0545310474453,Theft,None,False
2023-02-12,11:29:25,28.649870721271807,77.06046954613957,Cybercrime,None,False
2024-07-10,17:14:09,28.741214587337133,77.04210148132843,Theft,None,False
2024-11-02,12:05:06,28.75496589787473,77.15094322764608,Theft,None,False
2024-03-26,14:04:38,28.685777820616597,77.18504420843301,Theft,None,False
2024-01-12,18:54:22,28.677476026620752,77.17838123033879,Theft,None,True
2023-03-22,15:40:40,28.65533937759275,77.05924418121805,Fraud,None,False
2023-04-16,02:54:54,28.78804452142378,77.02829015519181,Robbery,Firearm,False
2023-06-20,16:09:43,28.676997748568965,77.20325400798646,Theft,None,True
2023-12-28,22:23:09,28.79121247034317,77.06989764678322,Murder,Firearm,True
2024-01-08,18:40:51,28.68611213922164,77.17841924626978,Cybercrime,None,False
2023-05-27,22:07:15,28.500287546482216,77.00169136890827,Burglary,Blunt Object,True
2024-10-22,13:20:15,28.625392080789744,77.05898486515959,Theft,None,True
2024-01-15,13:32:40,28.674284183791894,77.19926437312276,Theft,None,True
2024-01-11,14:29:31,28.70736927373764,77.10030899471192,Theft,None,False
2023-01-27,06:46:25,28.762394055811836,77.13038864690992,Cybercrime,None,False
2023-05-01,09:31:51,28.727661455810857,77.1795865193887,Fraud,None,False
2023-10-20,17:53:02,28.6893141375422,77.11393754043208,Theft,None,False
2024-04-07,06:17:10,28.73794964074944,77.06097120860993,Cybercrime,None,True
2023-11-24,12:38:57,28.767378186610628,77.32956928578045,Fraud,None,False
2023-06-11,23:13:04,28.72228662550585,77.12732205863004,Robbery,Firearm,False
2023-05-23,08:37:09,28.6395063910046,77.05400155630535,Cybercrime,None,True
2024-01-13,17:01:03,28.712403358165442,77.09393916174092,Cybercrime,None,False
2023-03-09,11:15:39,28.754815662372195,77.14772342553235,Theft,None,False
2024-08-11,02:41:06,28.67888979825746,77.18583662105287,Robbery,Firearm,True
2023-12-19,04:40:21,28.71447539944258,77.09739983601146,Assault,Blunt Object,False
2023-05-13,15:45:04,28.677112506470664,77.00462362842177,Fraud,None,True
2024-06-14,05:34:16,28.65967067399239,77.14023004930449,Murder,Firearm,False
2023-08-19,12:35:53,28.779798861664535,77.01028346758224,Cybercrime,None,False
2023-09-14,07:08:49,28.791060592010567,77.2380637858805,Vandalism,None,False
2024-09-21,19:25:24,28.788234349032237,77.05126795812559,Robbery,Knife,False
2023-06-07,06:13:59,28.696362108008966,77.0900534529669,Kidnapping,Poison,True
2023-01-30,02:57:26,28.526227975109574,77.25210443114892,Robbery,Knife,False
2024-03-02,22:30:16,28.71064365656354,77.1019441532909,Burglary,Blunt Object,False
2024-05-09,08:54:56,28.786899686263197,77.02124510952703,Fraud,None,False
2023-06-11,16:00:19,28.77855751979617,77.15379221181976,Theft,None,False
2023-05-28,11:22:50,28.70519394794605,77.10975766623899,Cybercrime,None,False
2023-12-20,14:31:00,28.75220092317367,77.12488840242791,Theft,None,False
2023-11-23,08:48:05,28.74619525544555,77.15721468357137,Cybercrime,None,True
2023-05-25,03:31:29,28.662920244964752,77.07595420046155,Robbery,Blunt Object,False
2023-12-02,21:01:58,28.660031866266397,77.05738784323569,Kidnapping,Knife,False
2024-04-23,18:09:33,28.694203951797416,77.10124213079901,Cybercrime,None,False
2024-06-01,16:38:50,28.674657249122887,77.19344191518472,Cybercrime,None,False
2023-02-21,10:14:37,28.737175353702852,77.16779550319461,Theft,None,False
2023-04-21,15:41:22,28.752519921014212,77.14823118930053,Theft,None,False
2024-02-17,13:19:24,28.602889562473983,76.93701433281343,Theft,None,True
2024-01-07,20:08:32,28.65233170583962,77.06323317967188,Murder,Firearm,False
2023-10-14,22:41:29,28.575103910025895,76.97299212279364,Burglary,None,False
2024-02-08,13:35:15,28.67052153007099,77.26940215252894,Fraud,None,False
2023-05-28,07:14:50,28.78150408648636,77.01746857046884,Vandalism,None,False
2023-02-09,04:59:21,28.75164256935914,77.14977276430253,Assault,Knife,False
2023-05-24,11:56:27,28.677131133570583,77.10195705133482,Cybercrime,None,False
2023-11-03,21:37:00,28.701790654697913,77.10946206364814,Kidnapping,Poison,False
2023-11-03,17:17:25,28.888995609494536,77.21515650295478,Cybercrime,None,False
2024-03-02,21:15:07,28.751411113094452,77.14143474091259,Murder,Knife,True
2024-11-02,21:03:41,28.809833598032498,77.03309218434016,Assault,Blunt Object,False
2024-01-25,05:22:49,28.70423929291913,77.10225874912891,Assault,None,True
2023-11-18,15:14:50,28.67608084760768,77.18105639588076,Theft,None,False
2024-04-27,02:16:03,28.698363379931198,77.0970314105876,Assault,Blunt Object,False
2024-05-04,19:07:55,28.7008246729784,77.04815752288663,Fraud,None,False
2024-04-15,19:24:38,28.632815421732285,77.1131430227692,Kidnapping,Poison,False
2024-09-16,17:37:42,28.78155022782579,77.04753992988584,Theft,None,False
2023-08-19,10:50:08,28.757590301916068,77.04341506851924,Fraud,None,False
2023-11-21,17:28:08,28.686560851924977,77.16176609767592,Theft,None,False
2024-11-23,19:46:37,28.700673124059197,77.09878559134005,Fraud,None,False
2023-05-30,10:34:30,28.56334883052822,77.02471833124092,Theft,None,True
2024-11-02,09:20:12,28.66299424154534,77.20002270443425,Fraud,None,False
2023-10-05,20:27:44,28.713456783931473,77.11521555094994,Murder,Firearm,False
2023-08-20,23:13:36,28.711316720640433,77.09120948228784,Robbery,Firearm,False
2023-04-13,05:00:18,28.65164797337202,77.15143745612279,Theft,None,False
2024-05-03,23:41:07,28.66187872191108,77.18962998430173,Robbery,Blunt Object,False
2023-04-02,23:44:58,28.75169674601842,77.14875179192451,Burglary,Poison,True
2023-06-29,15:12:53,28.77519599682035,77.1469263311486,Cybercrime,None,False
2023-02-07,14:27:14,28.668003383418093,77.21843298033643,Fraud,None,False
2023-10-24,01:21:50,28.59599366724001,77.16409356069444,Robbery,Knife,True
2023-12-10,10:21:38,28.763410125796838,77.07154535606861,Theft,None,False
2023-05-18,18:21:28,28.736713302224214,76.97738864236148,Theft,None,False
2023-12-05,05:54:58,28.79650270192069,77.08400978635571,Cybercrime,None,False
2023-01-15,12:16:25,28.651827697948097,77.2074009225837,Fraud,None,False
2024-03-13,18:45:38,28.667056563094572,77.16841538703638,Theft,None,False
2023-05-24,17:23:00,28.62853370826476,77.06856009951346,Theft,None,False
2023-08-30,16:15:54,28.661295706475038,77.20004794181985,Fraud,None,False
2023-01-12,09:31:22,28.683280705921163,77.11946456368291,Fraud,None,False
2024-04-21,11:10:13,28.756210174672027,77.1515328688813,Theft,None,False
2024-01-12,22:22:40,28.77865080913191,77.03649136114353,Robbery,Blunt Object,False
2024-01-18,15:08:25,28.703723652975754,77.11353301882018,Fraud,None,False
2024-11-11,07:57:07,28.715522764866204,77.11753017614619,Assault,Blunt Object,True
2024-12-21,13:10:19,28.700463877877862,77.10193054376279,Theft,None,True
2024-06-01,07:21:37,28.70717801768892,77.08539831607344,Vandalism,None,False
2024-03-28,04:13:55,28.69061814577894,77.10993264094023,Burglary,Rope,False
2024-04-01,02:01:32,28.70580865438128,77.10066016663647,Burglary,Poison,False
2024-07-26,16:50:04,28.754284339330656,77.15597581705362,Fraud,None,False
2024-02-10,09:15:52,28.650124031969064,77.02466952745978,Cybercrime,None,False
2024-03-09,12:32:38,28.756058452550977,77.14271627222385,Fraud,None,True
2023-03-12,17:11:15,28.744925275571447,76.93224163957622,Theft,None,False
2024-10-18,23:30:56,28.65439155637326,77.06722597482413,Murder,Firearm,False
2024-01-20,02:55:18,28.676660297343137,77.19232690983947,Burglary,Rope,False
2023-05-02,06:29:52,28.800754744444625,77.04264370065019,Vandalism,None,False
2023-01-04,00:49:39,28.625691257686686,77.04970423033264,Murder,Knife,False
2023-09-11,16:46:15,28.637851814223044,77.0627609105021,Theft,None,False
2023-02-02,15:15:50,28.759276590204692,77.14524256186847,Fraud,None,True
2023-04-14,21:37:29,28.75596766764477,77.14494617067648,Theft,None,False
2023-09-08,01:36:38,28.747984821970082,77.13843338903152,Burglary,Knife,False
2023-02-27,05:06:07,28.61177667538891,76.96733153943838,Vandalism,None,False
2023-11-23,21:01:30,28.69434126747023,77.11303641796609,Kidnapping,Knife,False
2024-11-07,18:58:41,28.609160111116807,77.36573820648374,Theft,None,False
2024-08-28,06:22:35,28.70903317900881,77.10434836123696,Fraud,None,False
2024-10-20,13:52:38,28.775516422198187,77.0395030987941,Fraud,None,False
2023-06-02,10:55:06,28.66834362173762,77.18372009814645,Theft,None,False
2023-11-04,05:15:20,28.66970084538269,77.06153940100275,Cybercrime,None,True
2024-07-24,19:17:47,28.685592733262855,77.17546823574875,Burglary,Blunt Object,False
2024-10-24,02:52:43,28.783750115095028,77.05020800635637,Murder,Blunt Object,True
2023-02-22,09:46:27,28.637830329422123,77.08062448557997,Theft,None,True
2023-07-12,21:23:35,28.774875193545547,77.04625332241058,Vandalism,None,False
2023-11-07,00:33:29,28.790424077390554,77.04222554449628,Robbery,Firearm,True
2024-05-05,08:49:57,28.76628099622172,76.94547752801095,Assault,None,False
2024-01-25,16:58:32,28.77682862824175,77.0300248136445,Fraud,None,False
2024-06-09,18:06:19,28.783355665709,77.03870672097553,Theft,None,False
2023-11-24,07:23:44,28.721870100093327,76.968965564129,Kidnapping,Firearm,False
2023-05-30,00:35:25,28.64790197851006,77.06860585745284,Robbery,Blunt Object,False
2023-12-04,08:22:29,28.64969790447931,77.07330780725555,Fraud,None,False
2023-09-21,17:47:24,28.79243922154549,77.0370918007923,Cybercrime,None,False
2023-06-23,05:05:44,28.783398342885413,77.01589039066485,Vandalism,None,False
2024-10-19,02:08:18,28.708396182191326,77.10457687687163,Burglary,None,True
2024-02-27,05:00:21,28.731257883719536,76.97482514241797,Assault,None,False
2024-04-11,13:35:16,28.69328943459592,77.11303152853334,Theft,None,False
2023-01-07,19:22:38,28.753704448461434,77.15931500697373,Vandalism,None,False
2023-10-09,19:30:20,28.704383183761305,77.10279756139496,Murder,Firearm,False
2023-07-03,03:53:46,28.7979283805976,77.05089552717827,Murder,Knife,False
2023-09-16,12:54:17,28.70506120776941,77.09787724711296,Theft,None,False
2024-04-15,20:34:15,28.669755037725675,77.17940827876532,Assault,Knife,False
2024-10-31,23:39:42,28.756321337716336,77.14771251378338,Assault,None,False
2023-02-27,23:10:59,28.686657561255736,77.1735539269778,Robbery,Firearm,False
2024-10-22,12:03:40,28.685412835583865,77.05852689417259,Fraud,None,True
2023-02-13,08:21:55,28.848797788435373,77.12215547765116,Assault,Knife,False
2024-12-01,10:12:29,28.76441844539469,77.13764439626964,Cybercrime,None,True
2023-01-17,07:32:32,28.78677050265869,77.04139630795625,Burglary,Rope,False
2023-11-03,05:54:52,28.712328398927543,77.20904803750655,Assault,Blunt Object,False
2023-12-06,13:58:31,28.698927115498996,77.11659347440187,Fraud,None,False
2024-12-06,02:51:19,28.933989812361926,77.06621614395604,Burglary,Firearm,True
2023-03-19,12:24:02,28.639644974785995,77.07703384477118,Fraud,None,False
2023-12-01,01:04:43,28.86205721457307,77.05021399728469,Burglary,Blunt Object,False
2024-01-20,15:43:23,28.69989813182904,77.0996821539114,Theft,None,False
2023-10-30,08:58:22,28.690655494889658,77.09331348053516,Robbery,Firearm,False
2024-02-03,11:31:47,28.63405859233248,77.05482202434897,Theft,None,True
2024-03-31,13:06:15,28.78375315112613,77.03484214732538,Fraud,None,True
2024-03-17,16:20:30,28.659605004928142,77.05251645959261,Fraud,None,False
2023-12-29,20:10:42,28.763943223984768,77.15036011155775,Robbery,Knife,False
2023-01-13,10:37:33,28.699153629034758,77.16998194921666,Theft,None,True
2024-07-26,08:50:16,28.59182779784377,77.14074097461841,Vandalism,None,False
2023-05-23,09:47:27,28.645764522082132,77.06742451264009,Theft,None,False
2024-03-21,10:02:50,28.64699168643908,77.08705300139911,Theft,None,False
2024-01-05,09:09:50,28.64032600157487,77.04940030449983,Cybercrime,None,False
2024-04-13,03:53:41,28.637868594735753,77.0569452288084,Robbery,Firearm,False
2024-01-25,11:59:53,28.697726128726934,77.11439016531108,Theft,None,False
2024-10-28,21:38:28,28.846150424798985,77.04542537062505,Burglary,Firearm,False
2024-05-05,11:26:20,28.63577644426896,77.06721415556386,Theft,None,False
2023-10-26,23:02:35,28.648877695571905,77.16579318177556,Burglary,Poison,False
2024-02-07,13:17:23,28.786129230208513,77.01734255885005,Theft,None,False
2023-07-04,20:01:42,28.7195750520133,77.12045877673096,Theft,None,False
2023-08-03,15:57:49,28.64282113095156,77.0637298440064,Fraud,None,True
2024-02-23,18:10:44,28.732686539072493,77.13594567899871,Theft,None,False
2024-03-09,13:43:32,28.65068544272673,77.08260204538766,Theft,None,False
2024-06-02,15:13:47,28.70233052772506,77.09451702755462,Fraud,None,False
2024-07-03,21:37:13,28.566168077198547,77.02940699600582,Robbery,Firearm,False
2023-06-20,23:33:23,28.783768730271262,77.05044557863519,Burglary,Poison,False
2023-12-06,15:40:20,28.652338870096383,77.1248787951639,Theft,None,True
2024-06-15,20:18:57,28.703935771039273,77.11438393273448,Assault,None,False
2024-12-08,18:13:17,28.729369324258737,77.09719131227081,Theft,None,True
2024-03-01,03:07:33,28.779205605574816,77.0429416087707,Robbery,Blunt Object,False
2024-04-11,07:31:54,28.790918914896263,77.05096707325737,Vandalism,None,False
2024-03-24,16:28:23,28.75993928185326,77.14890707909213,Theft,None,False
2023-01-24,12:29:27,28.760006548306926,77.16358703580583,Fraud,None,False
2023-09-07,18:47:12,28.786148218119738,77.15322740311073,Theft,None,False
2024-04-18,08:26:29,28.684766746895892,77.19419295590446,Fraud,None,False
2024-02-10,01:03:46,28.687921589910374,77.1889870988759,Assault,Knife,False
2023-01-05,07:49:13,28.67242881919683,77.18396713686434,Assault,None,True
2023-07-11,13:19:05,28.716165089665083,77.09433064329014,Theft,None,False
2024-06-24,23:16:09,28.677786733088727,77.17856661187673,Robbery,Firearm,False
2023-12-27,16:40:12,28.784387448229346,77.04528451862609,Fraud,None,False
2024-08-27,03:05:08,28.72320990680199,77.10714365481562,Burglary,Firearm,True
2023-07-07,13:35:29,28.7405014385902,77.15996253566027,Fraud,None,False
2024-08-11,13:58:13,28.650554841811413,77.08413254723305,Theft,None,False
2024-07-22,06:04:31,28.641022217650473,77.06469150327663,Cybercrime,None,False
2024-04-06,22:33:07,28.786593836837106,77.04827453279765,Robbery,Firearm,True
2024-01-29,20:26:47,28.643147044676134,77.0652902152577,Vandalism,None,False
2024-03-01,16:09:36,28.680178965097166,77.18436609123157,Theft,None,True
2023-10-27,01:11:25,28.639635663854495,77.06444089992898,Robbery,Knife,False
2024-08-02,18:02:01,28.811463174985978,76.9998484700589,Fraud,None,True
2024-07-10,13:21:25,28.785429696741467,77.02549879185062,Fraud,None,True
2024-03-27,19:53:31,28.823604662892485,76.95018130952162,Assault,Knife,True
2024-10-31,09:00:44,28.64820781527284,77.14022118750646,Theft,None,True
2023-03-31,15:59:09,28.799755240292342,77.03184249738928,Cybercrime,None,True
2023-08-31,07:38:29,28.64858004733068,77.29061570694407,Kidnapping,Rope,False
2023-07-31,07:32:04,28.629619860995838,77.0405119404338,Theft,None,False
2024-07-05,06:07:49,28.708500144500533,77.09747945775648,Kidnapping,Rope,False
2024-06-10,03:28:01,28.773887671828692,77.039583564473,Robbery,Knife,False
2023-10-11,23:52:49,28.72848007137712,77.04609213692633,Robbery,Blunt Object,False
2023-09-11,14:17:52,28.77129695601329,77.04122457328282,Theft,None,False
2024-04-07,02:44:58,28.680602011779587,77.18150824136221,Burglary,None,False
2024-12-12,13:26:14,28.802566369960477,77.02179915233675,Theft,None,False
2023-04-06,16:41:29,28.738844748290752,77.1455809193012,Fraud,None,False
2024-07-01,14:28:49,28.69954139836445,77.12683394493227,Theft,None,False
2024-05-21,09:46:37,28.679976394214368,77.13770553965144,Theft,None,False
2023-05-14,20:36:45,28.691584605758095,77.11693764604074,Cybercrime,None,False
2023-02-19,01:40:21,28.695884882160744,77.21422958315883,Robbery,Knife,False
2024-03-27,16:37:16,28.647527253463778,77.06706753219154,Theft,None,False
2024-10-27,10:59:26,28.649797672802325,77.06697708560017,Theft,None,False
2023-09-14,03:00:03,28.790527227598673,77.04579152530134,Robbery,Blunt Object,False
2024-12-17,08:31:29,28.786065211697014,77.03959003757589,Fraud,None,True
2023-01-02,07:46:13,28.69512643057128,77.24651172154495,Cybercrime,None,True
2024-06-15,16:12:15,28.63733607697941,77.0805094043291,Theft,None,False
2024-03-08,04:48:44,28.700084204935568,76.9594224897882,Burglary,Knife,False
2023-04-16,11:24:31,28.755381044149107,77.14568948342526,Theft,None,False
2024-10-18,05:12:04,28.65250643548989,77.05597376020698,Robbery,Knife,True
2024-03-26,12:47:10,28.639638165667854,77.04360459269054,Fraud,None,False
2024-09-22,16:06:24,28.65886936807509,76.86011206733711,Cybercrime,None,True
2023-05-24,04:29:02,28.545709717651427,77.17854146561443,Burglary,Blunt Object,False
2023-11-19,05:05:27,28.782680015865083,77.1450457561785,Assault,None,True
2024-09-06,22:07:18,28.694430238568707,77.10202288643859,Robbery,Blunt Object,True
2024-11-05,10:58:57,28.703739746090942,76.98666353108075,Theft,None,False
2023-10-30,23:31:34,28.854439830176716,77.19023622905758,Robbery,Blunt Object,False
2023-09-04,18:11:21,28.751890358261704,77.15276885838995,Fraud,None,True
2024-01-05,11:31:20,28.756183828079475,77.13208265131576,Theft,None,False
2024-04-27,02:39:27,28.641628226174795,77.05568015752002,Robbery,Firearm,False
2024-02-12,18:26:42,28.744083799901052,77.14968899707114,Theft,None,False
2023-03-26,23:19:16,28.692076865268493,77.18890842861268,Burglary,Poison,False
2023-03-22,18:36:57,28.77838821010217,77.03822582781358,Cybercrime,None,False
2024-08-23,23:05:38,28.68809355436586,77.19174633682913,Assault,Blunt Object,True
2023-09-02,02:06:29,28.6746963036992,77.17603063222295,Robbery,Blunt Object,True
2023-02-26,11:15:39,28.711082233136135,77.10643485385422,Fraud,None,False
2024-12-19,00:24:47,28.653051932200277,77.06885171801682,Robbery,Blunt Object,False
2023-10-03,04:17:53,28.654595527153194,77.05714764788439,Assault,None,False
2023-09-27,20:59:42,28.767273940656345,77.15447599604693,Robbery,Knife,False
2023-06-20,13:23:13,28.724852608726252,77.09560812181911,Theft,None,True
2024-11-21,04:11:57,28.877696380316525,77.12229107834627,Robbery,Knife,True
2023-01-13,08:54:13,28.638958199638555,77.05411141659458,Theft,None,False
2023-07-03,01:17:15,28.64089652691806,77.06674165946401,Burglary,Rope,False
2024-03-02,11:38:54,28.649328354880357,77.05676299996061,Theft,None,True
2024-05-29,01:55:03,28.75385645407739,77.17392270358613,Robbery,Blunt Object,True
2023-03-12,16:56:00,28.87685431701007,77.14613236696741,Cybercrime,None,False
2024-04-12,00:17:24,28.70448003478168,77.10370031326718,Robbery,Firearm,False
2023-09-06,16:53:27,28.76545179727304,77.00022074348017,Theft,None,False
2023-07-20,19:53:58,28.678362346257664,76.93564159261224,Assault,None,False
2023-12-21,23:09:14,28.708092231226054,77.10897195939704,Assault,Knife,False
2023-11-11,03:47:04,28.669268135377006,77.1982398676329,Robbery,Blunt Object,False
2023-05-26,10:11:17,28.741842343369978,77.1378562511979,Theft,None,False
2024-06-16,15:02:20,28.726545181855997,77.20720983026122,Fraud,None,False
2024-08-17,03:28:47,28.77093927691458,77.14791115737131,Burglary,Rope,False
2023-03-05,15:50:14,28.714886808334313,77.102114915305,Fraud,None,False
2023-11-19,14:18:25,28.78237372700059,77.04133659937489,Fraud,None,False
2023-08-28,02:43:09,28.79062322878413,77.01673607843017,Murder,Firearm,True
2024-04-05,16:58:06,28.65886540349726,77.07630091354147,Theft,None,True
2024-04-07,11:13:30,28.637844372984908,77.06645803533438,Theft,None,True
2024-12-22,21:57:56,28.789040301862826,77.03510673765825,Theft,None,False
2023-12-02,05:24:01,28.64906948461546,77.0353376632062,Robbery,Knife,False
2024-11-24,10:52:49,28.753844459290086,77.1642272901926,Theft,None,False
2024-04-08,20:14:29,28.679536001545944,77.17879385667915,Vandalism,None,False
2023-05-24,04:25:19,28.761816987106485,77.1240145737937,Robbery,Blunt Object,False
2024-01-17,22:56:54,28.68558765700372,77.16510286221222,Murder,Firearm,False
2023-03-18,00:47:37,28.66785590585969,76.99053301053739,Murder,Firearm,False
2023-04-05,12:04:16,28.57463185242791,77.21858267873786,Theft,None,False
2024-03-19,14:22:53,28.699422987986882,77.10596503881732,Theft,None,False
2023-12-29,07:49:03,28.64363079421121,77.06727040827224,Burglary,Firearm,False
2023-02-05,22:21:32,28.644868218910606,77.04967007775811,Burglary,Knife,False
2024-05-05,02:13:12,28.714062668194472,77.0975624341684,Robbery,Firearm,False
2023-09-13,22:57:54,28.688534181013402,77.09821884839035,Murder,Knife,True
2024-12-31,13:04:29,28.85417597906343,77.18752217421135,Theft,None,False
2024-05-29,11:42:33,28.70061347865592,77.09900742295682,Theft,None,False
2023-08-13,01:04:00,28.700883649487828,77.12326747983562,Assault,Blunt Object,True
2024-04-28,19:16:33,28.742293545223156,77.14550416471911,Kidnapping,Poison,False
2023-04-13,09:01:27,28.807128345403186,77.12637891590266,Fraud,None,False
2023-08-13,20:57:37,28.751509578541793,77.15053650150915,Fraud,None,False
2023-06-27,06:24:41,28.696939874058593,77.09877777634902,Assault,Blunt Object,False
2023-01-29,12:48:15,28.776862954363697,77.10769458858074,Cybercrime,None,False
2024-05-19,19:44:17,28.651426400772156,77.06169283419891,Murder,Firearm,True
2024-09-08,07:57:59,28.644886351903164,77.04251799315468,Theft,None,False
2023-07-26,04:45:03,28.713263276747025,77.10596488475899,Robbery,Firearm,False
2024-08-23,05:09:26,28.654080101098597,77.03353744621806,Robbery,Blunt Object,False
2024-01-18,14:24:11,28.912937470478074,77.08854103718448,Fraud,None,False
2023-06-11,15:54:21,28.655181828167375,77.05210094072875,Fraud,None,False
2024-12-25,20:27:39,28.650227739050628,77.05196584436827,Kidnapping,Knife,False
2023-05-11,06:28:12,28.77786231039304,77.05164031353868,Theft,None,False
2024-08-04,01:10:44,28.685031759923667,77.12424328731798,Robbery,Firearm,False
2024-05-23,05:07:14,28.76280067730689,77.15745681887972,Kidnapping,Rope,True
2023-06-21,23:09:46,28.785604189051433,77.03614961002468,Assault,None,False
2023-08-03,09:05:07,28.808134155852382,77.03192381202967,Fraud,None,False
2023-01-02,01:45:10,28.75611099046715,77.16300654396008,Robbery,Knife,False
2024-05-19,13:47:18,28.814652593295797,77.22120303055604,Theft,None,False
2024-08-14,23:42:03,28.680487302220293,77.1710699508727,Assault,None,False
2023-10-29,00:43:51,28.770434315323012,77.14103654606981,Robbery,Blunt Object,True
2023-06-14,02:43:50,28.67712635465239,77.17495724149981,Burglary,None,False
2024-05-09,01:07:42,28.70345861653407,77.10578762410304,Burglary,Rope,False
2023-06-10,01:56:59,28.677313572154503,77.18671920754235,Robbery,Firearm,False
2024-07-07,09:39:28,28.720237112690587,77.10703534301514,Fraud,None,False
2024-02-07,20:49:03,28.751658433647094,77.1621408716829,Vandalism,None,False
2023-01-04,15:34:07,28.795994704889246,77.02022392184864,Theft,None,False
2023-07-31,06:13:11,28.7600740006985,77.15951172742311,Murder,Blunt Object,False
2023-11-12,14:28:16,28.674343649664003,77.24007068133116,Theft,None,False
2024-02-01,06:43:52,28.702599444129675,77.10375576453472,Kidnapping,Blunt Object,False
2023-09-27,16:00:37,28.75236928175716,77.15265579047582,Theft,None,False
2024-07-31,02:14:39,28.59447249131048,76.95849491174057,Robbery,Knife,True
2024-07-08,15:04:22,28.80004505063225,77.02403038651683,Cybercrime,None,False
2024-06-19,15:14:30,28.664186076505437,77.16096609886397,Cybercrime,None,False
2024-05-02,10:52:51,28.637710382523107,77.04926910206592,Theft,None,True
2024-08-08,22:35:00,28.720520151601363,77.11259817089343,Robbery,Blunt Object,False
2023-08-05,07:01:00,28.637218496548225,77.08502435805345,Burglary,None,False
2023-07-26,22:50:11,28.683917654869916,77.17925168616492,Robbery,Knife,False
2023-03-10,03:10:06,28.454159428512643,77.33159425725908,Robbery,Firearm,False
2024-06-16,16:40:51,28.56514275332364,76.93796012530431,Cybercrime,None,True
2024-09-30,21:23:34,28.806357043200965,77.34647524063394,Vandalism,None,False
2023-06-01,20:37:44,28.657942728185105,77.06813909120052,Robbery,Blunt Object,True
2024-07-02,12:31:11,28.76357543416653,77.18784155587804,Cybercrime,None,False
2024-08-08,22:10:17,28.681689285897868,77.1853119142397,Burglary,Knife,False
2024-09-15,14:37:34,28.70514201103952,77.10187406872102,Theft,None,False
2024-05-01,09:46:43,28.746560354111335,77.14969324923133,Cybercrime,None,True
2023-11-15,10:12:25,28.767170431858045,77.03151660373207,Cybercrime,None,True
2023-08-22,04:53:34,28.605240889284907,76.99214106827843,Robbery,Knife,False
2024-09-11,23:30:14,28.675898941511534,77.19642002286345,Robbery,Knife,False
2024-06-12,13:36:49,28.795931660600232,76.94544993963768,Cybercrime,None,False
2024-02-18,04:56:19,28.6942037186343,77.1119077118799,Assault,Blunt Object,True
2023-03-01,09:05:01,28.63427512606462,77.06025366850002,Theft,None,True
2024-12-22,07:14:57,28.759105209902454,77.00566555451364,Murder,Firearm,False
2024-11-28,01:06:45,28.75515375506146,77.13915974505082,Robbery,Knife,False
2024-08-23,20:04:24,28.668086323560487,77.18569781934143,Kidnapping,Firearm,False
2023-09-22,03:17:27,28.544800626646833,77.14654747379605,Robbery,Firearm,False
2023-08-08,08:03:32,28.70213622010733,77.15774899544172,Assault,Blunt Object,False
2023-01-21,00:19:26,28.706339141340646,77.11614140429974,Burglary,Knife,False
2023-08-18,09:11:21,28.75535224502648,77.14820594458875,Fraud,None,False
2024-12-27,23:24:05,28.716329750303228,77.15682980290364,Robbery,Blunt Object,False
2024-04-22,11:00:02,28.64458860070326,77.06290591691204,Fraud,None,False
2024-06-07,13:37:31,28.747080083121933,77.14587099082449,Fraud,None,False
2024-05-08,02:19:27,28.740073947282003,77.16999576743187,Robbery,Firearm,False
2023-09-25,23:53:18,28.579713676460873,77.03320948022042,Assault,Knife,False
2023-09-04,02:04:01,28.696915927344307,77.11144924376946,Assault,Knife,False
2023-01-27,23:51:44,28.64115050321708,77.07497742072674,Burglary,Firearm,False
2024-02-19,14:08:11,28.636750937575613,77.13039941622239,Fraud,None,False
2024-12-03,19:27:55,28.635746529467404,77.08395149127773,Cybercrime,None,False
2024-11-04,20:19:30,28.632224015809708,77.06559820710227,Burglary,Firearm,True
2024-07-26,06:39:55,28.79043776880932,77.03663799097453,Kidnapping,Rope,True
2023-11-11,15:18:32,28.642247123411224,77.06120179300267,Fraud,None,False
2023-10-29,16:53:06,28.704538114719792,77.10102997998372,Cybercrime,None,False
2024-08-17,22:35:50,28.71373879116795,77.12460523001592,Robbery,Blunt Object,True
2024-01-26,19:17:26,28.648350821499218,76.9655197020421,Murder,Knife,False
2023-12-17,14:53:53,28.64321717951649,77.08829709337654,Cybercrime,None,False
2023-03-24,17:45:08,28.636063254320305,77.07889116805444,Theft,None,False
2023-01-05,16:27:31,28.770877008140765,77.14696411758293,Theft,None,False
2024-05-16,03:12:19,28.649789830791853,77.07878396623128,Robbery,Knife,False
2024-01-28,00:10:11,28.670308722590125,77.18046419639899,Robbery,Firearm,False
2023-11-26,19:20:03,28.645931908605135,77.00102432693072,Assault,None,True
2023-08-20,12:32:14,28.637607224549342,77.05026059733238,Theft,None,True
2023-11-10,06:04:51,28.704440834682593,77.09480026768942,Robbery,Blunt Object,False
2024-04-11,18:56:35,28.727478591179075,76.94691043537965,Fraud,None,False
2023-12-17,17:50:48,28.647408802322147,77.07083528961608,Theft,None,False
2023-01-20,08:18:59,28.654162643574285,77.18624056569848,Assault,Blunt Object,False
2024-08-26,18:22:23,28.766376689924734,77.14040358981309,Theft,None,False
2023-02-08,13:39:37,28.87135723868377,77.14440190093661,Cybercrime,None,False
2024-09-30,01:46:08,28.63359881442416,77.09692309223423,Burglary,None,True
2023-02-19,04:12:56,28.75968326912522,77.15326005391412,Burglary,Blunt Object,True
2024-12-19,05:34:30,28.679487559924464,77.17329326406922,Assault,Blunt Object,True
2024-11-09,18:56:37,28.755793608240364,77.13836285503095,Theft,None,False
2024-06-07,22:29:22,28.752987739386516,77.14346092358535,Robbery,Firearm,True
2023-07-24,09:34:31,28.696744700574104,77.1148609317521,Cybercrime,None,False
2023-10-30,05:50:20,28.685013101205943,77.18859138120908,Theft,None,False
2024-12-05,17:30:01,28.59486872353274,77.07085915503053,Theft,None,True
2023-04-24,20:54:15,28.766230976999793,77.1539171691364,Cybercrime,None,False
2024-06-07,02:43:56,28.93603295399817,77.14183178393944,Assault,None,False
2023-10-31,09:36:59,28.6760204911649,77.17940883535798,Theft,None,True
2023-02-10,10:34:45,28.717454090478228,77.08725301636196,Theft,None,False
2023-04-08,01:40:14,28.761181086766886,77.16206702316795,Robbery,Firearm,False
2024-09-28,09:46:07,28.66624010539492,77.16918767046442,Cybercrime,None,True
2023-07-07,04:08:40,28.765737946268967,77.03757991326914,Burglary,Blunt Object,False
2024-12-07,17:24:44,28.593763339382612,76.88721094070476,Fraud,None,False
2023-06-13,03:46:33,28.75798578604531,77.17742999517434,Burglary,Poison,False
2024-11-25,15:57:10,28.703492908846012,77.18634907744517,Theft,None,False
2024-09-18,01:02:57,28.712282935854756,77.09261103468089,Assault,Knife,False
2023-04-26,14:58:27,28.683290764829877,77.17959725455812,Theft,None,True
2023-01-13,19:06:28,28.786773923140718,77.03571697806197,Assault,Knife,False
2023-04-08,15:45:34,28.69741909546357,77.11242042349537,Fraud,None,False
2023-06-02,20:19:43,28.672350402433047,77.17494254840507,Theft,None,True
2024-06-01,17:05:10,28.649465098435705,77.05351532018209,Cybercrime,None,False
2023-11-25,08:46:14,28.674381811573692,77.18240881003356,Kidnapping,Firearm,True
2024-10-20,13:47:08,28.714958955658314,77.1072469823288,Theft,None,False
2024-08-09,16:18:53,28.67384973041255,77.190677662992,Theft,None,False
2024-05-24,23:47:18,28.768002075490173,77.15807810306352,Robbery,Knife,True
2023-04-04,21:59:54,28.754203526198435,77.13938163767651,Murder,Blunt Object,False
2023-12-16,13:13:44,28.663448863369247,77.17944775295646,Cybercrime,None,False
2023-12-06,20:23:40,28.643148779784074,77.08380286970146,Cybercrime,None,False
2023-04-27,03:32:51,28.70976499248971,77.15546927543568,Assault,None,False
2024-07-14,19:00:17,28.783395012219408,77.03736501643827,Kidnapping,Rope,True
2024-05-19,05:06:48,28.644744744148102,77.04274533433646,Fraud,None,True
2023-07-12,04:23:46,28.634706646061815,77.06105912444278,Murder,Firearm,False
2023-07-15,12:18:13,28.58313052571589,77.16249287299962,Theft,None,False
2023-05-07,16:24:08,28.71940750832344,77.11468761851698,Theft,None,False
2023-01-05,19:18:35,28.682755712906978,77.251572613685,Theft,None,False
2024-05-09,18:30:28,28.718966745720213,77.06879140288821,Fraud,None,False
2023-05-12,03:46:13,28.637965973364594,77.05947530313512,Robbery,Knife,False
2024-03-04,22:10:22,28.670218231814587,77.18420416222376,Murder,Knife,False
2023-10-29,16:29:15,28.785705739810496,77.03253046020154,Cybercrime,None,False
2023-11-03,19:56:42,28.708469381697466,77.11440646274787,Kidnapping,Rope,False
2023-10-25,12:34:18,28.713595541354415,77.0876510203155,Cybercrime,None,False
2024-10-27,06:28:26,28.448707886509805,77.19593199112393,Vandalism,None,False
2023-12-27,20:28:19,28.56741213015846,77.08002345981073,Cybercrime,None,False
2023-10-20,15:22:43,28.692398869739407,77.08448019562421,Cybercrime,None,True
2023-02-24,02:03:39,28.64951462728205,77.07009155160303,Robbery,Knife,False
2024-11-30,09:07:21,28.64644895992733,76.84339577078552,Theft,None,True
2023-07-28,19:42:12,28.778637555517474,77.03641804005404,Theft,None,False
2023-04-15,22:25:54,28.556208843122587,77.12083599197793,Assault,Blunt Object,False
2024-07-28,14:09:32,28.7025690150827,77.16042914996011,Theft,None,False
2024-01-26,14:06:37,28.75529580368414,77.14276931059119,Theft,None,False
2023-02-25,00:28:19,28.82375715016645,77.08664704269731,Assault,None,False
2024-10-10,23:34:46,28.70136954604901,77.00917320409269,Robbery,Knife,False
2023-07-18,10:42:38,28.65977177488085,77.01401972859732,Theft,None,True
2024-06-10,04:20:43,28.64237053940077,77.07961708480143,Robbery,Knife,False
2023-09-19,00:12:19,28.690380988570688,77.08636438602124,Robbery,Knife,False
2024-09-03,01:51:05,28.798811703274936,77.0304067632285,Assault,Blunt Object,False
2024-07-17,13:02:14,28.697409272613402,77.11289904687396,Theft,None,False
2024-06-17,02:28:56,28.638043844602635,77.08076009713547,Assault,None,False
2023-08-07,12:05:00,28.650879258713395,77.05762088591854,Theft,None,False
2024-06-27,17:17:20,28.725673082132655,77.09644285076998,Cybercrime,None,True
2024-04-01,08:45:02,28.79152095372009,77.03549292580408,Assault,Knife,False
2024-01-31,09:20:31,28.767117412893988,77.16811511196727,Fraud,None,False
2024-01-19,18:43:31,28.704420041490657,77.09496582129654,Cybercrime,None,False
2024-10-29,07:00:32,28.78869972142939,77.02572284630249,Kidnapping,Poison,True
2023-06-21,19:35:13,28.905438724752663,77.11615353310827,Vandalism,None,True
2024-11-17,22:55:11,28.64044678448688,77.06434680305865,Assault,Knife,False
2023-07-30,19:34:44,28.569387371047032,77.00533859614895,Fraud,None,True
2023-06-07,00:51:53,28.82414139079444,77.03681057210287,Burglary,Firearm,True
2023-07-02,09:10:18,28.743630890173183,77.15786652752527,Fraud,None,False
2024-02-22,14:07:40,28.822670415466302,77.1743953310665,Theft,None,False
2024-02-03,04:18:26,28.76406047685806,77.1449320491143,Burglary,Rope,True
2024-08-22,01:39:25,28.561918933325817,77.25263336519555,Assault,None,True
2024-09-13,03:08:58,28.780873201611577,77.02999166983547,Robbery,Blunt Object,False
2024-04-30,05:41:29,28.767381941418492,77.15806230009402,Vandalism,None,False
2024-07-12,10:44:23,28.678658877720814,77.20415002344902,Cybercrime,None,False
2023-01-12,20:09:11,28.7776648176962,77.04177840128082,Vandalism,None,False
2024-08-09,21:43:24,28.75467013124897,77.15518592278863,Fraud,None,True
2023-08-05,15:01:27,28.799384684264123,77.03757835756291,Cybercrime,None,False
2024-09-23,09:12:07,28.649482960790497,77.0732250733731,Theft,None,False
2023-02-25,19:58:59,28.70045047270457,77.09410790332662,Cybercrime,None,True
2023-09-14,03:34:31,28.743651908059793,77.13283643410624,Robbery,Knife,False
2023-04-13,10:22:53,28.664662071299404,77.05146791634279,Fraud,None,False
2023-12-03,22:26:25,28.67188746376414,77.17973186700111,Burglary,Rope,False
2023-11-20,15:35:39,28.78717406697809,77.04065737212541,Theft,None,False
2024-12-30,23:19:55,28.6527047348836,77.05666922561431,Burglary,Firearm,False
2024-05-06,16:51:06,28.782428782862134,77.03532579950489,Theft,None,False
2023-06-29,23:30:13,28.751613088738164,77.16857345576021,Burglary,Firearm,False
2023-07-21,09:35:02,28.753197495163825,77.17598777860499,Fraud,None,True
2023-01-20,18:27:56,28.77038812686674,77.21984738574854,Fraud,None,False
2023-08-06,01:20:04,28.72220215587037,76.97281680520442,Burglary,Poison,False
2024-01-10,14:17:25,28.648096879517528,77.05598643106208,Theft,None,False
2024-06-06,03:17:49,28.698813833182502,77.10836364018756,Robbery,Knife,False
2024-09-20,06:02:17,28.827928307143363,77.10462715767362,Vandalism,None,False
2024-08-02,20:36:02,28.647188330125992,77.07952214944635,Burglary,Rope,False
2023-02-11,07:58:01,28.728175317948857,77.36266831141805,Cybercrime,None,False
2023-08-28,01:33:30,28.789755096456314,77.01489237240845,Burglary,Poison,False
2023-02-17,01:27:10,28.681633416211046,77.18631158384883,Murder,Firearm,False
2023-09-27,21:04:02,28.833075275408277,77.169818135127,Vandalism,None,False
2024-01-10,21:23:48,28.67271544016016,77.17025701763711,Robbery,Knife,False
2023-08-17,18:48:01,28.683197674271398,77.01744795457908,Theft,None,False
2024-09-10,00:14:24,28.66829476550195,77.18838578404421,Burglary,Knife,False
2024-06-10,23:25:41,28.770799045043514,77.15644671529823,Robbery,Firearm,False
2024-11-07,08:23:11,28.74214116937965,77.1569460266822,Fraud,None,False
2024-05-08,17:25:59,28.823763148664565,77.04152170956807,Theft,None,False
2023-01-23,08:52:18,28.67275982833327,77.18264688194729,Theft,None,False
2023-05-18,22:55:15,28.636251016869178,77.06898280433843,Burglary,Poison,False
2023-07-04,18:48:37,28.78289051851392,77.03669532443908,Cybercrime,None,True
2024-11-08,10:19:12,28.61535078221979,77.05875416996767,Cybercrime,None,False
2024-05-08,06:12:36,28.681323813578278,77.17877166847909,Assault,Knife,False
2023-07-06,22:41:25,28.876796385123342,77.06253638143855,Burglary,Firearm,False
2023-12-17,16:30:37,28.726568472575188,77.19575908318731,Fraud,None,True
2023-05-16,03:57:10,28.65991634267067,77.16489191188019,Robbery,Knife,False
2024-09-12,03:30:22,28.551534368542992,77.22875841034272,Robbery,Blunt Object,True
2024-06-28,18:19:32,28.648914185410757,77.35831992856683,Fraud,None,True
2024-09-09,19:38:05,28.63845752401343,77.06434551303197,Theft,None,False
2023-02-14,19:17:24,28.799521099525677,77.0525609288816,Fraud,None,False
2024-05-08,13:52:49,28.91025035766364,77.22333662305932,Theft,None,True
2024-05-03,08:27:55,28.794340625258112,77.03842526949202,Robbery,Firearm,False
2024-12-27,00:15:32,28.761883610761668,77.14698814283672,Burglary,None,True
2024-12-05,11:30:05,28.635918011165778,77.06246625542589,Theft,None,True
2023-09-17,09:30:49,28.70239815377475,77.09796771950673,Cybercrime,None,False
2023-10-10,14:28:15,28.71106387447457,77.11205305208571,Fraud,None,False
2024-05-09,06:30:25,28.70498406886292,77.11727530081056,Kidnapping,Poison,False
2024-08-14,12:32:15,28.772683108858665,77.03056340540722,Fraud,None,False
2024-11-06,04:20:08,28.63241776793972,76.9158463382927,Assault,None,False
2024-02-15,12:19:19,28.703273193141573,77.10128252491617,Cybercrime,None,True
2023-04-04,05:17:28,28.76923449743242,77.15880811684555,Cybercrime,None,False
2023-08-16,13:30:06,28.773858131756707,77.05104092566336,Theft,None,True
2024-02-15,22:21:13,28.826203369552534,77.16070977034687,Burglary,Firearm,True
2023-06-29,23:18:44,28.681451590115017,77.00655607632766,Burglary,None,False
2024-06-14,10:24:47,28.666879322392894,77.21137486197043,Theft,None,False
2024-01-04,08:42:39,28.77294586305935,77.16793243528272,Theft,None,False
2024-02-14,12:51:25,28.779211505782136,77.02130382566712,Fraud,None,False
2023-01-16,02:29:53,28.705508862469113,77.08481560634438,Murder,Knife,False
2023-08-20,22:04:37,28.787331677141847,77.03102397413703,Murder,Knife,False
2023-06-29,14:49:23,28.779439634981316,77.01655296932735,Fraud,None,True
2023-04-30,18:41:17,28.789236001065696,77.0271729916034,Cybercrime,None,False
2024-07-30,17:36:30,28.662400831642895,77.15377737786719,Fraud,None,False
2024-04-14,16:46:27,28.701348509494938,77.27972515966698,Cybercrime,None,True
2023-03-11,13:55:57,28.800712592145477,77.02792903743415,Fraud,None,False
2023-11-20,15:00:57,28.638077879396384,77.06718774256075,Cybercrime,None,True
2023-09-27,09:02:19,28.604261456081172,77.13267918998196,Theft,None,False
2023-03-19,20:11:26,28.791760802783845,77.04476933223886,Burglary,Blunt Object,False
2023-10-03,06:39:17,28.7030984592352,77.10046326249824,Assault,None,False
2023-09-29,07:31:42,28.635320174132435,77.0542311964596,Assault,None,False
2023-12-31,05:40:46,28.681452110809847,77.13923655068163,Robbery,Firearm,True
2024-09-20,00:14:28,28.68323584626233,77.1744682104932,Assault,Blunt Object,True
2024-01-16,22:35:52,28.85336885689595,77.07538763989575,Robbery,Blunt Object,False
2023-10-14,14:29:10,28.703886327056516,77.09502788320853,Theft,None,False
2024-05-04,19:41:19,28.64985759739727,77.19134045396362,Theft,None,False
2024-04-13,04:22:56,28.651468438970927,77.05968672442881,Burglary,Blunt Object,False
2024-11-21,07:40:23,28.75476990717225,77.15765939217704,Fraud,None,True
2023-09-23,06:48:50,28.688474541431134,77.09720947322654,Vandalism,None,False
2024-09-19,12:29:30,28.68204264679622,77.16995710576832,Theft,None,False
2024-12-18,13:33:19,28.677035579321664,77.16893418195377,Theft,None,False
2024-08-08,04:46:28,28.648764299824336,77.06214358517703,Murder,Knife,True
2023-08-30,20:13:09,28.54258681840945,77.21897393544572,Fraud,None,False
2024-04-29,00:21:16,28.63675408423202,77.05439747562986,Robbery,Knife,False
2023-11-04,09:08:15,28.724156919723093,77.21736373494288,Fraud,None,True
2023-03-03,07:50:41,28.63394178181022,77.06311679849848,Murder,Knife,True
2023-09-24,13:08:32,28.788388165003305,77.03943105607264,Theft,None,False
2023-05-05,12:46:58,28.67586441555277,77.17882972160918,Cybercrime,None,False
2023-06-28,10:21:44,28.695824097793512,77.10336143883048,Theft,None,False
2024-04-02,02:51:17,28.59688609880144,76.81036495165054,Robbery,Firearm,False
2024-10-17,12:17:02,28.747755980415768,77.19289348410862,Theft,None,False
2023-03-15,02:52:49,28.467806756445817,77.001526929529,Robbery,Firearm,False
2024-09-11,23:28:14,28.79029154261005,77.05307495469712,Robbery,Blunt Object,False
2024-06-17,16:23:40,28.70617937076754,77.02969970587709,Theft,None,False
2023-05-09,08:32:33,28.685810355889515,77.23998764191482,Murder,Blunt Object,True
2023-04-16,03:28:44,28.667640358208754,77.1745080799335,Robbery,Blunt Object,True
2024-06-20,03:01:51,28.66927256477818,77.17296671391742,Robbery,Knife,True
2023-11-13,08:21:02,28.675326703159946,77.1987467845847,Assault,Blunt Object,False
2024-06-23,06:12:41,28.64733079273116,77.05997646497873,Theft,None,True
2024-05-02,17:00:35,28.781181887310844,77.01686809191304,Cybercrime,None,False
2024-12-15,19:38:05,28.65293109777147,77.06172162802987,Burglary,Poison,False
2024-03-21,19:03:30,28.702295200864093,77.13443107567845,Vandalism,None,False
2024-05-08,19:38:55,28.733975290836568,77.02732089499048,Assault,Knife,False
2023-09-24,05:40:10,28.669836424037943,77.19398445709197,Murder,Firearm,False
2024-07-01,00:18:10,28.675232704105376,77.16811722021683,Burglary,Blunt Object,False
2023-10-27,21:44:10,28.68329228934575,77.17581855914462,Assault,Blunt Object,False
2024-03-23,14:22:20,28.722832977762177,77.11330048065716,Theft,None,False
2023-08-14,09:34:29,28.659367810434127,77.23060163617352,Theft,None,False
2024-12-11,09:53:53,28.704778555105275,77.11102773675123,Theft,None,False
2023-07-06,04:58:27,28.758947328172948,77.1440364334501,Robbery,Knife,False
2024-05-18,06:50:13,28.697664501676826,77.11279960817582,Kidnapping,None,False
2023-01-23,06:46:11,28.700752246678935,77.09846351536758,Robbery,Firearm,False
2023-01-09,08:28:34,28.608587742065065,77.14485990655935,Robbery,Firearm,False
2023-11-16,18:08:45,28.69472524919243,77.17182467085746,Cybercrime,None,False
2023-12-05,02:55:15,28.75434219456673,77.16662220555416,Assault,Knife,True
2023-03-15,19:46:37,28.673303586087542,77.1870237179625,Cybercrime,None,False
2024-01-26,00:27:33,28.77347606471853,77.03678307097209,Robbery,Knife,False
2023-09-11,01:13:12,28.672228557349953,77.1923572999568,Robbery,Knife,True
2024-04-29,14:10:03,28.655973860515648,77.08839563642019,Fraud,None,False
2023-06-12,22:54:25,28.762063317321356,77.13507963165823,Assault,Blunt Object,True
2023-07-23,13:07:21,28.786043843015772,77.0289683370719,Cybercrime,None,False
2023-08-30,23:02:36,28.73794838434617,77.07295985898611,Burglary,None,False
2024-08-21,04:21:22,28.72094609762696,77.2342597535608,Robbery,Firearm,True
2024-12-05,21:42:26,28.664034574347202,77.1938987856113,Burglary,Firearm,True
2023-04-04,22:31:27,28.687271150673396,77.18131931473009,Robbery,Blunt Object,True
2024-12-19,19:31:40,28.622881451009917,77.05642178012906,Robbery,Firearm,False
2024-10-22,12:38:43,28.71706994546561,77.10227131937702,Cybercrime,None,False
2023-01-22,13:45:14,28.604169776770508,77.05202250787718,Theft,None,False
2024-05-11,15:55:44,28.762506200265047,77.15796733568202,Fraud,None,False
2024-07-10,12:39:29,28.641710679008305,77.05883175588185,Theft,None,False
2024-07-21,05:50:16,28.700182418509563,77.09327589815503,Robbery,Knife,False
2024-07-08,13:21:58,28.800253756894694,77.0292767953079,Theft,None,False
2023-01-20,22:33:49,28.82581585208255,77.25463160519224,Assault,Blunt Object,False
2024-11-05,19:37:22,28.76408310898148,77.14818379687283,Fraud,None,False
2024-07-18,05:36:42,28.678137300903366,77.1822580439361,Murder,Firearm,False
2024-11-05,02:25:39,28.6950629813927,77.10574359281722,Robbery,Blunt Object,False
2023-07-26,03:53:51,28.58619602088402,77.22126793884617,Burglary,None,True
2024-11-04,17:50:13,28.669453827027017,77.18451159655874,Fraud,None,False
2024-09-12,02:34:49,28.646932878715464,77.05991095026296,Robbery,Blunt Object,False
2023-03-23,17:02:29,28.762769380147528,77.05500963433775,Cybercrime,None,True
2024-01-13,02:07:21,28.68281297297457,77.16904020319754,Assault,None,True
2023-11-08,02:50:15,28.716737957954642,77.29639289990584,Murder,Blunt Object,True
2024-06-28,14:01:46,28.634096686753946,77.05572255029475,Theft,None,False
2024-07-25,20:19:16,28.649239078496592,77.0642958178194,Fraud,None,True
2024-08-13,13:01:58,28.739163009927356,77.15141871301478,Fraud,None,False
2023-06-20,06:34:04,28.76757214685618,77.21346998419563,Vandalism,None,False
2024-06-30,21:50:32,28.648198186569285,77.06008742345381,Cybercrime,None,False
2024-07-17,11:49:13,28.771357370120274,77.29248819348953,Cybercrime,None,False
2024-03-16,11:46:35,28.690836625361744,77.00504706953294,Fraud,None,False
2023-09-18,13:06:27,28.71517080669287,77.10129618836046,Cybercrime,None,False
2023-01-01,01:15:43,28.486833045398598,77.18724216771506,Murder,Knife,False
2023-11-06,00:14:20,28.650567181404607,77.09344667176958,Robbery,Firearm,False
2024-07-20,18:36:53,28.78741980330569,77.0344049967978,Fraud,None,False
2023-12-31,05:41:01,28.681194518171388,77.1781451362943,Burglary,Firearm,False
2023-09-13,08:28:59,28.75541057981761,77.07654533224161,Murder,Blunt Object,True
2023-08-11,02:48:38,28.711488104808875,77.10865367484014,Assault,Blunt Object,False
2023-04-08,21:40:18,28.694745612979556,77.11335982116175,Murder,Firearm,False
2023-12-09,12:40:03,28.748740365548862,77.16058057798281,Cybercrime,None,False
2023-08-21,23:46:01,28.757772873134016,77.17088183676796,Assault,Knife,False
2023-02-12,11:37:33,28.701865340176283,77.09900683203882,Fraud,None,False
2023-06-06,01:50:21,28.643905803941124,77.05946820217166,Burglary,Blunt Object,False
2024-08-12,18:22:35,28.784094190194207,76.94086893915635,Theft,None,False
2023-06-01,04:48:46,28.663563175808537,77.17182197078421,Robbery,Knife,True
2023-03-29,14:30:35,28.793603075919734,77.04960613372583,Fraud,None,False
2024-05-07,20:21:48,28.693655078146254,77.085617827681,Assault,None,False
2023-09-10,08:49:20,28.70480052163113,77.11411878302609,Robbery,Firearm,False
2023-04-02,04:05:49,28.694826468658096,77.10488368982736,Burglary,Blunt Object,False
2023-12-19,21:37:20,28.793851976297823,77.03751094169941,Theft,None,False
2024-09-23,16:06:01,28.785995816165986,77.04251046092568,Fraud,None,False
2023-07-24,13:36:37,28.617067677070008,77.0692787531953,Theft,None,True
2023-09-06,22:36:36,28.747559243168727,77.13419367103144,Murder,Blunt Object,False
2023-11-09,16:23:10,28.75921202599525,77.16623658545163,Theft,None,False
2023-08-05,07:25:12,28.702725514853725,77.11202874547203,Vandalism,None,False
2023-05-25,00:40:10,28.72022278257989,77.11564914453585,Robbery,Blunt Object,True
2023-10-18,07:18:25,28.770499645293715,77.15992127491072,Murder,Firearm,True
2024-11-09,13:06:54,28.784854336389014,77.01648034188104,Cybercrime,None,True
2023-08-25,13:51:39,28.6716393751187,77.17406753404684,Fraud,None,True
2024-05-11,21:44:23,28.921194271749783,77.08491141875677,Vandalism,None,True
2024-04-13,20:24:50,28.705332048067845,77.10801485376041,Theft,None,True
2023-11-09,12:08:41,28.704536024463724,77.11945051040432,Theft,None,False
2023-12-30,22:45:50,28.777873506382655,77.03444607455239,Robbery,Blunt Object,False
2024-10-02,09:22:54,28.629852941430194,76.97049774887793,Cybercrime,None,True
2023-10-14,08:12:47,28.642923090909473,77.09879632029516,Burglary,Firearm,False
2024-01-27,18:57:31,28.74980697775483,77.14557579020126,Cybercrime,None,False
2023-06-06,15:31:37,28.690036825363283,77.10166894427373,Cybercrime,None,False
2023-07-31,23:45:20,28.629052796259693,77.0701005596369,Robbery,Knife,False
2023-11-13,19:04:16,28.71234397529345,76.95674485005351,Burglary,Blunt Object,False
2023-06-11,11:33:34,28.701007909229503,77.0949784359441,Theft,None,True
2023-01-31,11:36:11,28.647291745104194,77.07590450446023,Cybercrime,None,False
2023-11-07,16:07:45,28.516582753035426,77.11400260791474,Fraud,None,False
2023-04-20,04:47:21,28.642498672044336,77.06921340076451,Robbery,Knife,False
2023-08-25,21:42:46,28.706231966282377,77.09498030668261,Assault,None,True
2023-05-18,18:17:20,28.670909460643333,77.17453974143197,Cybercrime,None,False
2024-01-18,06:41:54,28.81170071385986,77.1046311648672,Fraud,None,False
2023-07-17,08:14:18,28.66311190685753,77.06189339186186,Theft,None,False
2023-01-16,09:49:30,28.633259323308955,76.95112856073872,Cybercrime,None,False
2023-07-27,07:26:52,28.523786032374407,76.94408640569945,Robbery,Firearm,False
2024-05-16,11:49:44,28.730812665101148,77.153372502323,Cybercrime,None,False
2024-09-14,13:50:56,28.73828809297968,77.16145038314076,Fraud,None,False
2024-08-31,19:31:15,28.699269389483167,77.10396793011986,Vandalism,None,True
2024-04-12,01:32:39,28.690222206282552,77.19146839315866,Assault,None,False
2023-02-10,20:18:18,28.677246935209418,77.01338077745848,Fraud,None,True
2024-02-12,11:05:18,28.652581845986706,77.17530846680758,Fraud,None,False
2023-10-29,22:19:24,28.671988697611724,77.1726282047285,Murder,Knife,False
2023-04-03,18:13:42,28.672787430329077,77.18326851882959,Theft,None,False
2024-04-06,00:54:25,28.781851440181917,77.02599997419178,Robbery,Knife,False
2023-04-03,09:06:18,28.720965467196674,77.14669406495695,Theft,None,False
2023-05-07,03:19:12,28.595060092255714,77.24359323797464,Robbery,Knife,False
2024-06-07,22:17:05,28.673114118677155,77.18268849622946,Murder,Firearm,False
2023-12-10,20:35:20,28.651182144232568,77.06483216131264,Burglary,Knife,False
2024-03-05,11:12:58,28.763631366339133,77.15537124165202,Theft,None,False
2023-05-01,04:47:25,28.637975626253596,77.06611503525207,Murder,Firearm,False
2024-05-25,19:47:17,28.66266273792679,77.18358559705777,Theft,None,False
2024-11-06,17:19:12,28.703767700093557,77.10041883142728,Theft,None,False
2023-01-07,08:54:35,28.70281462488561,77.08368150954503,Vandalism,None,False
2023-08-01,01:46:51,28.698612750922592,77.10342844901142,Robbery,Firearm,False
2024-11-14,21:02:51,28.755698563919974,77.14222324859074,Murder,Firearm,True
2023-07-02,05:52:26,28.686757078408647,77.17383825151786,Murder,Knife,False
2024-08-15,13:06:50,28.801045720052674,77.14521943618718,Cybercrime,None,True
2023-11-27,13:25:09,28.63947726901562,77.28003108926096,Cybercrime,None,True
2024-07-17,02:21:49,28.58473631682435,77.194415417361,Robbery,Firearm,False
2024-06-21,07:38:24,28.684105823180428,77.17579379790924,Assault,Blunt Object,True
2023-03-31,17:36:34,28.718024653000644,77.09999953485402,Fraud,None,False
2023-09-23,19:07:44,28.7869869362928,77.03510321838773,Kidnapping,Knife,False
2024-05-19,06:33:00,28.672756912585292,77.1906080827316,Assault,Blunt Object,False
2024-04-21,22:46:20,28.762034887205523,77.13501468026762,Assault,Blunt Object,False
2024-02-29,15:04:29,28.834534024287816,76.93625080119644,Theft,None,False
2023-01-12,23:19:27,28.654425462043417,77.07376705136828,Robbery,Firearm,True
2024-07-17,11:47:37,28.69319033569785,77.09839185712046,Fraud,None,True
2024-02-10,20:42:49,28.77304295331514,77.03035078969712,Theft,None,False
2024-11-19,17:26:37,28.78101965715814,77.04029660532271,Cybercrime,None,True
2023-06-09,22:50:08,28.687203087461196,77.1964568381079,Burglary,Poison,False
2023-02-27,18:58:18,28.668478319734216,77.18040778126256,Theft,None,False
2023-08-02,21:01:20,28.737265618077792,77.14444129933504,Kidnapping,Firearm,True
2023-10-15,01:08:05,28.800585163309748,77.26405828235482,Robbery,Firearm,False
2023-07-11,21:40:12,28.6617565112812,77.17657535740848,Robbery,Blunt Object,False
2023-11-19,01:09:05,28.701459424304108,77.13051611588196,Robbery,Firearm,False
2023-08-10,19:07:05,28.776003964800783,77.03674061044465,Murder,Firearm,False
2023-07-26,03:22:17,28.65671606529291,77.10105477291218,Burglary,None,False
2023-06-07,06:55:31,28.75872842480037,77.1031422269811,Kidnapping,Blunt Object,False
2023-05-27,03:34:38,28.660461410947345,77.09153901960742,Assault,Knife,False
2024-04-15,14:06:41,28.753216370407948,77.14879988970118,Fraud,None,True
2024-12-04,21:38:14,28.75151203937333,77.16848647170505,Robbery,Firearm,True
2023-01-24,21:01:41,28.78970919447941,77.02954519681973,Murder,Knife,False
2023-10-21,10:04:21,28.651069544045107,77.05916180510243,Fraud,None,False
2023-06-02,05:44:03,28.795831246375865,77.036196421922,Murder,Firearm,True
2024-07-16,11:35:44,28.783026978559956,77.03697716925812,Theft,None,False
2023-03-14,11:20:12,28.628391238479317,77.0512323253109,Fraud,None,False
2023-05-14,01:03:20,28.742160749936012,77.15392943094764,Burglary,Rope,True
2023-03-30,15:31:37,28.77142514999485,77.17481300146193,Theft,None,False
2023-12-07,07:12:51,28.790480511014405,77.03750844474946,Vandalism,None,True
2024-04-21,20:40:21,28.523994226584726,77.04823262002661,Burglary,None,False
2024-12-01,23:27:45,28.776222162480916,77.02629152401751,Assault,None,False
2023-05-28,22:27:43,28.687285618141523,77.0552909422303,Robbery,Firearm,False
2023-11-29,16:30:12,28.764307001896242,77.03997910256119,Theft,None,True
2024-05-05,16:47:35,28.7733725697426,77.03489246864112,Cybercrime,None,False
2024-09-10,20:55:24,28.911508266974998,77.01056154084137,Burglary,Poison,True
2023-11-30,20:14:55,28.728797124772537,77.1496399577812,Robbery,Knife,False
2023-09-02,22:36:19,28.685109596349985,77.2020834745422,Robbery,Firearm,False
2023-08-02,21:30:59,28.771804504055474,77.03746699223238,Fraud,None,False
2024-07-11,08:35:53,28.779446895432198,77.03144051645697,Burglary,Rope,True
2024-12-29,20:54:20,28.968534334701705,76.95220296716049,Cybercrime,None,True
2023-11-30,20:12:36,28.676637396614947,77.18717693171766,Robbery,Blunt Object,False
2023-03-13,21:46:55,28.684957863249394,77.18347983153471,Robbery,Knife,False
2023-04-03,07:55:22,28.75718050539504,77.14858351432578,Burglary,Poison,True
2024-11-07,05:25:58,28.731012694124512,77.06818077245026,Cybercrime,None,False
2024-04-02,07:07:26,28.71031571889856,77.09880389663957,Assault,Blunt Object,False
2024-03-21,12:32:03,28.78787100393902,77.03220737186317,Cybercrime,None,True
2024-02-18,04:38:38,28.71536050250772,77.10198606276413,Assault,None,True
2024-01-03,03:59:38,28.68636967531793,77.11511921500714,Assault,Knife,False
2024-02-08,22:45:48,28.695042676991374,77.09596233661352,Robbery,Firearm,False
2024-11-09,06:18:49,28.638143387059568,77.07624438093171,Cybercrime,None,False
2024-01-04,15:11:27,28.652743257860212,77.21387748533661,Theft,None,False
2024-10-25,00:34:18,28.76466056809066,77.1547323891413,Robbery,Blunt Object,False
2023-05-20,03:04:57,28.698610599938373,77.13105540748577,Robbery,Blunt Object,False
2024-12-13,22:00:23,28.756212242837933,77.16702155859501,Murder,Knife,False
2024-04-05,14:00:25,28.709656044660036,77.10339580681256,Theft,None,False
2024-08-14,18:08:14,28.75212661579693,77.15098726716347,Cybercrime,None,False
2023-10-03,14:57:29,28.684609171964734,77.21587700968671,Cybercrime,None,False
2024-08-04,17:35:42,28.76003556722281,77.12309611365336,Fraud,None,True
2023-05-26,19:09:57,28.760659007765298,77.15444736194719,Murder,Knife,True
2023-04-01,08:55:42,28.70391291243554,77.09861481546912,Cybercrime,None,True
2024-08-16,11:22:39,28.71534112719986,77.11197526462124,Fraud,None,False
2024-04-25,16:31:51,28.746371223321766,77.15657052287125,Fraud,None,False
2024-03-07,12:50:57,28.774383432654584,77.01870381835212,Cybercrime,None,False
2024-12-12,21:45:33,28.747832827754102,77.16112393472383,Murder,Knife,False
2024-08-15,06:09:21,28.68363125045376,77.18763085420098,Theft,None,False
2024-10-01,00:59:38,28.7766095786848,77.1541178287115,Robbery,Firearm,True
2023-10-12,09:10:36,28.639951840477707,77.1456922544674,Theft,None,False
2023-01-15,04:03:41,28.792104095252274,77.04004291329815,Burglary,Poison,False
2023-06-29,09:30:42,28.795989133714745,77.03958303847202,Fraud,None,False
2023-02-03,12:28:57,28.707614482075417,77.11320150238318,Cybercrime,None,False
2024-05-22,15:02:05,28.64383478740751,77.05368125348772,Fraud,None,False
2023-08-04,21:02:07,28.642469330360566,77.05505097355193,Kidnapping,None,False
2023-04-29,01:54:44,28.636582172502564,77.08804813292845,Robbery,Firearm,False
2023-08-28,13:49:41,28.69617580079,77.09942038470362,Fraud,None,False
2024-06-27,15:49:41,28.625163853330463,77.06463293707372,Theft,None,False
2024-06-26,01:29:36,28.78411205475362,77.02432911368933,Robbery,Knife,False
2024-03-18,22:13:37,28.77002456684324,77.19625701376266,Murder,Blunt Object,False
2023-09-19,23:49:26,28.738024401356313,77.14487275221434,Burglary,Blunt Object,False
2024-08-25,07:05:49,28.62718576502127,77.00850968988912,Vandalism,None,False
2023-11-17,19:56:16,28.65239474841932,77.06056173861228,Theft,None,True
2023-01-13,14:58:23,28.67764851586894,76.90211376355933,Theft,None,True
2023-08-13,10:18:52,28.790454180302092,77.02010741605147,Theft,None,True
2023-02-28,21:37:54,28.754699326302664,77.15527376937959,Assault,Knife,True
2023-05-03,03:08:42,28.840165859583866,76.9716179600881,Assault,None,False
2024-12-13,06:42:31,28.402148784417918,77.12088495447537,Murder,Firearm,True
2024-03-13,11:46:29,28.802105111815106,77.0448894635294,Theft,None,True
2024-01-27,14:08:53,28.756196594152748,77.14758363814369,Theft,None,True
2023-07-02,16:02:27,28.79217122596637,77.02276453800297,Theft,None,False
2024-10-22,17:54:54,28.648863577693565,77.06755470159166,Theft,None,False
2024-03-28,09:25:47,28.76470209907499,77.18009660038912,Theft,None,True
2024-04-01,00:40:59,28.788024159671785,77.02741036374294,Assault,None,True
2024-11-11,14:13:01,28.701542568780802,76.9255924095111,Theft,None,False
2024-08-11,00:08:05,28.634628686891094,77.0615717561887,Burglary,Blunt Object,False
2024-07-07,08:13:22,28.748859116020654,77.15402354872035,Theft,None,False
2024-05-08,04:24:46,28.62185800676178,77.21460306673245,Burglary,Firearm,False
2023-02-26,23:01:13,28.67410207064918,77.18240699678861,Murder,Knife,False
2023-03-24,16:44:05,28.78082105283487,77.0340519068386,Fraud,None,False
2024-07-21,01:25:55,28.652350982646677,77.05382869784289,Murder,Knife,False
2024-10-07,13:04:49,28.747518835109247,77.14946273971223,Theft,None,False
2023-05-24,01:17:59,28.56951290765268,77.02057421402786,Robbery,Knife,False
2024-07-07,23:25:32,28.749337791264555,77.16124389180713,Robbery,Knife,False
2023-01-17,01:20:55,28.730356132900194,77.12185899113676,Robbery,Firearm,True
2024-10-31,19:02:46,28.652608979621682,77.061126282116,Cybercrime,None,False
2023-08-27,02:37:21,28.743146484992888,77.09217782470675,Robbery,Firearm,True
2023-02-16,08:50:08,28.706753623493995,77.09667241342389,Burglary,None,False
2023-04-10,16:36:33,28.759711828417235,77.03115720837815,Fraud,None,True
2023-04-19,04:09:25,28.846374813609994,77.19512154022416,Burglary,Poison,False
2024-03-12,12:16:56,28.653753974845912,77.07486130721806,Cybercrime,None,False
2024-07-12,05:00:00,28.704986575909615,77.10447315707407,Kidnapping,Knife,True
2023-03-06,04:23:46,28.777923481045654,77.02933927143974,Robbery,Knife,False
2023-06-18,15:58:16,28.71025771149771,77.1145388443717,Theft,None,True
2024-01-21,05:44:37,28.70270553724319,77.09799810735149,Theft,None,False
2023-07-03,03:14:43,28.75410527958857,77.1585120674893,Assault,Blunt Object,False
2024-12-09,04:37:12,28.659661451838662,77.15953819046864,Robbery,Knife,False
2024-09-17,01:22:11,28.638594631505086,77.05029287574087,Burglary,Rope,False
2024-10-04,10:57:58,28.74901859802353,77.15102219681182,Theft,None,True
2023-05-01,19:18:14,28.63956751590977,77.0770246753447,Robbery,Knife,False
2023-10-11,01:55:55,28.647367447646026,77.06550474359611,Robbery,Knife,False
2024-11-17,01:34:11,28.650322071440435,77.05111166882219,Robbery,Firearm,False
2024-09-23,16:29:54,28.794491117874202,77.03174235713466,Theft,None,True
2023-06-30,05:45:15,28.771148061724123,76.99531427669599,Theft,None,False
2023-08-29,16:11:43,28.738562412339842,77.16067889658025,Fraud,None,False
2023-08-24,04:00:35,28.787864095260975,77.02347948445644,Robbery,Firearm,False
2024-01-20,08:02:02,28.61713369187253,77.21504347844149,Robbery,Knife,False
2023-05-29,07:52:13,28.662205881071326,77.19892672953256,Cybercrime,None,False
2024-04-13,07:04:08,28.635093792653525,77.06888391925608,Kidnapping,Firearm,False
2024-12-09,20:42:16,28.750813815242513,77.15853187431082,Theft,None,False
2024-04-14,15:13:37,28.66865885997886,77.18087207093929,Theft,None,False
2024-09-10,05:42:30,28.784509191753955,77.02247812544219,Burglary,Poison,False
2024-05-15,07:52:49,28.7115082434542,77.0973678643353,Cybercrime,None,False
2023-09-10,09:01:23,28.6718140008466,77.17255650625393,Theft,None,False
2024-08-28,05:25:25,28.44786663412047,77.08339722374,Theft,None,False
2023-02-11,17:08:09,28.945361542161294,77.1809604287898,Fraud,None,True
2024-05-05,03:34:04,28.673907396202654,77.17987109170792,Burglary,Knife,True
2024-12-10,14:48:16,28.754324658928123,77.15797119115176,Cybercrime,None,False
2024-10-25,03:18:12,28.632291871846913,77.07364321694669,Robbery,Knife,False
2024-08-07,21:15:01,28.775638131544124,77.1743185725708,Theft,None,False
2024-12-21,14:45:31,28.6484847573881,77.06269616657694,Theft,None,False
2024-10-04,02:34:26,28.76082861235967,77.15841814133742,Robbery,Knife,True
2024-12-15,22:18:01,28.78055959289059,77.02676398227105,Burglary,Knife,True
2023-02-26,18:44:27,28.78511856295262,77.04799020151496,Cybercrime,None,False
2023-04-24,13:56:34,28.58018929243461,76.95574747342476,Theft,None,True
2024-10-25,20:20:41,28.645747608412368,77.06300887701856,Robbery,Knife,False
2023-09-02,19:38:50,28.7858334166437,77.03493953197909,Robbery,Knife,False
2023-08-19,11:40:03,28.68177977453652,77.25148634386021,Theft,None,False
2023-10-11,01:58:58,28.658090960215233,77.1742150297522,Robbery,Firearm,False
2024-04-26,19:21:57,28.75306745239851,77.13606811188846,Vandalism,None,False
2024-11-20,02:23:21,28.782341455955677,77.04911470165729,Robbery,Blunt Object,True
2023-10-23,02:48:05,28.644308864882962,77.06480700905719,Robbery,Firearm,False
2024-06-17,22:50:18,28.631498352348277,77.05633638591961,Robbery,Knife,False
2024-03-30,23:28:20,28.67034803619676,77.17932284903245,Robbery,Firearm,True
2023-08-26,18:55:07,28.832264379500376,77.15826910607252,Fraud,None,False
2024-05-12,21:36:12,28.77298542043063,77.03496504778434,Vandalism,None,False
2023-05-16,11:09:32,28.70908221748497,77.11390149038522,Theft,None,False
2023-10-23,01:43:22,28.799905406865683,77.02234905808173,Robbery,Firearm,False
2024-12-29,19:29:25,28.635991424887898,77.04992422141085,Murder,Firearm,False
2024-12-10,05:35:17,28.6806980140893,77.14913583744465,Burglary,Knife,True
2024-08-11,04:36:17,28.793973345165888,77.03174048976359,Burglary,Firearm,False
2024-11-12,11:32:22,28.750901524767453,77.1540175799225,Cybercrime,None,False
2023-06-16,19:25:45,28.6957485709837,77.12339538721696,Murder,Firearm,True
2023-05-29,16:40:36,28.658023389728818,77.18434740578896,Cybercrime,None,False
2024-06-03,12:03:41,28.724336062192297,77.10256799844561,Fraud,None,False
2024-08-10,05:21:18,28.782199609649982,77.02892554577191,Cybercrime,None,False
2023-02-11,05:04:34,28.672296083182374,77.19622848474677,Vandalism,None,True
2024-09-24,08:01:23,28.651981380886703,77.19783433701296,Cybercrime,None,False
2024-09-14,23:20:58,28.7398604284755,77.14983347670766,Robbery,Knife,False
2024-07-05,16:13:07,28.749807555797016,77.15838553269771,Fraud,None,True
2024-02-08,07:04:46,28.544287564811626,77.1487172666082,Cybercrime,None,False
2023-02-27,13:08:45,28.724343096232868,77.08886825995408,Theft,None,False
2023-01-13,10:21:49,28.785997061676103,77.02588017822205,Theft,None,False
2024-07-28,03:11:21,28.746688720619304,77.10441477774158,Robbery,Blunt Object,False
2023-10-23,05:57:48,28.63995130909557,77.15128722848712,Fraud,None,False
2024-09-04,03:08:02,28.722143481097866,77.10059096208273,Robbery,Firearm,False
2024-01-20,03:13:13,28.711297579421483,77.0895672704213,Robbery,Knife,False
2024-04-18,20:40:37,28.69453563623182,77.10722406277881,Burglary,Knife,False
2023-10-24,20:09:56,28.852511602853596,77.13806133487857,Cybercrime,None,True
2023-11-06,21:18:24,28.672794196947684,77.10242914054234,Murder,Knife,False
2023-06-07,09:33:49,28.741595922660302,77.15854515326356,Theft,None,False
2024-03-03,06:31:50,28.792923330623232,77.02797909667169,Cybercrime,None,False
2024-05-19,02:25:45,28.779399578522405,77.03515878229653,Burglary,Firearm,False
2024-10-05,17:19:55,28.779732802639593,77.03183867385376,Cybercrime,None,True
2023-01-18,09:26:58,28.725097217891665,77.10002974299255,Theft,None,True
2024-12-10,04:55:59,28.670516598479786,77.17602458194365,Robbery,Firearm,False
2023-02-19,10:33:12,28.791541919714998,77.03068775826783,Theft,None,True
2023-04-07,21:48:00,28.637606269616786,77.07571304032273,Burglary,Poison,False
2024-12-02,10:57:42,28.846060300451363,77.04245764342613,Theft,None,False
2023-12-27,05:13:57,28.685434600486396,77.11257513689837,Theft,None,False
2024-05-11,15:00:00,28.7772537017424,77.04040625599164,Theft,None,False
2024-05-30,08:03:01,28.624398961822884,77.07142597338299,Assault,Blunt Object,True
2023-04-30,04:46:40,28.741988280707194,77.15980764119067,Murder,Knife,False
2024-03-28,21:45:35,28.644242730678364,77.05296060580604,Vandalism,None,False
2023-01-30,04:19:04,28.78002963687073,77.03936318456958,Robbery,Blunt Object,False
2023-05-09,07:38:24,28.78515894453115,77.03834412980474,Burglary,None,False
2023-03-21,00:41:04,28.773864405845156,77.13685758388289,Assault,Blunt Object,True
2024-11-06,18:41:42,28.77027212574969,77.15354355937524,Fraud,None,False
2023-02-14,02:24:43,28.775112159516766,77.01919686374262,Robbery,Firearm,True
2024-09-08,07:28:42,28.685187960922296,77.19466501119246,Assault,None,False
2023-10-12,21:06:29,28.642824508796227,77.07761154930247,Kidnapping,Firearm,False
2024-09-19,08:48:16,28.558982430994845,77.1012911052154,Vandalism,None,True
2023-01-15,19:15:15,28.691576065555868,77.10613631882626,Assault,Blunt Object,False
2023-01-05,03:35:34,28.712968873900973,77.09829238206319,Murder,Blunt Object,False
2023-07-09,16:00:27,28.67805786143373,77.10448948146797,Fraud,None,True
2024-01-24,15:26:26,28.788467385517333,77.03654294754963,Theft,None,False
2023-05-07,16:57:46,28.79645782191822,77.02178946320352,Theft,None,False
2024-12-22,10:29:44,28.790902161054504,77.04442507512479,Fraud,None,True
2023-04-29,14:00:34,28.656314124159934,77.18569651825919,Theft,None,False
2023-08-20,20:10:02,28.66905820168992,77.18168477326898,Fraud,None,False
2024-03-14,06:52:24,28.738867648353835,77.05377714358865,Robbery,Blunt Object,False
2024-01-12,06:31:40,28.636529192083838,77.1059152417488,Theft,None,False
2024-03-24,19:01:46,28.66322754061137,77.17164174871115,Robbery,Firearm,False
2023-04-15,06:08:34,28.710893732829565,77.09101205964842,Robbery,Firearm,False
2024-02-18,04:28:10,28.71076312500909,77.10712591292855,Robbery,Knife,False
2024-08-30,09:56:19,28.686841932712095,77.09572435347665,Fraud,None,False
2024-02-19,17:38:28,28.716041094030473,77.09268834468861,Fraud,None,False
2023-04-21,04:26:55,28.657659573769063,77.1487060893252,Robbery,Knife,False
2023-03-11,18:08:11,28.761933905092828,77.14998461113956,Fraud,None,False
2023-06-06,11:01:22,28.778124898053083,77.046723698617,Fraud,None,True
2024-11-07,18:55:50,28.877989966379758,77.20038580507818,Fraud,None,False
2024-05-17,18:22:44,28.67495318142565,77.1744173427836,Theft,None,False
2024-07-07,19:54:06,28.621055559344345,77.15475141052659,Theft,None,True
2023-05-02,13:58:03,28.745939822088868,77.24265985929465,Theft,None,False
2023-02-03,06:26:22,28.760604500925364,77.13746919698241,Vandalism,None,False
2023-06-18,17:53:39,28.809294761772293,77.00269393726856,Theft,None,False
2024-05-14,03:58:56,28.665702872804765,77.12752002062517,Burglary,Blunt Object,False
2024-06-02,02:01:45,28.664056674897843,77.09359918556005,Robbery,Knife,False
2023-10-19,11:40:06,28.79016723059136,77.03066803381282,Theft,None,True
2023-12-24,21:15:41,28.789445056484805,77.04137655425875,Theft,None,False
2023-12-20,13:00:40,28.670893323744426,77.20045211355912,Theft,None,True
2023-08-29,23:35:45,28.646400707591916,77.06747743089092,Robbery,Firearm,True
2023-04-28,12:17:29,28.770692425205446,77.14465866106146,Theft,None,False
2024-08-04,18:44:30,28.682489405004695,77.17632746813453,Cybercrime,None,False
2024-08-25,00:48:34,28.668516982460538,77.17149845767028,Murder,Firearm,False
2024-05-15,03:38:34,28.758495012306202,77.16028936503513,Burglary,Knife,False
2023-06-20,22:23:06,28.78867772866152,77.0492449243335,Robbery,Blunt Object,False
2024-07-02,07:47:39,28.75404403981171,77.15918741655592,Murder,Firearm,False
2024-02-16,08:13:27,28.594929912386068,77.06379002975257,Robbery,Knife,True
2023-03-10,20:37:22,28.791055377575656,77.04099102110744,Vandalism,None,False
2023-03-20,23:43:18,28.781160330523356,77.03178400748143,Assault,Blunt Object,False
2023-11-17,07:17:04,28.688921262533192,77.09892970799194,Fraud,None,False
2024-04-09,19:56:10,28.7130038316352,77.10825205016107,Burglary,None,False
2024-11-07,17:00:49,28.649106657213814,77.06299773687181,Theft,None,False
2024-10-03,02:10:48,28.704806315862818,77.03646788605266,Burglary,Firearm,False
2024-12-02,10:55:57,28.65108828420203,77.0667097294439,Cybercrime,None,False
2024-10-11,07:24:40,28.75902018847993,77.14723965157333,Fraud,None,False
2024-10-23,05:50:48,28.488765708012878,77.21221527117538,Murder,Knife,False
2023-06-03,06:59:14,28.749311625439915,77.14387224235958,Theft,None,False
2023-11-14,16:53:58,28.7734478911914,77.0632987360081,Theft,None,False
2023-07-26,05:48:07,28.764699363840467,77.15867005949578,Murder,Firearm,False
2023-10-12,23:58:53,28.772456932320047,76.96590442887995,Burglary,Rope,True
2024-05-12,00:43:29,28.82529439853864,77.12862505312339,Robbery,Blunt Object,False
2024-02-21,13:13:56,28.75040722860754,77.15393388467342,Fraud,None,True
2023-08-30,04:04:31,28.62633764767102,77.06658652811481,Burglary,Poison,True
2024-06-21,09:10:04,28.69380628491818,77.08897329714156,Theft,None,True
2023-11-17,11:59:20,28.738876408137823,77.1636268837499,Cybercrime,None,False
2023-08-30,15:23:46,28.64117366063072,77.25587277099166,Theft,None,True
2024-03-26,14:52:06,28.778741985369475,77.01542642042408,Theft,None,True
2024-12-17,04:06:46,28.772934755600513,77.04485811620009,Robbery,Knife,False
2023-05-29,13:12:58,28.688510182206333,77.04767127035095,Theft,None,False
2023-01-22,23:29:53,28.720101822585278,77.15267827361676,Murder,Knife,True
2023-09-17,20:07:27,28.655273988159028,77.07698499229893,Fraud,None,False
2024-12-02,04:26:37,28.780502313542108,77.01923952313919,Burglary,Knife,False
2023-09-19,10:57:18,28.669965348388768,77.18510280506584,Theft,None,False
2024-03-25,22:59:12,28.634462410737896,77.05292849085104,Robbery,Blunt Object,False
2023-10-08,02:54:58,28.73847878815499,77.09763476484297,Assault,Knife,False
2023-12-07,15:22:40,28.70737969954116,77.02665046653,Cybercrime,None,True
2024-12-16,09:30:05,28.681059928579423,77.01007668557318,Fraud,None,False
2023-12-01,16:30:09,28.713001984111248,77.11285249334725,Fraud,None,True
2024-10-07,16:08:37,28.62563812137762,77.05320489139808,Fraud,None,False
2024-10-05,11:07:28,28.6291347074491,77.05599976065594,Theft,None,True
2024-06-12,23:38:09,28.6432656203021,77.04800354780302,Assault,Knife,False
2023-11-24,16:26:17,28.611914018687468,77.00210426279186,Theft,None,False
2023-12-02,10:15:35,28.706172673293988,77.10319344337037,Theft,None,False
2024-01-22,20:46:02,28.666882624466627,77.18426820872139,Assault,None,True
2024-10-24,22:16:56,28.649431991541274,77.0753344889674,Burglary,None,False
2023-02-20,14:36:04,28.660834520902988,77.07590461051791,Fraud,None,False
2023-06-24,20:39:09,28.771104187630723,77.04079732417881,Robbery,Firearm,False
2024-04-09,17:59:29,28.78523965544916,76.98767367112474,Theft,None,False
2023-10-22,17:59:31,28.792287776437547,77.04787931918413,Theft,None,False
2024-09-06,07:50:54,28.59184551937556,77.01074971789858,Murder,Knife,False
2023-05-30,01:02:51,28.684276614668434,77.18521495310826,Robbery,Firearm,False
2024-01-14,21:13:22,28.75924762752395,77.13655892164006,Cybercrime,None,True
2023-11-28,14:28:28,28.648006959209283,77.04923527871689,Fraud,None,False
2024-09-03,09:19:44,28.808831770662145,77.21945899924279,Theft,None,True
2024-04-27,12:53:59,28.64180609255932,77.06206523050186,Cybercrime,None,True
2024-09-26,13:52:10,28.688788924974443,77.10764254756019,Theft,None,False
2024-07-26,01:29:50,28.64982057441714,77.06187808983,Burglary,Firearm,False
2024-04-24,04:48:10,28.795343533598704,77.02915922769022,Robbery,Knife,False
2023-11-17,01:36:28,28.759746059258937,77.14230335661308,Murder,Knife,False
2024-03-16,10:18:03,28.701744784912577,77.08506457420972,Cybercrime,None,False
2024-06-13,11:23:46,28.786353079220408,77.02880473071168,Theft,None,False
2023-06-04,20:13:53,28.67278527404328,77.19076047171443,Cybercrime,None,True
2023-08-24,06:40:04,28.749732357627618,77.13643422899261,Theft,None,False
2024-03-22,04:13:27,28.691595839042055,77.19631454078691,Murder,Blunt Object,True
2024-05-11,16:39:59,28.691177373048944,77.10939707805245,Theft,None,False
2023-07-28,10:20:39,28.749070252294487,77.15513487215331,Theft,None,False
2023-10-07,20:30:25,28.73352241290135,77.07905921996837,Assault,Blunt Object,True
2023-07-04,15:09:40,28.696262343344138,77.09559458947685,Cybercrime,None,False
2024-11-24,03:26:00,28.612480808451878,77.01931777917696,Assault,None,True
2023-04-19,11:46:46,28.703428217099507,77.0953424001089,Theft,None,True
2024-04-09,22:52:39,28.680920520657125,77.19737246155336,Murder,Knife,True
2024-11-02,22:39:34,28.7482994675863,77.15489404500536,Murder,Firearm,False
2024-10-21,10:18:07,28.75909685110303,77.1572200227092,Theft,None,True
2024-07-14,21:55:43,28.71169552679161,77.17676824183597,Fraud,None,True
2023-09-03,14:31:26,28.648922489526807,77.05012337577672,Theft,None,False
2023-10-19,23:33:45,28.682791560643892,77.19137290837267,Assault,Blunt Object,True
2023-11-14,21:58:23,28.666467138958215,77.18287937835449,Burglary,Firearm,True
2024-06-08,07:16:37,28.772432899281107,77.08156861804207,Cybercrime,None,False
2024-05-02,09:46:30,28.8113978047766,77.33888724946195,Fraud,None,False
2024-01-13,22:21:00,28.66624013967365,77.16868955396846,Robbery,Knife,True
2024-04-19,08:09:50,28.787138185956046,77.03971562505127,Burglary,Blunt Object,True
2023-03-23,17:23:21,28.671791336261553,77.19703260663321,Theft,None,False
2023-09-12,19:02:42,28.770713942002764,77.03942918623034,Fraud,None,False
2023-03-20,01:38:30,28.69804139179241,77.11969377906208,Burglary,Poison,False
2024-11-07,20:41:51,28.69402515353168,77.17483343412218,Murder,Firearm,True
2023-01-17,04:08:53,28.649144286409143,77.18845878869799,Assault,None,False
2023-02-16,03:01:57,28.66538693502105,77.09795887820678,Burglary,Rope,False
2024-11-17,16:22:55,28.674353884205424,77.16330326843803,Fraud,None,False
2023-08-05,06:44:19,28.64396162253906,77.05560272225935,Robbery,Knife,False
2023-04-19,15:47:38,28.654787717760023,77.2468632003469,Fraud,None,True
2023-06-25,23:52:37,28.74153493105721,77.16063205186748,Burglary,Rope,False
2024-09-08,17:43:15,28.67620370696682,77.07452398315043,Theft,None,False
2023-11-06,03:11:26,28.682003718960516,77.1859005129457,Robbery,Firearm,True
2024-12-13,06:51:10,28.761161299721955,77.1993184660533,Theft,None,False
2024-10-27,08:48:10,28.640786916168167,77.05637763265493,Fraud,None,False
2023-06-01,17:15:26,28.66324849473442,77.17424589470022,Theft,None,True
2024-12-20,16:12:41,28.67359094425309,77.07494679580736,Cybercrime,None,False
2024-08-22,08:50:01,28.660589256337918,77.16927542043257,Assault,None,False
2023-04-16,22:57:09,28.758918660617187,77.15797264797378,Assault,None,False
2024-08-15,21:41:37,28.758988383531737,77.07700442064464,Vandalism,None,False
2024-05-12,18:41:26,28.67284545739997,77.1857787952416,Fraud,None,False
2024-06-24,00:41:32,28.754958930062934,77.13030699627252,Burglary,Firearm,True
2024-04-29,04:15:27,28.671802003694246,77.1739859356574,Burglary,Rope,False
2023-01-22,05:52:26,28.675852114189084,77.21235259002604,Murder,Knife,False
2024-06-03,07:59:56,28.647774816654746,77.05936470313827,Kidnapping,Poison,False
2024-12-29,14:12:46,28.79331801501977,77.03732687887211,Cybercrime,None,False
2023-06-15,22:38:26,28.746109449045186,77.16318505932158,Robbery,Knife,True
2023-06-27,07:15:46,28.664665435648295,77.05119111564674,Burglary,Poison,False
2024-05-20,11:03:20,28.678836320768113,77.17323618870019,Theft,None,True
2024-01-03,09:29:44,28.759651264634225,77.01063134885139,Theft,None,False
2023-02-02,02:19:04,28.69992633186395,77.09954910085763,Robbery,Firearm,False
2024-05-13,09:23:13,28.653858167193448,77.07168454443942,Cybercrime,None,False
2024-07-24,09:44:20,28.57952826235536,77.1079934111,Cybercrime,None,True
2024-03-24,16:38:37,28.633142014525085,76.97664950893247,Cybercrime,None,True
2024-09-17,22:11:48,28.682398294957565,77.07165172115442,Assault,Knife,True
2024-10-07,04:17:54,28.668367164863458,77.0668295982536,Assault,Knife,False
2024-12-26,16:04:30,28.566338249924577,77.04602259958291,Fraud,None,False
2023-04-12,05:37:03,28.80623832954294,77.31134427728699,Kidnapping,Firearm,False
2024-03-25,15:08:13,28.62824016687762,77.04370075614861,Fraud,None,True
2023-12-16,10:26:25,28.692809651753716,77.18639614177371,Fraud,None,True
2024-01-05,22:55:02,28.665417072681237,77.18784629086123,Burglary,Knife,False
2023-05-22,15:36:46,28.440525226098313,77.10283755065973,Theft,None,False
2024-06-12,13:10:18,28.73688211728431,77.19492701395379,Cybercrime,None,False
2024-06-13,02:32:00,28.743961040477075,77.15335687161404,Robbery,Firearm,False
2023-02-07,23:21:18,28.664845753739403,77.18505383755675,Robbery,Knife,False
2023-11-08,11:25:16,28.69514653677637,77.0984189916084,Cybercrime,None,True
2024-06-24,22:13:26,28.60451846052098,77.16761362418237,Murder,Knife,False
2024-10-01,22:30:27,28.712684511166568,77.10015379430043,Burglary,Rope,False
2024-10-26,14:43:39,28.707923799496005,76.95764085853665,Fraud,None,False
2023-12-09,14:11:57,28.701103233519934,77.1019979538296,Fraud,None,False
2023-10-18,07:46:54,28.7303079309103,77.09138032974226,Robbery,Knife,False
2023-01-24,01:00:55,28.658741772387526,77.07246858773466,Assault,Blunt Object,False
2024-03-08,18:23:47,28.7869063640449,77.05008620484196,Theft,None,True
2023-09-23,22:49:40,28.741310547260685,77.1414159195668,Burglary,None,True
2023-05-08,16:20:16,28.698787934698245,77.22485688824187,Theft,None,True
2024-08-18,20:35:33,28.65506469233811,77.05624322712504,Vandalism,None,False
2024-11-13,20:51:13,28.77090752805401,77.03047019362606,Burglary,Rope,False
2023-04-18,11:56:11,28.636099614356024,77.06186475425385,Fraud,None,False
2024-01-05,16:32:27,28.827843813468416,77.05676983449133,Theft,None,False
2023-03-25,03:21:31,28.699817661868842,77.10830227348085,Robbery,Blunt Object,False
2024-01-14,19:09:37,28.762584308822053,77.13003110666016,Fraud,None,False
2024-08-21,18:09:42,28.64342997052347,77.12362836922796,Fraud,None,False
2024-03-02,05:55:44,28.686100789564268,77.17758097552495,Burglary,Poison,False
2023-05-13,18:41:04,28.65533447293958,77.18869711445967,Cybercrime,None,True
2024-04-29,01:11:13,28.667746376111744,77.1706033334091,Assault,Knife,False
2023-05-02,21:54:12,28.641665461028676,77.08404746423442,Fraud,None,True
2023-10-24,01:27:59,28.698052553354618,77.08044433942902,Burglary,None,False
2023-11-07,10:42:12,28.79307066196887,77.0452487504128,Theft,None,False
2024-03-07,01:46:16,28.710615219913397,77.09112314329576,Murder,Firearm,False
2023-01-03,04:27:13,28.672085084660523,77.18243478684771,Burglary,None,True
2023-11-14,20:35:55,28.71008794389562,77.10918340488719,Cybercrime,None,False
2024-05-01,22:03:11,28.63068262012215,77.11069955564136,Robbery,Firearm,False
2024-11-14,16:21:01,28.749828040461523,77.24808223221468,Theft,None,False
2024-11-11,22:42:15,28.71114506539825,77.11039056687376,Burglary,Knife,False
2024-11-17,16:07:57,28.754938266279293,77.16660459145204,Fraud,None,True
2024-12-25,00:54:11,28.74507627959595,77.01639120898265,Burglary,Rope,False
2024-10-21,20:21:55,28.768133699701252,77.1594790327254,Robbery,Firearm,True
2024-06-18,06:53:44,28.659795597887154,77.05455070326008,Cybercrime,None,True
2023-07-04,00:41:26,28.707065755451406,77.10713184795269,Robbery,Firearm,False
2024-09-13,11:39:59,28.70607292265631,77.10561308673444,Theft,None,True
2023-12-15,15:54:40,28.771099573745765,77.16321543152235,Theft,None,True
2023-11-21,13:54:30,28.7231635591265,77.19663105807676,Theft,None,True
2024-07-08,06:07:20,28.600847609647246,77.14229270499469,Murder,Firearm,False
2023-06-07,11:10:12,28.88503063497331,77.08069541046076,Cybercrime,None,False
2023-07-05,00:59:21,28.77562366071381,77.02597911111408,Assault,None,True
2023-11-28,09:23:27,28.663203669626576,77.17465238091873,Theft,None,True
2024-09-03,21:20:12,28.640394919014103,77.04844432980822,Assault,None,False
2023-10-03,02:12:27,28.70566183339496,77.19272771737867,Robbery,Knife,True
2024-10-10,08:30:36,28.66502243819853,77.19769283923642,Theft,None,False
2024-11-22,03:41:45,28.709207920885277,77.11280580585624,Robbery,Knife,False
2024-04-01,03:03:18,28.667521654461478,77.19104525227067,Assault,Blunt Object,False
2023-09-09,19:34:15,28.63318066099605,77.07140247500837,Fraud,None,False
2024-09-27,10:31:52,28.675818393397936,77.18803251219985,Fraud,None,False
2023-10-07,21:46:03,28.66234405394375,77.17354930157724,Murder,Blunt Object,False
2024-10-09,07:44:46,28.76382282182534,77.00766519957759,Vandalism,None,False
2024-07-30,02:32:46,28.70873206292099,77.0888286219354,Robbery,Firearm,True
2024-07-23,10:10:29,28.788917421266667,76.97924766852316,Cybercrime,None,False
2024-11-29,12:28:29,28.789622999376792,77.03875630933648,Fraud,None,False
2023-12-16,07:40:06,28.777132281815703,77.03832026567086,Cybercrime,None,False
2024-10-23,00:04:28,28.646704422633338,77.05711158143808,Burglary,None,True
2024-07-23,17:48:11,28.664014453159236,77.16287374308328,Fraud,None,True
2024-10-26,23:42:42,28.73906500472997,76.9460197228638,Robbery,Firearm,False
2024-01-21,21:53:35,28.78505344199441,77.02986551783918,Kidnapping,Blunt Object,False
2024-12-14,00:18:25,28.77201427754382,77.07229545005102,Robbery,Firearm,False
2023-01-21,10:14:08,28.64080552213653,77.06981870704288,Fraud,None,False
2024-10-02,11:02:18,28.707450580290843,77.10566155957183,Cybercrime,None,False
2024-01-07,01:20:22,28.678792675898084,77.16714427876794,Robbery,Blunt Object,False
2023-04-24,10:05:52,28.68166788679987,77.18862468794013,Fraud,None,False
2024-11-06,20:35:48,28.633933168714236,77.06005919526326,Burglary,None,False
2023-05-11,09:27:09,28.700169271237236,77.08905032155984,Cybercrime,None,False
2023-10-08,06:59:06,28.737485996656854,77.24563667818312,Theft,None,False
2023-01-03,15:33:02,28.68491766727673,77.16937780806569,Fraud,None,True
2023-11-27,15:44:54,28.766306999030604,77.23539333195355,Cybercrime,None,False
2024-04-22,18:02:35,28.707968085206893,77.11340980425187,Theft,None,True
2023-08-18,01:42:35,28.905327044570075,77.2048709546107,Robbery,Knife,False
2023-07-19,12:11:10,28.676593085956416,77.19295088474085,Theft,None,True
2023-08-20,15:25:50,28.718588783309688,77.1048903043285,Cybercrime,None,False
2023-11-15,02:17:17,28.780585857642862,77.04813413358833,Burglary,None,True
2024-08-29,22:48:10,28.74591571334058,77.16782367724679,Murder,Blunt Object,False
2023-12-15,01:58:54,28.649098641237405,77.04850693825198,Assault,Blunt Object,False
2024-09-06,22:33:27,28.740864929299143,76.89249734923484,Burglary,None,False
2023-03-04,01:12:50,28.76035508016831,77.1613523148299,Robbery,Blunt Object,True
2023-03-05,16:05:23,28.644864404434795,77.11485476959557,Theft,None,False
2024-07-26,01:54:02,28.773641574337503,77.14744253295738,Robbery,Firearm,True
2023-08-27,21:49:47,28.663510924129433,77.19731663402463,Theft,None,False
2024-09-27,22:32:43,28.693725871905308,77.18253695671848,Robbery,Knife,True
2024-08-24,07:00:28,28.794214630354084,77.04591475915532,Robbery,Firearm,True
2024-08-09,04:35:12,28.636675157674617,77.05764694164633,Burglary,Firearm,False
2024-03-31,06:46:09,28.71640874513155,77.1193501427871,Assault,None,True
2024-08-21,15:52:07,28.789728808601744,77.023701856465,Fraud,None,False
2023-05-30,05:22:01,28.723970611116997,77.09719029102189,Cybercrime,None,False
2024-01-13,00:17:39,28.780748622188284,77.0359233783449,Burglary,Rope,False
2024-07-26,01:59:17,28.719641604207148,77.11103975976553,Burglary,Knife,False
2023-03-12,12:26:07,28.64824865500362,77.06713288530118,Theft,None,False
2024-09-06,12:03:23,28.674535146686434,77.18808139514519,Cybercrime,None,False
2023-12-03,05:54:30,28.648804399223057,77.1795339254093,Robbery,Knife,True
2024-10-16,08:07:12,28.75651321934917,77.14098985916381,Assault,None,False
2024-01-20,07:28:31,28.787963233178115,77.03045528779015,Fraud,None,False
2023-01-07,13:12:35,28.87964756983155,77.25980197252149,Theft,None,False
2023-05-26,10:34:46,28.74944194430882,77.15099162288433,Theft,None,False
2023-07-23,07:12:09,28.75336052434392,77.1479834052384,Murder,Firearm,False
2023-12-14,20:11:20,28.723602498402812,77.02667179311125,Assault,None,True
2023-04-14,00:45:51,28.77279384665062,77.03872711223902,Assault,None,True
2023-11-09,16:36:35,28.65039529584222,77.0544568424034,Theft,None,False
2024-09-30,15:47:28,28.713053554307628,77.09618422270836,Cybercrime,None,True
2023-07-14,06:58:44,28.646631652380382,77.07070344012612,Vandalism,None,False
2024-09-05,15:38:20,28.78376387435296,77.03704740912143,Cybercrime,None,False
2024-09-22,21:23:01,28.652457035611242,77.0828533416572,Assault,Knife,False
2023-12-02,08:59:57,28.683514056911967,77.02784216534599,Theft,None,False
2024-06-04,21:15:56,28.686422583688422,76.94763817011363,Cybercrime,None,False
2024-04-26,22:23:14,28.65498462528579,77.07401245066303,Robbery,Knife,False
2023-07-03,11:43:02,28.671538202475045,77.1800850255413,Fraud,None,False
2024-05-21,17:14:56,28.69792358001399,77.15044415180861,Theft,None,False
2024-10-27,01:19:57,28.712845170741325,77.09600234773153,Robbery,Blunt Object,False
2024-02-10,07:57:31,28.583779914461086,76.9982955587757,Murder,Knife,False
2023-09-18,20:02:41,28.77922797078805,77.02898078682185,Robbery,Firearm,True
2023-12-27,08:22:49,28.696400039338027,77.08953883335751,Theft,None,False
2024-03-12,16:25:33,28.77953879172526,77.03431426620115,Theft,None,False
2023-11-21,09:56:25,28.680050294658354,77.17692576946892,Theft,None,False
2024-10-22,02:45:46,28.779970021778563,77.02323301691153,Robbery,Firearm,True
2023-08-22,03:34:58,28.700956082962524,77.01765713658092,Robbery,Firearm,False
2023-09-14,11:01:17,28.78983127813241,77.01464133508067,Fraud,None,False
2023-05-22,19:46:28,28.700503703275476,77.10551107339192,Murder,Firearm,False
2024-02-18,14:46:23,28.785938345163224,77.05943033663982,Cybercrime,None,True
2023-06-02,14:28:21,28.707598000245678,77.09245945403158,Theft,None,False
2024-08-24,20:07:12,28.70314535752911,77.08473753666534,Cybercrime,None,False
2023-11-17,06:50:21,28.753294002507033,77.14416943943,Fraud,None,False
2024-07-25,01:05:45,28.683253902755602,77.17700459725405,Robbery,Knife,False
2024-05-26,23:59:16,28.752932340842047,77.14614442158596,Assault,None,False
2024-12-08,19:34:24,28.691488513518532,77.17928757233882,Murder,Firearm,True
2023-05-23,05:35:44,28.772425570434795,77.16064151762119,Kidnapping,Poison,False
2023-07-29,14:13:21,28.75230667273354,77.13937331473176,Theft,None,False
2023-12-03,20:44:07,28.758037972982162,77.13322327420654,Cybercrime,None,False
2024-11-22,20:07:50,28.751311166058493,77.16095157971185,Burglary,None,False
2023-03-13,14:02:59,28.64361102816526,77.04844810153196,Theft,None,False
2023-03-13,16:33:13,28.703575955494227,77.11954105516256,Theft,None,True
2024-02-05,05:43:02,28.686568917155345,77.18187995990634,Robbery,Firearm,False
2024-02-03,07:31:03,28.763614492770582,77.14883492979632,Burglary,Knife,False
2023-06-12,21:58:49,28.657061284131732,77.17325534011871,Murder,Knife,False
2023-05-27,16:13:42,28.769728887685083,77.14976006918171,Theft,None,False
2024-06-22,11:58:28,28.641666160206253,77.05950161803725,Cybercrime,None,False
2023-02-10,03:19:01,28.72314136589573,77.11875958915363,Robbery,Blunt Object,False
2024-02-05,22:19:10,28.80628780233448,77.03090954789602,Assault,Knife,False
2024-03-18,16:40:08,28.70705624488747,77.08733357450579,Theft,None,False
2024-02-07,01:35:23,28.768869344261184,77.14082220448732,Robbery,Blunt Object,False
2024-07-04,10:37:38,28.725777556376265,76.99276974723672,Fraud,None,True
2024-05-20,14:58:27,28.638211331732613,77.0541273756895,Cybercrime,None,True
2023-03-20,03:49:51,28.64331247393242,77.04858772968511,Burglary,Firearm,False
2023-08-01,18:25:30,28.77861731205075,77.04083333911781,Theft,None,True
2024-01-26,12:30:43,28.663051372069376,77.18470541427014,Fraud,None,False
2023-09-14,04:10:31,28.766279591523055,77.14736803635486,Assault,None,False
2023-03-26,19:58:03,28.746920811092526,77.1501947537482,Assault,Blunt Object,False
2023-06-15,06:12:39,28.795897252083606,77.03444107630955,Theft,None,True
2024-07-01,14:13:49,28.748787857053927,77.15733876651188,Theft,None,True
2024-03-27,13:02:15,28.63307707850164,77.06931359510443,Theft,None,True
2024-06-29,07:52:13,28.744960730770178,77.07171915288612,Cybercrime,None,True
2024-06-19,23:20:18,28.620241420155278,77.01383190777166,Burglary,Rope,True
2024-03-30,01:54:30,28.789448173363457,77.0447898050249,Burglary,None,False
2023-09-13,13:38:25,28.64036922529712,77.14833867035516,Cybercrime,None,False
2023-01-29,00:31:48,28.65322972981398,77.17665382269344,Robbery,Firearm,True
2024-11-11,06:06:44,28.753789410671292,77.14340316583018,Burglary,None,False
2023-11-27,20:27:49,28.774734936252102,77.02582220443533,Assault,Blunt Object,False
2023-05-04,08:27:42,28.733319272832638,77.08376709815937,Assault,None,False
2024-10-31,11:30:50,28.65171768766675,77.16129299847366,Theft,None,False
2024-11-04,10:08:17,28.748031348221428,77.15707686586055,Fraud,None,False
2024-02-25,10:58:42,28.61662495157275,77.05750269823848,Fraud,None,False
2023-04-15,19:31:18,28.65147521434826,77.24133377782086,Burglary,Firearm,True
2024-11-25,04:50:23,28.67024978188287,77.18632988984741,Robbery,Knife,False
2024-11-13,17:33:13,28.718225714008746,76.88944335201928,Theft,None,True
2024-04-04,13:55:18,28.71178207216632,77.10465396505457,Fraud,None,False
2023-08-27,00:46:20,28.75918268639675,77.19176237706436,Burglary,None,False
2023-09-07,22:33:53,28.653258870605015,77.19974696649761,Robbery,Firearm,False
2024-01-20,07:26:29,28.641225524805996,77.06537328904403,Theft,None,False
2024-09-04,16:09:20,28.699548775469875,77.0600763666602,Fraud,None,False
2024-10-21,01:26:31,28.77840167071761,77.03579508735574,Burglary,Blunt Object,False
2023-08-23,12:03:40,28.552382630332833,77.17755791675218,Theft,None,False
2024-12-04,08:05:56,28.63993805595115,77.05119930660959,Fraud,None,False
2023-03-08,17:54:00,28.749599871420042,77.16507149216864,Theft,None,False
2023-07-29,04:34:17,28.63874664912984,77.0660845361821,Robbery,Knife,False
2024-03-12,17:00:20,28.746790437242847,77.16007921849923,Theft,None,False
2024-09-12,09:03:52,28.650955077387902,77.08098608833296,Theft,None,False
2023-07-26,09:53:53,28.68654360545008,77.16936548047579,Cybercrime,None,False
2024-02-12,13:45:08,28.78508067539539,77.04545871781865,Theft,None,False
2024-03-19,05:40:31,28.696911676123914,77.10995005312878,Cybercrime,None,True
2024-03-13,03:01:49,28.684630270388332,77.09608118228915,Assault,Knife,False
2023-09-21,13:51:06,28.645017524844487,77.06502240396426,Theft,None,False
2024-09-12,17:30:25,28.70293770956878,77.10464713183171,Theft,None,False
2023-07-20,05:38:00,28.86191180575622,77.20104496856153,Assault,None,False
2024-02-09,13:35:08,28.682791545924967,77.17794460473976,Theft,None,False
2023-03-14,14:53:00,28.69520759171772,77.11205300558238,Cybercrime,None,True
2023-06-16,07:04:17,28.7128604679253,77.11722670675752,Fraud,None,False
2023-12-23,18:33:15,28.643701937403076,77.07954513446397,Fraud,None,False
2024-03-10,08:59:07,28.657705158374746,77.1785752889394,Assault,None,False
2024-12-15,23:29:45,28.764065705105796,77.14783504620772,Robbery,Knife,False
2024-08-15,05:52:38,28.71050479795201,77.10059496894003,Theft,None,True
2024-10-21,13:59:37,28.736505702822157,76.98773086101843,Theft,None,True
2024-03-09,06:02:14,28.64495209449634,77.032588640291,Fraud,None,False
2024-06-29,23:58:29,28.70223103841838,77.08619526756286,Assault,Blunt Object,False
2023-04-02,03:58:42,28.82469945165468,77.18024073527646,Burglary,Firearm,False
2024-02-12,11:13:03,28.64876670981966,77.07771006227159,Theft,None,False
2023-01-02,03:31:37,28.609208347917516,77.27723631979156,Robbery,Knife,False
2023-06-24,06:25:21,28.683421915642604,77.18013444712781,Kidnapping,Knife,False
2024-05-29,04:00:49,28.655456201471832,77.05143706487588,Burglary,Knife,False
2023-07-16,09:26:33,28.635854858384725,77.0564141027676,Cybercrime,None,False
2023-04-22,23:10:18,28.69881022291936,77.0919344235724,Robbery,Firearm,False
2023-12-17,01:04:48,28.766330830670956,77.1499114559963,Burglary,Blunt Object,False
2023-01-10,02:13:22,28.75762504968357,77.14679648633587,Robbery,Blunt Object,True
2023-01-08,13:40:39,28.685893966994517,77.10520057358391,Fraud,None,False
2024-04-29,12:16:15,28.512874502458022,77.09563659539145,Fraud,None,False
2023-11-19,08:43:24,28.77041684961167,77.05237275999232,Kidnapping,Rope,False
2023-12-31,12:01:27,28.76321362722175,77.15355753791272,Cybercrime,None,True
2023-05-23,00:56:05,28.686737066776544,77.17403684022534,Burglary,Poison,False
2023-09-12,13:24:50,28.75844793786701,77.12248104337188,Theft,None,False
2023-01-04,23:13:53,28.646740200813337,77.07522353500107,Murder,Blunt Object,True
2023-11-30,16:10:36,28.7614249210278,77.15538723662826,Theft,None,False
2023-03-25,12:40:56,28.687551125637718,77.09289953704722,Theft,None,False
2024-12-17,03:39:26,28.691829106640427,77.11183723742766,Assault,None,False
2024-06-16,20:49:19,28.591079627532608,77.34366766755785,Vandalism,None,True
2023-11-05,19:58:45,28.769263940552538,77.15852118320393,Cybercrime,None,False
2023-04-29,17:33:18,28.711303686128375,77.08127910300989,Fraud,None,False
2024-11-06,03:15:22,28.63458081539978,77.06327480518519,Robbery,Blunt Object,True
2024-01-28,10:12:27,28.786677525401426,77.0200823942452,Theft,None,False
2024-11-12,04:56:33,28.75744176417245,77.15094740951176,Murder,Knife,False
2023-08-18,20:58:13,28.765021924421223,77.02389614989222,Robbery,Knife,False
2024-01-26,23:48:30,28.662739446657834,77.29126876573403,Burglary,Poison,False
2023-08-17,09:25:59,28.759755312453375,76.96895184309001,Theft,None,True
2024-08-29,06:51:02,28.788960362894176,77.01702696011063,Robbery,Knife,False
2024-01-25,21:00:17,28.812369105388708,77.05538753481822,Theft,None,False
2023-07-14,14:07:55,28.70316363811261,77.11575796647543,Cybercrime,None,False
2024-11-26,04:35:55,28.575383643141574,76.9627881814887,Burglary,Poison,False
2024-07-05,16:46:12,28.74826400673654,77.1628837885102,Theft,None,False
2024-05-26,16:35:40,28.552165392452316,76.81928444018895,Theft,None,False
2024-09-05,11:39:21,28.74958841141591,77.15801740799911,Theft,None,True
2024-05-04,22:58:36,28.716102617497388,77.09786838637915,Assault,None,False
2023-06-06,07:40:05,28.77998573392884,77.04403900734258,Assault,Blunt Object,True
2023-07-03,17:44:58,28.51712583003046,77.0636479224817,Fraud,None,False
2024-11-06,05:47:45,28.723142388992507,77.1474218721285,Theft,None,False
2023-12-23,14:14:56,28.669001933068092,77.18284441011706,Theft,None,False
2024-12-18,19:57:08,28.619216726465872,77.05591751587666,Fraud,None,True
2023-02-25,11:04:15,28.708635087125543,77.09267705965746,Theft,None,False
2024-12-13,17:33:54,28.674689842215894,77.18696872500803,Theft,None,False
2024-10-28,00:19:57,28.640674507991424,77.06420463770996,Robbery,Blunt Object,True
2024-01-21,15:33:02,28.634472674347155,77.06043388720303,Fraud,None,False
2023-04-09,12:56:47,28.765121616958922,77.11819729609685,Cybercrime,None,False
2023-05-01,18:45:59,28.645446873043607,77.12492164042908,Fraud,None,False
2024-10-04,14:42:32,28.775560979063663,76.89750587214226,Theft,None,True
2023-11-06,21:42:19,28.68569074064956,77.17913745261319,Burglary,Rope,False
2024-11-17,23:58:33,28.746648993324023,77.22222469236453,Robbery,Knife,False
2024-01-12,00:25:20,28.660383263027693,77.17540558997572,Robbery,Firearm,False
2023-08-19,00:50:18,28.701214513041243,77.09466246478877,Burglary,Poison,False
2024-08-30,06:35:36,28.771449365758368,77.14393227906173,Fraud,None,False
2024-12-20,15:47:20,28.648545322051312,77.1229389031603,Theft,None,False
2024-12-31,19:34:12,28.74207850473924,77.14854319288244,Burglary,Blunt Object,True
2024-06-26,17:47:16,28.7072745326125,77.09917139595618,Theft,None,True
2023-08-01,23:58:41,28.694761314110007,77.04956678875517,Assault,None,False
2023-11-18,04:28:47,28.658955296908193,77.1857159321134,Robbery,Knife,False
2023-02-05,03:04:50,28.801649330716472,77.03268401630785,Murder,Knife,False
2023-06-25,15:24:10,28.726626411724755,77.17177227551169,Cybercrime,None,True
2024-06-15,10:40:56,28.741406695034534,77.1695251465813,Fraud,None,False
2024-12-12,11:23:37,28.676123287964227,77.1988185689909,Fraud,None,False
2023-08-03,03:36:17,28.69676967004476,77.12068061922558,Burglary,None,False
2023-11-03,07:50:08,28.65185155494035,77.06803040085852,Burglary,Poison,False
2023-05-12,22:39:27,28.78644024454353,77.03001471381927,Burglary,Poison,False
2024-02-14,16:36:17,28.65610531658474,77.06390359869847,Theft,None,False
2024-07-02,07:25:07,28.62442930296413,77.05132813538293,Robbery,Knife,False
2024-12-14,23:30:16,28.685515424780725,77.13349989831656,Robbery,Firearm,False
2023-11-20,15:47:16,28.643534115111002,77.07468970789793,Theft,None,False
2024-06-28,04:00:16,28.734588981359614,77.15393587936505,Burglary,Blunt Object,True
2024-01-07,12:08:34,28.73592020774613,77.16009712295485,Fraud,None,False
2023-08-20,09:57:47,28.6946541285558,77.14446099720242,Theft,None,False
2023-08-16,13:47:08,28.617711703941023,77.23044649316579,Cybercrime,None,True
2024-08-25,17:49:35,28.794517246640588,77.03833544303014,Theft,None,False
2023-10-16,20:04:51,28.691148275313655,77.16048572852952,Murder,Knife,True
2023-07-05,12:34:02,28.667031074320125,77.19105555659021,Cybercrime,None,False
2023-09-23,00:20:44,28.66059480894324,77.0732061055998,Burglary,Rope,False
2024-01-23,20:39:51,28.636803975301927,77.06611417317274,Murder,Firearm,False
2023-09-13,22:09:43,28.574785845624135,77.15973903111757,Burglary,Blunt Object,False
2024-04-24,18:17:08,28.788606034128623,77.01380183660469,Theft,None,False
2023-11-09,23:08:33,28.63248216156088,77.05966861103256,Assault,Knife,False
2023-04-03,23:06:28,28.674014025285917,76.98155230645813,Robbery,Knife,True
2023-03-28,10:24:27,28.75798978729352,77.15501473608941,Fraud,None,False
2023-01-11,15:26:12,28.68467308680215,77.02692084998417,Fraud,None,False
2024-12-02,19:23:03,28.714587071264166,77.11905407113089,Robbery,Knife,False
2023-01-08,15:28:22,28.655743851615348,77.04128330828452,Fraud,None,False
2024-12-01,22:10:48,28.70901207665412,77.09891970620254,Robbery,Knife,False
2023-08-19,06:21:53,28.70270602799337,77.10989653151725,Robbery,Firearm,False
2024-03-08,18:02:27,28.735006439124927,77.16568302324853,Theft,None,False
2023-12-13,09:05:37,28.711368052432935,77.06135068554379,Cybercrime,None,True
2023-10-28,09:38:21,28.673207658457784,77.1821242935502,Theft,None,False
2024-10-20,18:46:11,28.76678798696555,77.04744938227455,Cybercrime,None,True
2024-09-24,17:46:38,28.708232563227064,77.14680021304474,Theft,None,True
2023-11-02,12:53:05,28.79361549770574,77.02228837542441,Theft,None,False
2023-07-10,14:38:19,28.751447189903523,77.07573589091012,Theft,None,True
2023-03-28,19:15:49,28.652567707752166,77.04122772579649,Vandalism,None,False
2023-01-08,05:39:58,28.673109056997585,77.17647179344216,Murder,Firearm,False
2024-03-14,06:37:58,28.78842262950634,77.0372004418737,Vandalism,None,False
2024-11-03,15:59:47,28.66702374105178,77.17537826135825,Theft,None,False
2023-01-06,13:04:45,28.693033463144268,77.01283577726849,Cybercrime,None,False
2023-02-11,04:52:01,28.79251983695452,77.02880792799554,Robbery,Knife,True
2024-05-05,09:40:38,28.615030117806786,77.05875177943378,Theft,None,False
2023-11-29,14:33:32,28.63371456179156,77.04618724184539,Fraud,None,False
2023-01-22,04:35:31,28.741725733617777,77.15359408471834,Robbery,Knife,False
2024-03-15,21:44:21,28.79738640828248,77.03563184473866,Theft,None,False
2024-05-12,03:00:28,28.77803496611784,77.03705904195172,Assault,None,False
2023-07-11,09:04:58,28.6581909689781,77.0330399630837,Theft,None,True
2024-12-18,09:00:21,28.588663733176702,76.92731711932484,Fraud,None,False
2024-12-18,18:17:21,28.750200762934405,77.15408053489921,Fraud,None,False
2024-08-28,22:53:52,28.69443763299851,77.06090330720527,Burglary,Knife,True
2023-10-08,06:59:49,28.744642539393034,77.15858246191685,Burglary,Blunt Object,True
2023-02-22,13:50:53,28.740928680800536,77.16026027913844,Theft,None,False
2023-08-25,08:04:28,28.60387829810733,77.0272564762647,Kidnapping,Blunt Object,False
2024-10-21,01:52:50,28.659432148093842,77.17748597853115,Robbery,Firearm,False
2024-12-29,15:13:17,28.801631245847798,77.1540628088444,Theft,None,True
2023-02-23,11:42:37,28.763884221120282,77.15772142545934,Theft,None,False
2023-04-14,15:41:19,28.693063301714698,77.09919210775674,Theft,None,False
2023-04-25,03:31:39,28.776298008708824,77.0458057490404,Burglary,Rope,False
2024-08-26,19:15:19,28.772132113535736,77.0414369768939,Kidnapping,Knife,False
2023-03-31,03:52:21,28.68302953870109,77.20079620201716,Robbery,Knife,True
2023-07-17,16:13:47,28.640003134073705,77.0696232215958,Cybercrime,None,True
2024-09-25,12:29:04,28.932265183653886,77.04073583230664,Theft,None,False
2023-07-26,19:25:34,28.550595975246765,76.91449899660923,Burglary,None,False
2024-12-29,09:11:39,28.711227120288612,77.08366849791942,Cybercrime,None,False
2024-04-04,22:55:57,28.666868094706206,77.1462313187039,Assault,Knife,True
2024-05-30,00:47:47,28.7059517553683,77.10675444864185,Robbery,Firearm,False
2023-03-04,06:55:28,28.70632289855801,77.11528865813314,Fraud,None,False
2023-03-18,06:01:34,28.694576836192613,77.09573004861542,Cybercrime,None,False
2024-02-15,22:06:29,28.66637340554729,77.19080191811864,Robbery,Firearm,False
2024-12-14,00:19:21,28.71310398588395,77.10701225319319,Assault,Blunt Object,False
2023-09-23,11:02:48,28.7159349366689,77.09071959132625,Cybercrime,None,False
2024-07-19,04:20:11,28.870822411155114,77.25482386217124,Robbery,Firearm,False
2023-10-12,04:50:28,28.65145621997246,77.08031798908772,Robbery,Knife,False
2023-08-04,19:27:50,28.538437679232224,77.05005518637374,Robbery,Firearm,False
2023-11-29,03:01:51,28.77674696539318,77.0397147932376,Murder,Blunt Object,False
2024-02-23,22:15:48,28.599085926039784,77.17824951493375,Robbery,Blunt Object,True
2023-08-13,10:10:59,28.841153614399673,77.1720202900084,Theft,None,True
2023-04-19,13:54:27,28.706937510236614,77.092621266591,Cybercrime,None,False
2024-10-11,22:00:12,28.619414903387465,77.22746189052967,Burglary,Blunt Object,False
2024-08-18,22:55:49,28.651893490039054,77.06210980480623,Assault,Blunt Object,False
2024-01-13,05:24:02,28.66992090454234,77.16224192126889,Cybercrime,None,True
2023-07-09,06:24:43,28.663391475813153,77.2016141908714,Assault,Blunt Object,False
2023-11-14,05:55:54,28.741295444289978,77.15439479821221,Burglary,Blunt Object,False
2024-03-12,08:55:45,28.764174439731953,77.13995077331998,Cybercrime,None,False
2023-05-21,00:25:45,28.70594710474781,77.1118791553751,Burglary,Blunt Object,False
2024-10-21,01:35:33,28.754224993219072,77.18118403055666,Robbery,Knife,False
2023-01-14,00:20:31,28.687414007411217,77.11308728529885,Murder,Firearm,False
2023-03-29,07:21:58,28.686819826260354,77.17969201548367,Burglary,Blunt Object,False
2023-11-11,12:04:43,28.748230715169925,77.02918438028901,Theft,None,False
2024-10-04,19:47:32,28.78638996392459,77.01392098548602,Robbery,Firearm,True
2023-04-16,18:37:28,28.790132475005713,77.03548158465992,Cybercrime,None,False
2023-01-25,08:15:10,28.65048660168643,77.07308118325088,Fraud,None,False
2023-08-20,14:00:29,28.787776198402096,77.033980894198,Fraud,None,True
2023-08-18,03:42:14,28.74528931663339,77.14537779236352,Murder,Firearm,True
2024-01-05,03:05:15,28.765967346201773,77.16686335405706,Assault,Blunt Object,False
2024-09-06,06:36:11,28.781718895636878,77.03296002747254,Fraud,None,False
2024-12-04,10:58:46,28.613638562500626,77.21977568452675,Fraud,None,False
2023-10-05,18:10:37,28.760754168236918,77.17191217436464,Fraud,None,False
2024-12-29,02:46:49,28.616267692282026,77.06469921009818,Assault,Knife,False
2023-05-31,11:39:36,28.727244592252557,77.16714895377258,Theft,None,False
2024-05-04,02:27:02,28.682533236245238,77.01520389095464,Robbery,Knife,False
2023-05-11,06:37:18,28.792914075289236,77.03971135362546,Fraud,None,False
2024-05-07,15:04:16,28.66493725899436,77.19605442801105,Fraud,None,False
2024-01-28,15:14:34,28.65580198709197,77.06384296497248,Fraud,None,False
2024-01-29,03:02:39,28.64489597862376,77.06804057771116,Burglary,Blunt Object,False
2023-08-29,13:10:09,28.617929692974375,77.10550314791641,Theft,None,True
2023-05-17,04:00:38,28.652576164553906,77.19126455645504,Robbery,Firearm,False
2024-07-18,15:19:51,28.628485067775582,77.07753419828428,Theft,None,False
2023-05-01,05:12:33,28.640798799060338,77.06038333018068,Fraud,None,True
2024-01-16,01:58:08,28.667822660939155,77.17961961126079,Assault,Blunt Object,True
2023-06-11,01:05:56,28.71828531345148,77.07762191343465,Robbery,Firearm,False
2024-03-02,05:27:03,28.716869653860883,77.10588023481102,Burglary,Blunt Object,False
2024-12-16,10:54:17,28.583397835214278,76.99496876069509,Theft,None,False
2023-10-21,04:03:03,28.770863930272082,77.14304493120058,Robbery,Blunt Object,True
2024-05-30,05:50:17,28.632566494894043,77.07387314542365,Theft,None,False
2024-11-27,16:32:25,28.73795528762859,77.00870744234636,Fraud,None,False
2024-05-28,11:08:32,28.72576249754046,76.99992473163599,Fraud,None,False
2023-10-06,03:20:50,28.81418213984226,77.20863709648732,Burglary,Knife,False
2023-08-13,14:16:58,28.75942006198822,77.15611661061247,Theft,None,True
2024-04-24,17:22:55,28.88021881248674,77.10246863273883,Theft,None,False
2023-06-18,01:59:25,28.58591258745792,77.14744739128324,Assault,Blunt Object,False
2023-03-21,13:12:20,28.774960470495373,77.14235240506814,Fraud,None,False
2023-06-16,19:43:04,28.780485372333057,77.03666446038103,Robbery,Firearm,True
2023-11-13,06:50:07,28.698709515099427,77.00426964196228,Vandalism,None,False
2023-09-04,09:48:00,28.765318578562304,77.17570040722018,Theft,None,True
2023-02-16,01:44:57,28.67606131459024,77.17345931710264,Robbery,Blunt Object,True
2023-10-17,14:29:44,28.549203947494654,77.12829759812213,Fraud,None,False
2023-12-31,04:42:56,28.814487734331625,77.15001677464954,Assault,None,False
2024-05-30,03:40:38,28.703859615908115,77.04357283482108,Burglary,Knife,True
2024-05-03,21:20:55,28.66317836367282,77.19084751326325,Theft,None,False
2023-03-22,22:47:24,28.683237716213856,77.1670427021331,Robbery,Knife,False
2024-10-31,05:07:43,28.86308389781807,77.15990712208941,Burglary,Poison,False
2023-12-14,10:35:21,28.65809594645146,77.04907872251515,Theft,None,False
2023-09-02,07:36:10,28.660441758445845,77.18101030690234,Robbery,Blunt Object,False
2023-05-27,11:16:12,28.759127844268953,77.17046360822927,Fraud,None,True
2023-11-18,06:10:45,28.68116078913815,77.18007318723188,Murder,Firearm,False
2023-04-02,02:35:23,28.77383630792334,77.04480000572721,Robbery,Knife,False
2023-09-20,16:05:39,28.607629457424927,77.26534685547723,Fraud,None,False
2024-08-05,17:46:37,28.67566153503935,77.26155820726179,Theft,None,False
2024-11-27,04:41:46,28.710889312900594,77.10113004510558,Burglary,Poison,False
2024-06-02,16:23:14,28.668906036281737,77.17909092122655,Theft,None,True
2023-09-08,20:25:05,28.758383166923753,77.15327156496218,Theft,None,False
2023-10-25,13:40:59,28.64471885919313,77.08593685896824,Theft,None,False
2023-08-17,14:08:05,28.711957702971915,76.88962659055852,Cybercrime,None,True
2024-10-19,19:28:58,28.678681681147886,77.17270278775284,Cybercrime,None,True
2024-02-11,15:46:09,28.742566675967943,77.13562655652889,Theft,None,False
2024-09-10,17:42:19,28.76616107502132,77.01894552496888,Theft,None,False
2023-02-09,19:50:44,28.667009790423695,77.20203259137527,Burglary,Blunt Object,False
2024-08-04,01:08:25,28.778841203241047,77.03427750106269,Murder,Knife,True
2024-01-06,15:39:35,28.744148138650633,77.11560651862159,Cybercrime,None,False
2024-12-01,15:23:53,28.753325565392743,77.140547062364,Theft,None,False
2023-10-08,14:44:53,28.768609275482792,77.17057196643638,Theft,None,False
2024-06-21,07:47:43,28.53583413058773,77.00009714091136,Murder,Firearm,True
2023-12-17,10:48:35,28.671301896576228,77.1728546220509,Theft,None,False
2024-05-08,17:18:44,28.754696555345586,77.02967277975935,Fraud,None,False
2024-03-23,12:54:50,28.92060560678066,77.22155485943436,Cybercrime,None,False
2024-07-28,21:44:26,28.72535740306322,77.20519862633198,Assault,None,False
2023-01-15,05:28:47,28.795159004243573,77.02686052511943,Cybercrime,None,False
2023-04-27,14:47:45,28.77593782755458,77.03328143062971,Theft,None,True
2023-05-09,23:05:38,28.790263612449795,77.11640603986535,Burglary,Poison,True
2024-03-06,19:52:56,28.62833003517809,77.05447175556048,Burglary,Poison,False
2023-07-15,21:00:07,28.64336027136406,77.06174334395673,Theft,None,False
2023-01-17,10:59:36,28.901354217678982,76.96390120576011,Cybercrime,None,True
2024-02-28,14:56:30,28.679155892418358,77.1973911310833,Theft,None,False
2023-04-27,06:24:04,28.806814497454226,77.02845602576818,Cybercrime,None,False
2024-09-01,05:55:19,28.7090142945272,77.108197603572,Vandalism,None,False
2024-10-11,10:18:45,28.67605481731553,77.18151154798761,Fraud,None,True
2023-04-17,03:15:49,28.747697538950003,76.84927539147803,Burglary,Poison,False
2024-07-11,03:37:48,28.710920694900626,77.10376177903663,Burglary,Poison,True
2023-08-05,08:06:53,28.671875251032215,77.2029686219572,Cybercrime,None,False
2023-05-08,12:45:55,28.667350659812094,77.17846924010935,Cybercrime,None,False
2023-01-08,13:38:25,28.694015533022046,77.17417938695151,Fraud,None,False
2023-11-11,15:05:57,28.778598847170635,77.03102974576571,Fraud,None,True
2024-02-29,01:11:22,28.788173448212955,77.12328025073533,Robbery,Firearm,False
2024-06-15,21:50:36,28.574837465284773,77.04928314368729,Kidnapping,Firearm,False
2024-03-16,08:48:17,28.64336455667878,77.0947778954777,Vandalism,None,False
2023-02-22,21:02:20,28.678358436586297,77.18668205755888,Fraud,None,False
2024-02-04,06:19:29,28.52649882459516,77.20889409875609,Fraud,None,False
2023-08-25,03:37:31,28.676625688459964,77.19634532047594,Assault,None,True
2024-10-04,09:28:28,28.678541983272908,77.19351322957736,Cybercrime,None,False
2023-07-28,03:23:43,28.750754531145013,77.23712257562028,Robbery,Knife,False
2023-03-22,20:49:06,28.709322506360177,77.10152084753558,Fraud,None,True
2023-05-14,16:31:08,28.931343472044688,77.191403712228,Fraud,None,False
2023-11-01,07:03:25,28.649837444210046,77.04973695583462,Vandalism,None,False
2024-01-23,09:29:01,28.575269238253647,77.13177154821419,Fraud,None,False
2024-10-04,00:50:33,28.645555211977683,77.05635877434992,Burglary,Poison,True
2023-05-06,03:53:54,28.70550982699612,77.11838626928044,Robbery,Firearm,False
2024-01-06,07:34:19,28.681054024745503,77.17108991490248,Fraud,None,True
2024-02-28,02:40:43,28.75298491172857,77.14445033519148,Burglary,Rope,True
2024-01-20,11:25:02,28.670223000835914,77.1783638433437,Fraud,None,False
2023-07-04,10:52:38,28.6563354417396,76.97698646280267,Theft,None,False
2023-02-02,04:16:02,28.70282345318482,77.09689392363153,Murder,Blunt Object,False
2024-09-06,19:53:48,28.411155130999774,77.30779720245017,Theft,None,False
2023-05-05,07:01:16,28.794987696542165,77.02873699275077,Theft,None,True
2023-08-10,13:17:06,28.64428819049741,77.05078345652683,Theft,None,False
2023-08-14,03:02:17,28.66105722877811,77.08147288694774,Assault,Knife,False
2023-04-05,12:41:25,28.645666937282467,77.07273530644186,Fraud,None,False
2024-03-22,18:39:54,28.675852867789338,77.16913274561125,Cybercrime,None,False
2024-12-04,10:14:02,28.639981766310367,77.06381927966773,Cybercrime,None,True
2023-11-16,06:01:52,28.699554522812566,77.10031346722566,Assault,Knife,False
2024-03-09,21:42:42,28.67318600442491,77.18169121502135,Murder,Blunt Object,True
2023-07-24,20:38:56,28.674622584904974,77.17189394933604,Kidnapping,Firearm,True
2024-06-07,09:12:49,28.74692983850872,77.139654157343,Fraud,None,False
2023-12-27,14:30:06,28.71387815549686,77.08144353058161,Theft,None,False
2024-03-15,06:46:08,28.819459034331693,77.2411349397263,Kidnapping,Knife,True
2024-01-16,05:16:50,28.781078194130174,77.00646862912174,Kidnapping,None,True
2023-12-03,07:46:59,28.750486894380327,77.15185815838711,Cybercrime,None,False
2024-07-29,02:24:41,28.60304017800711,77.05097816061918,Robbery,Knife,False
2024-09-14,02:43:27,28.79940195198863,77.03914927162303,Burglary,Rope,False
2023-11-22,11:39:18,28.664854358856218,77.16652400830405,Theft,None,True
2024-05-25,01:42:13,28.671398268239024,77.08115432206496,Murder,Knife,True
2023-12-01,21:31:25,28.709061991873632,77.09714683287433,Fraud,None,False
2023-01-19,23:26:06,28.789214995753618,77.05185154040062,Assault,Blunt Object,True
2023-10-19,04:46:18,28.785650102244425,77.09769114926694,Assault,None,True
2023-03-13,17:06:29,28.752268495289467,77.14893326865821,Theft,None,False
2023-10-09,11:32:54,28.822164091245217,77.03976865540487,Fraud,None,False
2024-05-20,22:17:38,28.78455222709,77.03301197901882,Robbery,Firearm,False
2024-01-18,22:29:59,28.749082158071886,77.13877534452116,Robbery,Firearm,True
2024-12-05,15:51:45,28.787329745036175,77.03188996028146,Theft,None,True
2024-07-04,00:10:47,28.789102404694365,77.02716399693563,Murder,Blunt Object,False
2023-02-14,04:02:03,28.826182129881307,77.01482262187882,Robbery,Firearm,False
2024-01-24,09:49:37,28.721220402840178,77.08502363490172,Fraud,None,False
2023-05-10,11:37:35,28.75844770064557,77.15725430682527,Cybercrime,None,False
2024-06-18,19:12:32,28.74614442932059,77.15674393937861,Assault,Blunt Object,False
2023-11-26,17:34:29,28.832051866976016,76.8808181160646,Theft,None,False
2024-12-29,03:00:52,28.75437448074908,76.853172917967,Robbery,Blunt Object,False
2024-12-12,02:50:25,28.63444335196477,77.07879166364901,Robbery,Knife,False
2024-04-24,14:01:10,28.63828217966608,77.05076120035591,Theft,None,True
2024-06-24,18:42:41,28.702120622710154,77.12317906338164,Cybercrime,None,False
2024-11-02,05:36:24,28.520931775279397,76.99736900883607,Vandalism,None,True
2023-08-13,13:14:23,28.85384316831796,77.28827023435377,Theft,None,False
2024-06-09,07:23:30,28.693756877570973,76.97859472974734,Fraud,None,False
2023-06-18,11:10:58,28.69505843501809,77.1984444239175,Cybercrime,None,True
2023-04-23,08:45:31,28.760889469877622,77.14437597651063,Theft,None,False
2024-05-02,19:19:44,28.75360970659162,77.15089639918955,Cybercrime,None,False
2023-03-28,12:54:15,28.707408513046158,77.11701001438132,Theft,None,False
2024-06-04,12:09:03,28.682894170411373,77.17172623923015,Theft,None,False
2024-10-26,13:55:37,28.7678649645002,77.15563132140014,Fraud,None,False
2024-02-17,06:25:53,28.65097065795859,77.07716540859279,Murder,Knife,False
2024-11-28,01:48:56,28.742984197504864,77.15214174421294,Burglary,None,False
2024-08-12,09:41:28,28.74878545448641,77.13682140574635,Theft,None,True
2024-12-17,14:43:46,28.70756709977605,77.12761556551585,Theft,None,True
2024-05-22,07:29:22,28.76569922255494,77.03217719388952,Burglary,Knife,False
2023-10-22,00:06:47,28.710505429350746,77.10373078201657,Robbery,Knife,False
2024-12-05,08:41:16,28.692787194748426,76.97257836365543,Burglary,Firearm,True
2024-04-11,05:09:50,28.7864278674294,77.02493236022985,Theft,None,False
2023-07-01,09:36:21,28.732200782950216,77.16444592220515,Cybercrime,None,False
2024-08-31,12:49:16,28.763683858198423,77.15301660976851,Cybercrime,None,True
2024-04-28,03:58:57,28.64639074688206,77.07324318012715,Robbery,Firearm,False
2024-06-21,18:19:08,28.72653396567781,77.19290175547614,Theft,None,False
2023-04-13,11:05:24,28.674351779912616,77.23369837385741,Cybercrime,None,False
2024-07-12,09:22:10,28.787307857259325,77.03444051943607,Fraud,None,False
2023-12-28,10:57:50,28.741399389112882,77.15536955854301,Fraud,None,False
2024-10-17,00:45:16,28.695780450825055,77.09611717273472,Robbery,Knife,False
2024-01-01,18:07:31,28.63594624371684,77.05183765068101,Theft,None,False
2023-07-18,13:45:16,28.775347714030172,77.16581339061989,Fraud,None,False
2024-11-26,19:50:23,28.896136750214428,76.98021049804446,Cybercrime,None,False
2023-12-06,14:14:12,28.784812537499107,77.01956492374798,Fraud,None,False
2024-08-16,18:56:07,28.74714305122803,77.14331873016583,Fraud,None,True
2024-08-03,12:38:01,28.686495840064413,77.17853770321899,Theft,None,True
2024-04-22,05:28:10,28.654783793336943,77.06854120889588,Vandalism,None,False
2023-11-07,17:43:29,28.66713638752105,77.04770555776861,Theft,None,False
2023-08-11,10:18:15,28.76669233239787,77.163964408704,Cybercrime,None,True
2023-01-06,15:40:03,28.77436621161973,77.04257133336475,Theft,None,True
2023-12-25,10:18:48,28.647461449630264,77.06022523740046,Fraud,None,False
2024-12-31,09:51:17,28.6217064513028,77.03058905485508,Theft,None,False
2023-10-25,07:58:06,28.77459812095786,77.15250682818957,Theft,None,False
2023-09-12,23:11:38,28.782313000153145,77.02341006183325,Robbery,Firearm,True
2023-11-06,21:44:15,28.626114705377837,77.210698480925,Murder,Firearm,False
2024-08-15,05:04:02,28.770604237884484,77.02834786232096,Assault,None,False
2023-11-09,03:06:59,28.78444027411072,77.03361372601842,Robbery,Blunt Object,False
2024-03-23,03:29:48,28.672309067149836,77.18645819781096,Robbery,Knife,False
2024-04-24,12:53:44,28.791028557558178,77.0398463754546,Theft,None,False
2024-04-17,01:00:27,28.60551961913322,77.07408449020713,Murder,Firearm,False
2024-09-21,11:00:34,28.656047628618772,77.07144647187575,Fraud,None,False
2024-08-02,10:40:49,28.69037140548519,77.10601479900353,Theft,None,False
2024-04-18,18:51:36,28.734317747506253,77.15296934902061,Theft,None,True
2024-10-27,03:53:51,28.803077670167458,77.02302107282732,Robbery,Firearm,False
2023-03-04,04:25:17,28.775756769545083,77.04014029781574,Assault,Blunt Object,True
2024-06-12,05:14:54,28.549819848479036,77.0392244970115,Vandalism,None,False
2023-11-05,22:52:24,28.65006441137582,77.0561571415231,Robbery,Blunt Object,True
2024-09-30,07:18:26,28.680503001278904,77.1769185710315,Robbery,Firearm,False
2024-06-16,03:31:36,28.758315460835366,77.15516818396296,Robbery,Firearm,True
2024-03-30,14:13:31,28.670187772072996,77.1395061115269,Theft,None,True
2023-07-08,08:33:12,28.672862673199003,77.18707805609927,Vandalism,None,False
2024-11-28,15:59:17,28.654406797488203,77.08424310256206,Cybercrime,None,True
2023-07-09,05:09:31,28.74420042207448,77.15214992389994,Assault,None,False
2023-10-24,03:38:29,28.77598999136371,77.02135953549839,Murder,Knife,False
2024-04-20,15:10:43,28.756686611478553,77.15462739775857,Cybercrime,None,False
2023-05-04,20:32:32,28.681928737349484,77.17818874430425,Fraud,None,True
2024-10-22,23:40:52,28.75818052846837,77.15800797572274,Assault,Blunt Object,True
2023-12-30,05:04:18,28.74857738078316,77.01993463171979,Cybercrime,None,False
2024-01-02,18:13:39,28.645593634822713,77.06614140296054,Cybercrime,None,False
2024-02-04,18:40:45,28.70417178466908,77.0816352234163,Theft,None,False
2023-12-14,16:43:45,28.705704896239734,77.12462531039398,Fraud,None,False
2024-02-08,02:29:00,28.78049960731243,77.02521922902146,Murder,Knife,False
2024-09-12,23:59:32,28.74143485597114,77.13373782104667,Robbery,Knife,False
2024-08-25,21:08:36,28.796027351654164,77.01992131844092,Kidnapping,Poison,False
2023-06-12,08:26:09,28.76141380252575,77.15840422061252,Robbery,Knife,False
2024-05-02,11:47:02,28.689885346305946,77.13636873179217,Fraud,None,False
2024-01-29,15:17:37,28.654394574815985,77.07122315380029,Cybercrime,None,True
2023-02-08,02:39:12,28.742669806879263,77.16070158186756,Burglary,Firearm,True
2023-11-25,03:55:11,28.69763113949675,77.10978740980156,Burglary,Blunt Object,False
2024-08-10,20:15:37,28.71141969910017,77.08747570112018,Assault,None,False
2023-08-19,07:19:30,28.79601707497107,77.03166282040152,Burglary,Blunt Object,False
2024-10-06,03:30:09,28.742904538716168,77.1485647014403,Robbery,Blunt Object,True
2024-08-04,19:54:01,28.675886947168102,77.19479214784297,Robbery,Firearm,False
2024-08-07,17:14:53,28.65013094684949,77.05399464721253,Fraud,None,False
2023-05-22,02:26:42,28.728951899166788,77.10514775310979,Burglary,Rope,False
2024-08-05,02:50:42,28.831639073799902,77.08732855664228,Robbery,Knife,True
2023-02-22,21:53:58,28.649433592447057,77.07089468504519,Vandalism,None,False
2023-09-15,14:12:53,28.796281947117542,77.04307368305379,Fraud,None,True
2023-06-11,10:29:17,28.7913197000073,77.0709913268806,Theft,None,False
2024-09-17,18:12:22,28.646925395804395,77.13576075103242,Theft,None,True
2024-08-19,17:08:52,28.763431280723413,77.15027279299224,Cybercrime,None,False
2023-12-13,15:20:34,28.764751719657145,77.16702616745486,Theft,None,False
2023-03-02,05:04:16,28.612467908092658,77.01880792962038,Assault,Blunt Object,False
2024-11-10,02:16:09,28.690062494109466,77.13326126681892,Robbery,Firearm,True
2024-03-02,21:46:40,28.74885432986233,77.16602202678868,Robbery,Blunt Object,False
2023-10-05,01:31:11,28.746506686151847,77.10644470482409,Robbery,Knife,False
2024-05-04,11:02:49,28.659740904761314,77.16934184183573,Fraud,None,False
2023-01-27,07:08:32,28.75691009250282,77.13117404373845,Vandalism,None,False
2024-07-19,17:33:19,28.76422637409644,77.15091846155629,Theft,None,False
2024-12-19,15:32:25,28.706530929695948,77.20557916250617,Fraud,None,True
2024-01-12,12:48:29,28.702285509307526,77.1014366299747,Theft,None,False
2023-09-01,08:26:53,28.803658151400203,77.27281726099181,Robbery,Knife,False
2024-08-04,01:40:00,28.68771970942564,77.08463624534646,Murder,Firearm,False
2023-03-20,02:03:45,28.64189651944456,77.16077375831739,Robbery,Firearm,True
2024-11-01,08:53:33,28.709068735905078,77.11319771454984,Murder,Firearm,False
2024-11-03,02:47:46,28.742103024716346,77.12933856137032,Robbery,Blunt Object,False
2023-08-14,16:08:55,28.79268014195302,77.02421803727036,Fraud,None,False
2023-10-27,23:47:54,28.502251213561138,77.11700637459595,Robbery,Blunt Object,False
2023-04-17,01:57:57,28.712031756882187,77.1012794286788,Robbery,Knife,False
2023-05-21,18:58:07,28.639521516138178,77.06090637767853,Theft,None,False
2023-02-06,08:33:35,28.640394172375995,77.04901952888059,Cybercrime,None,False
2023-01-22,18:09:52,28.632631932300956,77.15462799050138,Cybercrime,None,False
2023-11-04,03:04:34,28.677316785413765,77.18418059805967,Robbery,Blunt Object,False
2024-01-29,16:09:58,28.664148515181466,77.18068496837864,Theft,None,False
2024-06-29,01:54:09,28.65232934953557,77.18428476663885,Burglary,None,False
2024-09-15,12:14:28,28.84698577078136,76.95508678679579,Cybercrime,None,False
2024-08-28,07:53:02,28.645507232668226,77.13541067787102,Theft,None,False
2024-09-28,15:48:15,28.829384263442748,77.05767753836999,Cybercrime,None,True
2024-07-20,14:07:50,28.63487496707341,76.9056076857584,Cybercrime,None,False
2024-07-01,16:52:32,28.71444381293081,77.30670760401438,Theft,None,False
2024-04-23,08:40:24,28.676873584619646,77.18227721020817,Burglary,None,False
2023-10-08,03:06:51,28.7363082310767,77.10139079960514,Murder,Knife,False
2023-02-09,22:24:41,28.6659698562774,77.19073279915678,Robbery,Firearm,False
2024-09-14,00:26:57,28.726676152311175,77.10426132519338,Robbery,Knife,False
2023-07-03,16:09:30,28.606563397272176,77.23285079319348,Theft,None,False
2024-01-03,17:29:01,28.76074702745333,77.14697079162633,Fraud,None,False
2023-03-23,10:03:54,28.71411824853682,77.09752429161615,Cybercrime,None,False
2024-03-27,06:32:47,28.625899650748895,77.02652968825198,Murder,Knife,False
2023-05-11,08:16:48,28.65638931446912,77.18721542380419,Burglary,Knife,True
2023-07-08,18:26:56,28.73578855121662,77.14021556168734,Cybercrime,None,False
2023-03-04,09:25:54,28.623344119909216,77.06163930307208,Cybercrime,None,True
2024-07-07,01:37:43,28.78259679539728,77.02923303786815,Burglary,Firearm,True
2023-04-26,18:36:22,28.663674223053295,77.17077766246564,Theft,None,False
2024-11-28,15:08:41,28.788743698635464,77.02699448068293,Theft,None,False
2023-05-27,00:53:56,28.735735832153615,77.01397513138758,Robbery,Knife,False
2024-10-29,13:38:34,28.72220627427711,77.23282780373161,Theft,None,False
2024-01-13,01:37:27,28.649961658003928,77.05837586181784,Robbery,Firearm,True
2023-11-17,18:35:51,28.64667198970356,77.0600933482547,Fraud,None,False
2024-01-23,21:12:53,28.70488801846947,77.06993889478515,Theft,None,False
2023-03-21,08:10:36,28.75245664794115,77.15462093353075,Vandalism,None,False
2024-06-24,01:52:21,28.74416641300418,77.1423412117301,Burglary,Rope,False
2024-08-12,10:40:12,28.63021457446169,77.04649728895497,Cybercrime,None,False
2023-08-25,16:35:45,28.771927173077795,77.03409462506805,Theft,None,True
2024-02-24,13:10:32,28.665172124845082,77.18763614464231,Theft,None,True
2024-10-31,17:37:39,28.707571374875258,76.9056495786562,Fraud,None,False
2023-08-24,20:43:44,28.76959755842217,77.18357986455918,Burglary,Poison,False
2024-02-22,21:17:25,28.604713732516515,77.14451915428951,Burglary,Poison,False
2023-12-16,11:25:36,28.61845017625908,77.11226703767484,Theft,None,False
2024-08-12,17:59:35,28.631455015930452,77.04456893547466,Fraud,None,False
2024-04-09,00:33:53,28.665818281038703,77.09012710537252,Robbery,Knife,False
2023-05-10,01:14:26,28.66433203063854,76.98409694417775,Assault,None,False
2023-05-16,18:44:48,28.66411009378689,77.12942947525808,Cybercrime,None,False
2023-12-29,04:38:25,28.699610696987747,77.12075010305993,Burglary,Poison,False
2023-05-02,12:15:46,28.637088479954578,77.21967179147163,Cybercrime,None,False
2023-04-21,01:38:49,28.69233826663445,77.10737560297088,Robbery,Blunt Object,False
2024-10-07,16:22:30,28.822289109295998,77.1505908092749,Fraud,None,False
2024-12-17,04:54:03,28.67207475772935,77.17721702953338,Assault,Blunt Object,True
2024-08-30,21:35:32,28.764460876510462,77.13827025074738,Kidnapping,Rope,False
2023-06-30,18:31:12,28.664398757396203,77.17852442234509,Fraud,None,False
2023-04-10,08:27:23,28.827865375751202,77.1404767636041,Murder,Knife,True
2024-08-16,18:30:14,28.6944195424149,77.09939692294616,Cybercrime,None,False
2023-11-23,06:29:45,28.667956768559037,77.17540211007767,Burglary,None,False
2024-08-11,22:24:31,28.793888895585567,77.01878256870738,Robbery,Firearm,False
2024-05-13,15:58:49,28.800187808557343,77.04078229690185,Theft,None,False
2024-09-12,03:51:49,28.795008616706035,77.02787060487977,Murder,Knife,False
2024-06-04,06:08:51,28.70260059280921,77.08816848185477,Theft,None,True
2024-07-06,19:35:05,28.65163375929332,77.15186548476431,Assault,None,True
2024-08-07,15:31:42,28.797060630617814,77.02142843183199,Fraud,None,False
2023-10-30,03:59:27,28.667549406301475,77.08737007797676,Assault,Knife,True
2024-05-20,09:34:39,28.660142107978075,77.1884134924176,Theft,None,False
2024-11-15,04:14:24,28.63170096682574,77.0829609648823,Murder,Blunt Object,False
2023-12-01,05:42:22,28.658905062808813,77.02356614942804,Vandalism,None,False
2024-11-19,02:41:50,28.704029550145194,77.10034390421433,Assault,None,True
2023-11-22,06:55:55,28.700381421177212,77.0952153837832,Vandalism,None,True
2024-10-04,00:17:24,28.736052467078295,77.26786172684923,Robbery,Knife,False
2024-04-26,05:30:48,28.78549887232839,77.04246118214913,Cybercrime,None,False
2023-10-17,04:47:54,28.565077807484656,77.11827614392938,Robbery,Blunt Object,False
2024-05-17,20:18:23,28.74312631681029,77.13773075072469,Assault,Blunt Object,True
2024-09-20,13:50:45,28.776706285925407,77.04441899334415,Fraud,None,False
2024-06-27,23:55:06,28.683600158286694,77.18493004722055,Murder,Blunt Object,False
2024-11-15,17:39:37,28.550829944011006,77.08287193486122,Theft,None,False
2024-05-07,10:45:20,28.707117000089017,77.10425536229579,Theft,None,True
2023-10-22,15:16:37,28.519720641651926,77.01346821519802,Cybercrime,None,False
2023-04-29,06:24:54,28.673459222358513,77.18786290909517,Cybercrime,None,False
2024-12-14,14:29:38,28.762138721789,77.03087876024522,Fraud,None,False
2024-05-15,21:53:01,28.718404876987897,77.18746119885162,Fraud,None,False
2024-06-03,07:49:54,28.791028575842372,77.0383257131881,Fraud,None,True
2023-09-25,11:33:50,28.77610059493298,77.01341997862878,Theft,None,False
2023-02-25,09:46:08,28.780169472429385,77.0425163182521,Theft,None,False
2023-11-12,16:17:52,28.768034545275246,77.15960549102299,Theft,None,False
2024-09-20,22:14:12,28.75839340822802,77.15629639648387,Robbery,Knife,True
2023-01-22,13:48:20,28.648488125323922,77.08949397064464,Theft,None,False
2024-07-20,02:18:38,28.871006952582633,77.00824419942082,Burglary,Poison,False
2023-06-10,19:30:15,28.6602477879071,77.05927971845507,Fraud,None,False
2024-01-18,12:04:10,28.657354321090953,77.04843184990503,Theft,None,False
2023-02-06,00:43:45,28.762690420116467,77.02882298640525,Assault,Blunt Object,False
2023-02-13,05:42:51,28.56257328080758,77.1243534042411,Murder,Firearm,False
2023-02-04,09:55:11,28.65419471788596,77.05405058561406,Fraud,None,False
2023-10-04,03:05:30,28.62910984039542,77.06158155235666,Robbery,Knife,False
2024-09-11,05:31:42,28.70322564671223,77.10798319627555,Robbery,Knife,False
2023-11-16,11:47:11,28.713595945713646,77.10190584818729,Theft,None,True
2023-07-27,03:37:45,28.692655033147943,77.18474234744535,Robbery,Knife,False
2023-04-06,08:05:31,28.670635734939932,77.16638432640897,Fraud,None,False
2024-06-02,08:54:22,28.70147340479684,77.0991361305459,Fraud,None,True
2024-02-08,13:34:15,28.800130479628148,77.14874836240669,Fraud,None,True
2023-01-26,14:28:01,28.692306308783674,77.10422254386411,Fraud,None,False
2023-04-22,23:24:15,28.71081531171729,77.11778031359388,Robbery,Firearm,True
2023-08-01,17:50:00,28.652975039674143,77.07010846654312,Fraud,None,True
2024-04-29,19:03:23,28.70470085994615,77.10638312005425,Assault,None,False
2023-12-12,05:29:01,28.79659504900706,77.01917222602522,Theft,None,False
2024-02-21,00:12:10,28.70060560672783,77.09477431251244,Robbery,Firearm,False
2024-10-29,08:34:58,28.78789153118726,77.04480222175653,Kidnapping,Blunt Object,False
2023-04-18,15:29:57,28.74813025713279,77.12859695632531,Fraud,None,False
2023-06-15,18:55:49,28.749977792549757,77.16163473732017,Fraud,None,False
2023-02-09,15:26:38,28.7594762990295,77.15678186247811,Theft,None,False
2024-03-04,14:32:30,28.701300066981254,77.08970969263781,Theft,None,True
2024-11-23,09:52:14,28.789252943216244,77.02415718189967,Fraud,None,False
2023-05-25,10:33:56,28.665940967333807,77.06820507208354,Fraud,None,False
2024-01-16,18:54:36,28.646035169744604,77.04136147526114,Fraud,None,False
2023-05-19,05:58:47,28.78317055793386,77.0301049807798,Vandalism,None,False
2023-07-03,05:28:26,28.6852683377553,77.18436416169745,Cybercrime,None,True
2023-01-06,11:21:13,28.63093682610915,77.29154406851559,Fraud,None,False
2024-04-14,12:03:09,28.704593083315203,77.1101883967597,Theft,None,False
2023-12-25,23:10:06,28.748017734925554,77.15613115627745,Burglary,Knife,False
2023-10-09,10:20:49,28.647211099911434,77.04360350707904,Cybercrime,None,False
2024-01-12,22:44:14,28.804252751104606,77.04540644460924,Assault,Knife,False
2023-04-16,07:52:49,28.64012804683854,77.05147730259544,Murder,Firearm,True
2024-08-24,23:28:39,28.707575616138037,77.10336697699415,Assault,None,False
2024-09-22,17:14:10,28.739666894856324,77.12165773961941,Theft,None,True
2023-08-10,03:19:31,28.754724098930595,77.24723056993919,Murder,Knife,False
2023-11-28,02:49:55,28.759781032051286,77.1420034450109,Assault,None,False
2023-12-01,11:00:56,28.687725628527122,77.1989061456349,Fraud,None,True
2024-01-22,14:02:12,28.70562056734512,77.1712650596676,Fraud,None,False
2023-11-21,19:19:18,28.706528820131503,77.08167901296811,Robbery,Blunt Object,False
2024-10-10,10:06:43,28.759414915637922,77.04767997018332,Fraud,None,False
2024-12-12,09:07:18,28.69333445794825,77.17475385029982,Fraud,None,False
2023-01-26,13:18:51,28.627208169620328,77.05778736259298,Cybercrime,None,False
2023-08-07,22:27:48,28.506551222878286,77.17760994545074,Burglary,Knife,False
2023-07-20,16:05:44,28.733449169537437,77.15278457581184,Theft,None,False
2023-12-03,03:25:34,28.76332188180144,77.02929702195465,Murder,Blunt Object,True
2024-10-24,10:00:38,28.770533781558047,77.15610647891437,Fraud,None,False
2023-10-08,22:45:55,28.77546506395035,77.03218796511062,Robbery,Knife,True
2024-04-27,22:07:12,28.705901687204445,77.14976303458435,Burglary,Blunt Object,False
2023-04-17,01:23:26,28.690431416367193,77.10842567273848,Robbery,Knife,False
2023-07-01,04:47:35,28.433660836839724,77.03951154476363,Robbery,Blunt Object,True
2023-11-18,03:32:56,28.749217261575485,77.15883326826072,Assault,None,False
2023-12-07,11:31:21,28.75432630852677,77.13844436946144,Cybercrime,None,False
2024-08-23,13:20:05,28.6056006874183,77.12236800095475,Fraud,None,False
2023-03-08,07:01:29,28.753309326581356,77.14670875890364,Vandalism,None,False
2023-03-27,06:17:01,28.656016621048803,77.17211679971594,Cybercrime,None,True
2024-12-06,18:24:12,28.63892307427131,77.0616190875597,Theft,None,True
2023-12-26,04:17:09,28.725799365880807,77.08826317363116,Robbery,Knife,True
2023-04-01,04:13:58,28.65558157268425,77.190335896648,Murder,Firearm,True
2024-10-03,00:43:55,28.69731356938706,77.09931762472257,Assault,Blunt Object,False
2023-03-25,08:58:59,28.66628843621869,77.17990199859233,Murder,Blunt Object,False
2023-05-16,11:18:16,28.863953811209633,77.18271284586181,Theft,None,False
2024-08-01,11:29:18,28.652722235118873,77.04833772944207,Theft,None,False
2023-07-01,10:44:17,28.632588462634473,77.03410921340515,Theft,None,False
2023-12-30,21:04:10,28.666006191789172,77.19206703186386,Kidnapping,Firearm,False
2024-12-04,06:12:24,28.75579465157484,77.08034867370479,Theft,None,False
2023-08-04,15:47:46,28.70387699716282,77.09561114457425,Theft,None,False
2024-07-18,09:47:31,28.706147588824017,77.11015878279481,Theft,None,False
2023-09-25,01:08:41,28.657941132125895,77.18549647687838,Murder,Knife,False
2024-08-23,11:45:35,28.683424348709547,77.17834899711038,Theft,None,False
2023-11-27,03:48:31,28.761107006121208,77.18064654444473,Burglary,None,False
2023-12-11,23:35:19,28.78305657207013,77.03643307050007,Murder,Firearm,False
2024-07-13,06:46:40,28.666719429163386,77.18431251162602,Theft,None,False
2024-04-12,21:36:41,28.75012716249823,77.12198423402702,Fraud,None,False
2023-09-16,13:35:18,28.633903046802914,77.06456361771326,Fraud,None,False
2023-02-11,08:31:50,28.798721959387176,77.03698635764516,Vandalism,None,True
2024-08-14,14:35:27,28.793719871890715,77.03012988029988,Fraud,None,False
2024-09-03,19:04:52,28.791599002394236,77.03529267838218,Assault,Knife,False
2023-02-25,03:17:28,28.774590892703127,77.035685210048,Robbery,Knife,False
2024-04-16,00:01:50,28.6341830333656,77.05617119725115,Burglary,Knife,False
2023-07-09,08:35:57,28.755993283072925,77.15547244273381,Assault,None,False
2024-01-19,00:10:48,28.69220767534923,77.11303985771184,Burglary,Firearm,True
2024-12-16,07:44:11,28.679820062783005,77.1754527156439,Cybercrime,None,False
2024-12-24,08:50:16,28.550341520355083,77.08800954209187,Robbery,Firearm,False
2023-05-17,14:33:33,28.659505628613886,77.11381404570531,Fraud,None,False
2024-03-10,21:44:01,28.667788333884445,76.90175431392551,Fraud,None,True
2023-01-28,08:04:17,28.700216530616988,77.09944380888932,Burglary,Knife,False
2023-01-02,22:13:48,28.71043661024774,77.0955180032539,Burglary,Blunt Object,True
2024-05-26,06:50:37,28.660886746733727,77.04338359449348,Theft,None,False
2023-12-14,13:59:00,28.76721167497803,77.15025681029122,Fraud,None,False
2024-02-01,17:30:00,28.792695848723433,77.0332980148406,Theft,None,False
2024-11-29,18:50:09,28.685495555360255,77.17862638035447,Cybercrime,None,False
2023-12-21,03:41:31,28.594237957482218,77.24455042872711,Burglary,Blunt Object,True
2024-08-11,18:27:29,28.64296519354118,77.06471558473625,Theft,None,False
2024-03-08,01:59:04,28.686447519140447,77.17218044757907,Robbery,Firearm,True
2024-05-29,13:34:26,28.68005490897639,77.17660105243537,Fraud,None,False
2024-01-09,04:03:57,28.690883064435564,77.10972789653843,Assault,Knife,False
2023-03-23,05:28:31,28.554077813855308,77.02461629571796,Theft,None,False
2024-12-25,21:29:12,28.839207289241315,77.19111911885848,Murder,Firearm,False
2023-10-16,01:27:02,28.67347360422673,77.18493123458514,Robbery,Knife,False
2024-12-03,13:26:44,28.701157574943636,77.11606583385829,Theft,None,False
2024-07-09,09:43:47,28.75209647422206,77.15481842092136,Theft,None,False
2023-11-29,10:50:17,28.68556030144142,77.17472628515155,Fraud,None,True
2024-06-28,14:25:32,28.76968789184497,77.13719538590257,Theft,None,True
2023-05-29,23:02:38,28.66039642131113,77.05877324416048,Burglary,Firearm,False
2024-12-06,22:28:23,28.67983012521747,76.9134989828817,Robbery,Blunt Object,False
2024-01-17,01:23:38,28.779552052826222,77.02210193468974,Robbery,Blunt Object,True
2023-12-12,23:10:58,28.748023536546267,77.15112689034211,Assault,None,True
2024-10-30,02:53:11,28.793677916144727,77.03457603351401,Assault,None,True
2024-08-07,09:30:06,28.73486766534011,76.99294806111546,Cybercrime,None,False
2024-01-19,20:52:28,28.745292459103975,77.17048725018351,Cybercrime,None,False
2024-03-23,10:00:16,28.630579896523674,77.26812082520574,Fraud,None,False
2024-09-11,14:30:54,28.75166938801119,77.15252287936144,Cybercrime,None,False
2023-08-01,00:40:53,28.684803651602298,77.19521892421939,Assault,Blunt Object,False
2024-10-12,11:35:01,28.70299187439721,77.09861756946479,Theft,None,False
2023-08-15,02:19:12,28.783540795514778,77.03587957528234,Burglary,Rope,False
2023-12-03,19:42:49,28.7130130368687,77.10254229858995,Fraud,None,False
2023-01-13,12:29:11,28.765988629802315,77.2663359732271,Theft,None,False
2023-06-05,16:49:08,28.74223096122648,77.13366528560049,Cybercrime,None,False
2024-11-20,14:12:06,28.6289108917491,77.03619269863171,Theft,None,True
2023-03-22,22:59:16,28.7079837572923,77.1015517576872,Burglary,Firearm,True
2024-01-14,11:04:10,28.698952173250852,77.10493530204187,Theft,None,False
2023-01-31,05:40:34,28.67349596270803,77.19377780250635,Burglary,Poison,False
2023-01-24,10:20:09,28.674961108682588,77.17503076714931,Fraud,None,False
2024-01-20,19:34:23,28.803116623895928,77.08078689250539,Burglary,Blunt Object,True
2023-08-05,04:01:40,28.649365366836726,77.05772589293807,Burglary,Knife,False
2024-02-15,20:01:38,28.639117311450256,77.11091682301857,Fraud,None,False
2024-03-04,21:49:04,28.70538286435437,77.1504827035367,Murder,Firearm,False
2024-05-29,19:30:05,28.7814135424669,77.01413640216231,Vandalism,None,False
2024-05-21,16:53:26,28.669772261164116,77.19043818467144,Theft,None,False
2024-02-14,10:30:02,28.64112623920757,77.06003616597485,Theft,None,False
2024-11-02,06:16:19,28.802737650590593,77.03130267727411,Robbery,Firearm,False
2024-02-25,06:52:36,28.54981967817571,77.08643688804746,Theft,None,False
2024-05-30,02:55:52,28.699258260487515,77.09283753680248,Burglary,Rope,False
2023-11-29,22:12:09,28.686562154410133,77.15165056472469,Robbery,Knife,False
2023-01-24,21:53:39,28.78400711438432,77.03556981072687,Fraud,None,False
2023-06-15,16:40:00,28.88544076985154,77.06821211384425,Theft,None,False
2023-11-27,04:49:46,28.64688348634645,77.057407866374,Robbery,Blunt Object,False
2023-09-08,21:57:49,28.66563640280113,77.17665092346583,Cybercrime,None,False
2024-04-17,18:12:44,28.656224142847833,77.13844757975473,Fraud,None,False
2023-06-13,08:54:54,28.939007578670076,77.03089565637242,Cybercrime,None,True
2024-11-29,14:47:40,28.749933746943846,77.1518687698689,Cybercrime,None,False
2023-03-14,15:11:08,28.743679884870975,77.12885508119548,Cybercrime,None,True
2024-09-13,23:33:35,28.832509579394813,76.85986079294649,Murder,Knife,False
2023-10-27,14:30:18,28.730230701298044,77.1475412182799,Cybercrime,None,True
2024-10-06,23:39:08,28.71507300187544,77.08684351968395,Burglary,None,True
2024-08-16,04:04:11,28.75402367660306,77.0382117940622,Assault,None,False
2024-05-09,07:38:56,28.64653657223703,77.051597915932,Murder,Firearm,True
2023-09-08,09:27:58,28.66424460399279,77.17280256280365,Theft,None,False
2024-12-17,09:23:26,28.67520535317474,77.17623684723817,Fraud,None,True
2023-06-01,18:59:50,28.753506391897552,76.81703733370956,Theft,None,False
2024-07-31,13:12:22,28.61841481348722,76.98989460390891,Fraud,None,False
2023-06-12,20:40:01,28.67846593216275,77.04869522415099,Murder,Knife,False
2024-12-12,04:40:49,28.65207843779896,77.0439066322834,Robbery,Firearm,False
2023-01-29,07:42:22,28.644554914763308,77.06808336423212,Murder,Firearm,True
2024-06-13,14:46:34,28.72266647436562,77.09768234028907,Theft,None,False
2024-10-21,05:40:31,28.736545860435253,76.92211372074377,Vandalism,None,False
2024-05-11,23:36:24,28.65018043795687,77.19094774375782,Robbery,Knife,False
2023-01-15,02:21:27,28.67404439706352,77.194285126898,Robbery,Firearm,False
2023-05-03,23:39:56,28.690365971110303,77.10769902139529,Robbery,Knife,True
2024-06-20,08:18:53,28.890981784054386,77.14447056083573,Assault,None,True
2023-12-04,18:28:28,28.75686581505591,77.15258556080825,Theft,None,True
2023-02-27,16:15:41,28.54701185428741,77.23805729357105,Fraud,None,False
2024-12-07,23:41:42,28.63799142360195,77.06754483256383,Assault,None,False
2023-09-30,20:05:48,28.688469656934288,77.09070540335493,Murder,Firearm,False
2023-03-07,04:49:33,28.847608739922222,77.06776977110422,Burglary,None,False
2024-08-18,17:22:38,28.718632754760424,77.10171769340943,Theft,None,True
2023-07-21,17:24:51,28.735681022270423,77.16142067599732,Theft,None,True
2024-07-09,21:27:30,28.748201076822443,77.15948688813518,Assault,Blunt Object,False
2024-03-16,04:03:37,28.7043521086754,77.08706881772058,Assault,None,False
2024-04-12,00:01:04,28.705742947653707,77.12446223142153,Robbery,Knife,False
2023-12-03,18:28:11,28.649029864585145,77.06192482246995,Theft,None,False
2023-11-03,09:37:09,28.811634340195692,77.12356684652032,Cybercrime,None,False
2024-05-30,11:14:35,28.706195342302628,77.09158374827841,Fraud,None,True
2023-07-06,17:45:08,28.72748480257896,77.2060443416417,Theft,None,False
2023-03-09,15:43:45,28.635739378479002,77.07674495821247,Fraud,None,True
2024-03-29,12:28:03,28.694929397585486,77.01372304884615,Fraud,None,False
2023-08-26,07:45:46,28.764076320769203,77.14963205764262,Murder,Knife,False
2024-04-28,03:44:49,28.78005148874861,77.07332413677415,Burglary,Poison,False
2023-11-28,05:41:38,28.6435017385647,77.06743560204335,Assault,Blunt Object,False
2024-09-16,05:43:15,28.733189705759003,76.90294682195483,Kidnapping,Poison,False
2023-10-03,08:19:39,28.662887562599057,77.19179409984791,Murder,Knife,False
2023-12-08,12:53:10,28.782778634110983,77.02726268697229,Cybercrime,None,False
2024-07-30,14:19:42,28.660514259847425,77.17170263678724,Fraud,None,True
2024-02-18,02:00:49,28.501920136003804,77.09237192812985,Murder,Firearm,False
2023-10-08,00:42:33,28.644256241941896,77.00584121090148,Assault,None,False
2023-01-25,11:43:04,28.78341876574832,77.03613970630855,Theft,None,False
2023-07-24,07:49:37,28.7250319793221,77.08738116580437,Vandalism,None,False
2023-04-20,02:42:35,28.820038104330052,77.19981015610152,Robbery,Firearm,False
2024-08-30,17:06:27,28.62619072606233,77.12282359545861,Cybercrime,None,True
2024-02-04,17:43:57,28.658336675066238,77.12106885804188,Theft,None,False
2024-10-16,12:28:37,28.769191310134048,77.15855606232631,Theft,None,False
2023-04-24,17:10:45,28.789186083732332,77.02819690680046,Theft,None,True
2023-06-05,05:28:35,28.659259433350755,77.1804153178946,Murder,Knife,True
2024-08-09,19:54:02,28.796166081548638,77.01722832143412,Murder,Knife,False
2023-03-11,11:25:51,28.633549106318235,77.06376267736233,Cybercrime,None,False
2024-04-01,07:49:15,28.605634521515274,77.02324765528849,Burglary,Firearm,False
2023-12-08,07:14:41,28.779864014182717,77.01884382595811,Murder,Firearm,True
2024-03-13,14:25:44,28.664358781537835,77.18953427916787,Cybercrime,None,True
2023-03-03,18:39:03,28.573363021776903,76.94271278655052,Theft,None,False
2024-05-31,11:54:29,28.641097502046613,77.17569555025099,Fraud,None,False
2024-10-11,02:26:36,28.78213078192003,77.02785418921886,Assault,Blunt Object,True
2023-03-31,20:53:45,28.704543587975156,77.08504292567142,Cybercrime,None,False
2024-12-01,15:41:25,28.753570565377505,77.14084350314037,Cybercrime,None,False
2024-10-28,12:01:50,28.640006915259043,77.07255924511796,Theft,None,False
2023-01-22,14:37:00,28.662825039010468,77.19377908993253,Fraud,None,True
2023-01-20,00:18:39,28.675644936655953,77.17913447410122,Robbery,Knife,False
2024-08-21,11:53:30,28.70211263646317,77.09177352341891,Fraud,None,False
2024-08-11,12:54:44,28.826128289641773,76.9948320872529,Cybercrime,None,False
2023-07-31,11:13:53,28.636474807608536,77.07286302892072,Theft,None,True
2023-05-11,19:39:48,28.74814465064816,77.16150533077332,Kidnapping,None,False
2023-08-24,23:57:47,28.874043598300872,77.06232049730585,Robbery,Firearm,False
2023-08-27,07:54:33,28.77223623265753,76.98713077186602,Kidnapping,None,False
2024-03-26,04:28:56,28.77957332980678,77.12244239859868,Assault,None,False
2023-08-02,13:51:01,28.751403828216024,77.03794279279647,Theft,None,False
2024-01-25,21:29:20,28.62748916584433,77.06753252064749,Robbery,Firearm,False
2024-06-12,04:25:51,28.683465968475208,77.09932649507758,Robbery,Firearm,False
2024-01-02,11:32:14,28.798218186641996,77.1216897735873,Theft,None,False
2024-06-03,13:06:07,28.89893426447898,77.20501091525819,Theft,None,True
2023-01-17,00:15:51,28.63871016116744,77.10523133798515,Robbery,Knife,True
2023-03-08,15:48:24,28.783626292974553,77.01667823236656,Cybercrime,None,False
2024-10-28,23:25:55,28.744696010835156,77.1468923909302,Assault,Knife,True
2023-10-09,23:34:10,28.50047794971441,77.10724934682517,Assault,None,False
2023-05-12,18:52:56,28.75160928155347,77.13577106098688,Theft,None,False
2023-03-04,21:42:25,28.744521286527732,77.1740872744691,Assault,Knife,False
2023-06-11,15:15:50,28.676370344788648,77.17925931824792,Theft,None,False
2024-11-15,06:36:44,28.763244215175185,77.17052203604767,Kidnapping,None,False
2023-11-10,14:41:47,28.647174035697198,77.05425387749565,Fraud,None,False
2023-01-27,12:04:21,28.756866007655113,77.16445480650826,Theft,None,False
2024-02-22,01:41:34,28.638133709413886,77.08347939339133,Burglary,Poison,False
2023-12-24,08:06:29,28.74884369066015,77.1528240701334,Robbery,Knife,True
2024-04-20,15:06:44,28.667375144039937,77.1847327083592,Cybercrime,None,False
2024-10-14,00:01:34,28.686677783073648,77.09703958201185,Robbery,Knife,False
2024-01-10,22:20:27,28.693178787996516,77.10385338347893,Burglary,None,False
2023-07-20,04:34:53,28.714044473755088,77.10896006187116,Robbery,Firearm,False
2023-04-08,14:42:11,28.73038340639141,77.17292069652929,Theft,None,True
2023-07-09,10:57:46,28.787052799406208,77.02473500859509,Theft,None,False
2024-06-13,21:00:50,28.70567127918991,77.10426189822503,Murder,Knife,False
2024-11-08,05:17:14,28.777431512830482,77.03447916667344,Theft,None,False
2023-07-06,00:31:17,28.6380252771238,77.0584563800731,Robbery,Firearm,False
2023-01-12,20:49:44,28.777237208642447,77.01817328710261,Cybercrime,None,False
2023-07-12,22:53:26,28.71868364702154,77.16102994365164,Assault,Knife,False
2024-04-09,22:37:16,28.649248835960766,77.07069925252635,Robbery,Knife,False
2023-12-12,12:16:44,28.70734340210015,77.09717274501784,Cybercrime,None,False
2024-07-16,16:36:50,28.68249663864431,77.16892482460159,Fraud,None,False
2023-09-27,02:17:52,28.614032861748754,77.00607999285768,Assault,None,True
2023-05-10,03:26:37,28.81210560591393,77.19677885141401,Robbery,Knife,True
2023-05-10,12:39:23,28.788973052370448,77.04321929865213,Theft,None,False
2024-05-31,06:38:55,28.74530717217588,77.15598595119862,Fraud,None,False
2023-01-18,07:14:01,28.64284825571617,77.07096882103885,Kidnapping,Poison,False
2024-06-21,01:42:39,28.70294775767448,77.09865057111591,Assault,None,False
2023-06-20,13:38:02,28.709509085185612,77.11126169167191,Theft,None,False
2023-08-20,05:32:09,28.69741654805153,77.10188924328648,Vandalism,None,False
2023-10-13,01:46:51,28.598255936635834,76.8526938982507,Murder,Blunt Object,False
2024-03-07,17:21:01,28.706104596314137,77.10858905356255,Theft,None,False
2023-11-04,00:00:46,28.730306680908672,76.90754382822458,Robbery,Knife,False
2024-08-31,02:25:57,28.700591505699236,77.0803165223995,Robbery,Knife,False
2023-09-06,14:14:40,28.657797011076543,77.05163945417883,Fraud,None,False
2023-09-12,12:45:28,28.6566540360946,77.07195869643684,Theft,None,False
2023-05-07,21:19:58,28.66509409647464,77.17117215048732,Burglary,Knife,False
2023-12-02,00:23:31,28.787603702163864,77.02405675962818,Burglary,Poison,False
2024-04-27,08:27:12,28.705124846421583,77.09767172409194,Cybercrime,None,False
2024-07-08,22:12:38,28.525984158553438,76.87945319808756,Burglary,None,False
2023-02-11,13:53:24,28.72676842484946,77.04634422536694,Cybercrime,None,False
2024-03-12,21:17:54,28.668569101830858,77.18945863839095,Burglary,Rope,False
2023-08-19,19:02:09,28.821444227663246,77.07524552786383,Robbery,Firearm,False
2024-12-19,15:44:45,28.670694012930902,77.18750143033114,Theft,None,True
2023-10-14,10:02:38,28.568406443030042,77.12481530547477,Cybercrime,None,False
2024-01-01,03:01:31,28.78961885971822,77.0393023020842,Robbery,Knife,False
2023-08-15,21:31:14,28.654732472974974,77.17488644730192,Fraud,None,False
2024-07-28,22:05:13,28.665317367471765,77.1834988695441,Assault,None,False
2024-08-27,23:23:57,28.758907445797682,77.16746710407446,Murder,Knife,True
2023-09-02,13:07:57,28.654603451963194,77.05274275016909,Fraud,None,False
2023-02-10,12:38:41,28.819067201887876,77.13215769385303,Fraud,None,False
2024-08-10,19:01:59,28.830865151118797,77.131372800301,Theft,None,False
2024-10-05,15:43:16,28.588388338128674,76.96918716452222,Fraud,None,True
2023-01-25,22:57:23,28.62858487750941,77.06912051834759,Murder,Firearm,False
2024-04-12,09:13:48,28.822959682308703,77.28743621413865,Theft,None,False
2023-10-11,16:14:19,28.652531053323234,77.07412838577535,Fraud,None,False
2023-06-14,07:37:23,28.77829983667346,77.02093584183257,Vandalism,None,False
2023-12-23,06:15:51,28.789107933241755,77.14426807522395,Cybercrime,None,True
2024-07-05,08:17:08,28.70517444374341,77.10637371480634,Kidnapping,Firearm,True
2023-04-03,23:16:54,28.736418548245823,77.23088168598537,Burglary,Poison,False
2023-07-27,09:38:12,28.68704985584817,77.1879422035234,Cybercrime,None,False
2024-01-06,05:47:48,28.68255802872563,77.18764062552425,Burglary,Firearm,True
2023-11-14,18:25:38,28.699488302679654,77.11006564674913,Fraud,None,False
2024-07-05,06:28:38,28.564650493114073,77.2078891552296,Fraud,None,True
2024-12-29,21:46:17,28.74215477060234,77.15535803286795,Fraud,None,False
2024-06-29,12:52:53,28.775648460415738,77.03803388983076,Theft,None,False
2024-09-20,20:45:25,28.78376074774072,77.01655244041838,Robbery,Firearm,False
2023-09-09,19:57:05,28.758306996310186,77.14672079223168,Burglary,Rope,False
2024-12-12,07:58:21,28.652911467208135,77.06251325688734,Assault,Knife,False
2023-05-29,00:27:07,28.648054209853882,77.05292431044985,Robbery,Blunt Object,False
2024-02-29,20:15:18,28.645166776857263,77.0566361363899,Vandalism,None,False
2024-08-17,14:32:58,28.712667024802425,77.11927377087807,Fraud,None,False
2024-12-24,13:15:06,28.623582824825714,77.21018481446578,Cybercrime,None,False
2023-08-29,11:39:23,28.76240322582274,77.0205581059891,Fraud,None,True
2023-05-18,11:42:40,28.608222154381323,76.96724913105594,Cybercrime,None,False
2024-08-15,04:41:17,28.545741161021244,77.14379989121379,Robbery,Blunt Object,False
2024-09-10,08:17:41,28.75195932302272,77.15629405397605,Kidnapping,Rope,False
2023-02-24,16:45:24,28.711004726861216,77.10515616993173,Fraud,None,False
2023-06-25,00:48:18,28.760677631761506,77.15180467713758,Burglary,Poison,True
2024-05-03,05:23:02,28.585400661169427,77.20828141808208,Robbery,Knife,True
2023-10-10,20:44:38,28.64518878672189,77.00894037012377,Murder,Blunt Object,True
2024-05-17,15:41:09,28.68630821241956,77.01121890807036,Fraud,None,False
2023-08-09,16:27:39,28.662356961801056,77.13690539215635,Theft,None,False
2024-06-04,14:49:24,28.707583417392463,77.09352169933575,Theft,None,False
2024-09-16,01:55:43,28.655329462705126,77.20993330047703,Assault,None,True
2023-03-14,22:20:58,28.753740011773395,77.31000650393486,Robbery,Knife,False
2023-09-12,21:54:03,28.822112817374155,77.216929306856,Burglary,Knife,True
2023-05-03,12:04:48,28.66022131449544,77.19013860351635,Theft,None,False
2024-02-22,13:52:56,28.67356893198303,77.17699018196463,Fraud,None,False
2023-07-07,03:29:24,28.720901534053255,77.19702115346115,Robbery,Firearm,False
2024-05-26,03:18:12,28.75418315910042,77.0146526198658,Robbery,Knife,False
2023-12-14,16:26:48,28.761524589135927,77.14612412457925,Fraud,None,False
2023-03-04,20:17:03,28.706266831189645,77.09946649932523,Theft,None,False
2024-06-25,00:27:28,28.751911337482646,77.16016242975041,Robbery,Firearm,True
2024-08-04,20:30:41,28.60008062801841,77.2970195074277,Kidnapping,None,False
2024-05-25,06:37:07,28.685889139307054,77.09652332316746,Vandalism,None,False
2023-04-10,05:37:53,28.741121188994175,77.16093141664354,Kidnapping,Poison,False
2024-12-24,06:27:44,28.69405242794283,77.09676092969985,Vandalism,None,False
2024-03-31,01:06:16,28.745155008532763,77.07939305225423,Burglary,Poison,True
2023-11-16,10:36:38,28.84341812579349,77.18643491142316,Theft,None,False
2023-04-13,18:07:08,28.652828243510058,77.0528384327663,Theft,None,False
2023-12-12,16:33:14,28.69616115755943,77.07245340512793,Cybercrime,None,False
2023-04-30,20:11:14,28.603539862431052,77.13851641839459,Robbery,Firearm,False
2023-07-12,14:43:10,28.6687235424222,77.18905403829851,Theft,None,True
2024-05-06,21:31:21,28.597080843710568,77.27440406128419,Robbery,Blunt Object,True
2024-06-23,20:29:53,28.775136673414078,77.03469302337201,Vandalism,None,False
2024-10-20,07:18:56,28.783285931038808,77.04543595698,Murder,Firearm,False
2023-10-27,22:48:15,28.789346864343294,76.97958164021996,Burglary,Blunt Object,False
2024-05-18,03:47:53,28.768621176991825,77.15264149264966,Robbery,Knife,False
2024-12-01,02:00:24,28.77813588592031,77.02950818227573,Burglary,None,False
2023-11-11,21:23:20,28.784991926939274,77.04405447081496,Vandalism,None,False
2024-07-01,01:01:05,28.746606423105774,77.15028463402416,Robbery,Firearm,False
2023-02-23,15:47:39,28.6923303788723,77.12070543907943,Fraud,None,False
2023-08-08,03:35:30,28.748436054087854,77.16081616786181,Burglary,Knife,False
2023-03-16,07:24:47,28.72504700836478,77.00404659495182,Cybercrime,None,False
2023-01-16,01:38:48,28.704040452907872,77.11034002779311,Murder,Firearm,True
2023-01-05,08:45:08,28.685273866491368,77.22181129458511,Kidnapping,Knife,False
2024-01-16,14:38:05,28.806251539278186,77.19439148546584,Theft,None,False
2024-11-15,09:24:00,28.69950343227727,77.0917015755222,Cybercrime,None,False
2023-07-29,23:47:14,28.777964123946372,77.03446240940669,Assault,None,True
2024-01-22,10:07:29,28.679557867135323,77.1607842859524,Cybercrime,None,False
2024-05-14,09:13:36,28.703288679838824,77.11830892253232,Fraud,None,False
2023-05-12,08:07:05,28.671324557436844,77.19541273839016,Robbery,Knife,True
2023-03-10,06:40:33,28.67831780074251,77.19560191908081,Vandalism,None,False
2024-11-28,14:29:53,28.781940394796496,77.04187477492508,Theft,None,False
2023-09-25,03:57:00,28.720450663945275,77.11561693449273,Assault,None,False
2024-07-22,18:07:49,28.594885840657128,77.07713239224577,Theft,None,True
2023-04-25,08:19:28,28.750648352945504,77.15739254535076,Theft,None,False
2023-09-05,15:52:20,28.760963535550147,77.14411107325975,Fraud,None,False
2024-03-28,21:44:10,28.710883851391696,76.90050726678439,Theft,None,False
2023-11-22,01:35:35,28.848294500580188,77.05126257593234,Burglary,Knife,False
2023-09-14,06:23:26,28.70968639398445,77.0715350286012,Kidnapping,Blunt Object,False
2023-02-27,14:14:50,28.81870275750134,76.81874935586026,Theft,None,False
2023-07-08,22:50:10,28.643933896576744,77.06144181242502,Robbery,Knife,False
2023-03-13,08:56:54,28.66956363612408,77.19976226545636,Vandalism,None,False
2024-07-14,11:33:42,28.635226705411444,77.07021796177236,Theft,None,True
2023-01-18,22:31:19,28.707662527887063,77.11511519252537,Assault,Blunt Object,False
2023-04-17,08:30:26,28.637428109152225,77.05517031100877,Theft,None,False
2024-02-01,20:38:31,28.765060699074777,77.1567532130833,Robbery,Blunt Object,True
2023-01-21,23:37:27,28.738650626533232,77.14710694985537,Assault,None,False
2024-02-01,16:22:19,28.70796382653848,77.11087764221547,Cybercrime,None,False
2023-09-14,12:33:59,28.69730769346807,77.07335744010183,Cybercrime,None,False
2024-04-10,19:31:54,28.64933223185737,77.05029679310056,Kidnapping,Knife,False
2024-02-02,09:21:53,28.623926612018778,77.03417674075015,Cybercrime,None,False
2024-03-18,10:55:02,28.785498086019775,77.1153617450405,Theft,None,False
2023-08-21,14:38:41,28.701843436192878,77.11639024362964,Theft,None,False
2024-03-07,15:12:32,28.68047324683023,77.19866300042722,Theft,None,False
2024-04-19,13:14:12,28.66017264527833,77.18215449376046,Theft,None,False
2023-07-30,08:57:24,28.68793286625052,77.10020617668145,Assault,Blunt Object,False
2024-11-06,22:31:57,28.67923841462333,77.16516136372631,Robbery,Knife,False
2023-08-07,14:18:08,28.78455563881142,77.0387340713828,Theft,None,True
2023-11-04,22:42:15,28.681134401331388,77.20404928677384,Burglary,Knife,False
2024-11-06,13:59:29,28.64094703344714,77.05308977299333,Cybercrime,None,False
2023-01-25,07:31:00,28.676560836153165,77.17447719972861,Fraud,None,False
2023-06-09,23:20:48,28.718919607684366,77.09966781961056,Burglary,Knife,False
2023-09-09,04:45:12,28.66844423632126,77.17778684278849,Assault,None,True
2023-03-29,00:46:53,28.761284174234717,77.15092253016769,Robbery,Blunt Object,True
2023-11-17,12:59:12,28.747683331798697,77.16915351917623,Theft,None,False
2023-11-11,02:24:13,28.618483015933826,77.1060566074033,Robbery,Blunt Object,False
2023-10-24,11:02:26,28.650623061516104,77.04618664889583,Theft,None,False
2023-06-05,05:56:38,28.752126050140593,76.99698923245197,Fraud,None,True
2024-02-24,05:45:46,28.71232782780834,77.09287348988082,Vandalism,None,False
2024-12-07,09:04:48,28.791027690318487,77.04355833066296,Cybercrime,None,False
2023-04-10,01:26:01,28.79024365256328,77.12763166482381,Robbery,Firearm,False
2024-08-23,13:11:38,28.751786990570704,77.14673580423666,Cybercrime,None,False
2024-05-18,20:38:09,28.76881034690817,77.14550504779832,Kidnapping,Firearm,True
2023-03-12,06:27:10,28.600393392643,77.16903689350329,Burglary,Poison,False
2023-04-24,07:10:38,28.636138631968137,77.05299936502534,Kidnapping,Firearm,True
2023-01-17,22:38:28,28.659663957378303,77.1776709016054,Assault,None,False
2023-07-16,18:41:35,28.783272849761033,77.03493091727663,Theft,None,True
2023-02-23,23:38:38,28.653613062442997,77.06776897923666,Robbery,Firearm,False
2023-12-12,01:28:22,28.685012778044683,77.08268043236204,Robbery,Blunt Object,False
2024-07-18,01:08:32,28.78920157468915,77.04522570162929,Robbery,Blunt Object,True
2023-01-20,11:01:16,28.71673141994832,77.05558691457897,Theft,None,False
2024-12-12,09:50:26,28.744171339989144,77.13804794735589,Fraud,None,False
2024-03-10,14:49:31,28.710762696720437,77.1082797852364,Fraud,None,False
2023-09-25,20:06:41,28.761836352510667,77.0896340553648,Assault,None,False
2024-11-18,03:05:14,28.688169347458917,77.17765881505416,Assault,Knife,True
2023-04-20,08:50:45,28.653652692372074,77.06211257105011,Robbery,Firearm,True
2023-03-31,02:44:44,28.63801649235321,77.06842530307318,Robbery,Firearm,False
2024-09-24,02:33:45,28.7450636118684,77.1381972759267,Robbery,Knife,False
2024-11-11,03:51:11,28.78491278422056,77.03212106918285,Burglary,None,False
2023-07-10,03:20:19,28.777983719928706,77.16434256645196,Assault,None,False
2023-08-27,07:39:13,28.77638268949855,77.11367991582034,Theft,None,True
2023-07-17,17:19:56,28.714171572005966,77.10767994776393,Cybercrime,None,False
2024-04-25,10:29:17,28.644362047527743,77.05946435674734,Fraud,None,True
2023-01-07,02:53:47,28.703290826623373,77.07079574264122,Robbery,Firearm,False
2024-08-12,06:53:37,28.725160083929765,77.05365239198898,Robbery,Knife,True
2023-08-22,05:54:49,28.800026699982826,77.03269344070813,Fraud,None,False
2024-10-17,10:23:28,28.69221036580465,77.10200119845872,Theft,None,False
2023-09-04,19:19:00,28.59948789149375,77.14984074157125,Theft,None,False
2023-03-08,02:14:36,28.647009473643397,77.07207839631108,Robbery,Firearm,True
2023-03-23,16:14:09,28.666191182083054,77.18284008096228,Theft,None,True
2024-12-15,22:02:44,28.77044978204573,77.03951494781926,Burglary,None,False
2023-11-23,16:24:45,28.75598711804401,77.15208050210276,Theft,None,False
2024-05-15,11:24:47,28.78411619031357,77.0366477289079,Fraud,None,False
2023-02-13,12:50:54,28.66014339108309,77.05964905742958,Theft,None,False
2024-04-19,16:54:28,28.6754864518371,77.1716387370082,Theft,None,False
2024-01-30,15:16:37,28.617273903840168,77.11228132930934,Cybercrime,None,False
2024-01-26,23:01:02,28.81449335467019,77.07687191757485,Robbery,Firearm,False
2024-11-08,06:17:26,28.680508347068788,77.06181147554958,Burglary,Poison,False
2024-02-05,17:11:43,28.748752433291557,77.1554497145571,Theft,None,False
2024-02-06,05:45:50,28.659127423548213,77.19530939576667,Murder,Blunt Object,False
2024-09-13,18:10:22,28.667445777018706,77.18971903485439,Theft,None,False
2023-12-28,03:51:35,28.741400014026063,77.15918840130547,Robbery,Firearm,False
2023-08-29,18:53:15,28.650819446078145,77.06634202072006,Cybercrime,None,False
2023-11-12,22:59:33,28.744155714782003,77.15499548189598,Robbery,Knife,False
2023-05-13,19:17:00,28.692269438152657,77.09997236744904,Murder,Firearm,False
2023-05-12,13:27:19,28.80704131009553,77.18217019270708,Fraud,None,False
2024-01-14,15:10:57,28.674251829425405,77.17275193424078,Theft,None,False
2024-10-11,17:20:14,28.79055587712174,77.03269381237699,Fraud,None,False
2024-12-16,07:04:37,28.760896844017694,77.04032629826318,Burglary,Firearm,False
2024-09-16,08:37:46,28.701676716613033,77.22274512479831,Assault,None,False
2023-11-17,18:36:12,28.59457294811572,76.7848296186804,Cybercrime,None,False
2024-09-30,11:42:39,28.73200838583452,77.1316563676682,Theft,None,False
2023-03-10,16:21:54,28.767193283723934,77.02271500454135,Theft,None,False
2023-10-10,05:12:34,28.979621774371992,77.07193893858462,Kidnapping,None,False
2023-12-02,12:58:03,28.761409589763762,77.14599340172632,Cybercrime,None,False
2023-11-24,17:38:50,28.763196971011467,77.03079741753206,Cybercrime,None,False
2024-10-23,06:51:07,28.67753954397139,77.06251217613317,Robbery,Firearm,True
2023-07-19,19:03:36,28.692635916449362,77.12892682716458,Vandalism,None,False
2024-03-09,00:23:50,28.672598830487463,77.16985993832053,Robbery,Firearm,False
2023-03-22,13:25:17,28.67896184791562,77.16300628244679,Theft,None,False
2024-07-22,05:42:55,28.653596425427157,77.18989180494702,Cybercrime,None,False
2024-04-11,10:02:49,28.78917020272135,77.03192604634927,Theft,None,False
2023-05-12,11:45:10,28.690145514952448,77.09542089059326,Cybercrime,None,True
2024-07-19,17:22:14,28.781472532523132,77.01654106031427,Theft,None,False
2024-01-20,20:01:46,28.630197134197676,77.16773303381767,Theft,None,False
2023-07-02,11:53:29,28.68837305364289,77.17830565247341,Fraud,None,True
2024-08-02,20:41:58,28.79166488354316,77.01335939929413,Theft,None,True
2024-12-31,04:48:04,28.770045124111363,77.02210515852725,Burglary,None,False
2023-06-17,08:33:23,28.70717345616708,77.10002247581761,Robbery,Knife,False
2023-12-18,02:31:59,28.687304140097837,77.1737556435166,Burglary,Poison,True
2024-12-12,05:38:34,28.68037606297562,77.17970492536703,Vandalism,None,True
2024-04-04,05:47:28,28.688269452199034,77.08411461068408,Robbery,Knife,False
2024-10-22,20:18:16,28.74564326895506,77.15235901034093,Theft,None,True
2024-05-05,01:32:36,28.643473517778784,77.06491240248407,Robbery,Knife,False
2023-05-21,18:13:32,28.712550514569287,77.18229945496122,Theft,None,False
2024-11-17,14:24:39,28.796450861604736,76.99743766781722,Theft,None,False
2024-07-17,02:28:27,28.682787725005905,77.17063663572891,Robbery,Knife,False
2023-01-08,12:43:14,28.679978558881377,77.18869738784703,Fraud,None,False
2024-02-11,07:44:49,28.624986831083376,77.0634297924653,Burglary,Poison,True
2024-09-29,10:14:45,28.657250388663968,77.02662347420647,Theft,None,False
2023-07-26,22:07:21,28.65760852330699,77.05596320859362,Robbery,Firearm,False
2024-04-07,01:02:57,28.77603623070882,77.03325694940007,Burglary,Rope,False
2023-02-12,14:06:24,28.760955897462985,77.1510835141399,Cybercrime,None,False
2023-11-02,07:48:14,28.71576370545669,77.10780975661964,Murder,Firearm,True
2024-08-03,09:11:13,28.622317886802687,77.05720533036494,Theft,None,True
2023-07-05,12:09:29,28.638481579006484,77.06729360953429,Theft,None,False
2024-04-13,14:13:36,28.441618294362588,77.35740097087178,Fraud,None,False
2024-05-06,20:25:09,28.757202609489422,77.11738768039177,Murder,Knife,False
2023-01-01,01:08:09,28.76591567716419,77.17593654052813,Burglary,None,False
2023-11-07,16:12:14,28.79117466445884,77.19738130964717,Theft,None,False
2023-08-09,23:30:42,28.78540690024464,77.03108474246635,Robbery,Knife,False
2024-10-31,00:48:55,28.66934204555995,77.17423888008285,Robbery,Firearm,True
2024-04-12,07:27:05,28.777229859003004,77.01899444035658,Robbery,Blunt Object,True
2024-05-02,06:21:22,28.6965128549315,76.93403324227737,Theft,None,True
2024-04-11,21:06:32,28.646009165241438,77.06213669391957,Vandalism,None,False
2024-05-06,02:18:14,28.70556935298387,77.09727868429981,Assault,None,True
2023-01-31,01:21:10,28.704868603701804,77.19610115900181,Burglary,Blunt Object,False
2024-08-13,01:36:11,28.741654574999153,77.15482868087427,Burglary,Firearm,False
2023-07-27,09:43:53,28.643299385706268,77.00105202732927,Theft,None,False
2023-07-12,08:32:58,28.570092792887607,77.14572166907593,Cybercrime,None,True
2023-02-15,20:30:21,28.635961976493043,77.19928260240253,Fraud,None,False
2023-02-18,10:25:54,28.803478221453044,77.23989143852116,Theft,None,False
2024-07-11,05:58:02,28.665576132339257,77.18725365610692,Kidnapping,Rope,False
2024-07-07,05:18:16,28.76734542166423,77.05508218248961,Kidnapping,Rope,False
2024-02-16,13:32:53,28.69638228042607,77.11859520665777,Theft,None,False
2023-06-01,18:00:16,28.726849587573206,77.16609677507118,Fraud,None,False
2023-03-30,21:55:25,28.66587923988172,77.17030715533478,Murder,Blunt Object,False
2024-10-22,16:59:12,28.647155022550788,77.090097861261,Theft,None,False
2023-12-18,18:26:08,28.597677999318265,77.10151551913496,Cybercrime,None,False
2024-10-09,05:48:16,28.687214948119315,77.09129952577531,Burglary,Knife,False
2023-04-25,18:15:17,28.68080911248277,77.18853790520278,Fraud,None,True
2024-07-17,05:59:47,28.78018123234613,77.02232235690924,Assault,Blunt Object,False
2024-01-18,19:58:06,28.77382596448474,77.0287673175406,Fraud,None,False
2024-02-22,03:52:29,28.79054518491645,77.04178245691345,Robbery,Knife,False
2023-07-12,00:01:18,28.654446826451803,76.98715075740152,Assault,Knife,True
2024-12-12,11:09:40,28.756778436378664,77.14426465029375,Theft,None,False
2024-07-08,23:14:16,28.63891747361139,77.07575276090436,Robbery,Blunt Object,True
2023-05-04,07:32:23,28.792371154285657,77.03407974312253,Burglary,Rope,True
2023-05-02,15:21:41,28.661380809988874,77.18461396567471,Cybercrime,None,False
2023-11-04,12:29:39,28.714726572907875,77.09874366334235,Theft,None,False
2024-08-26,17:25:10,28.717611140899866,77.11542745289519,Fraud,None,True
2024-05-26,11:38:14,28.770737328321434,77.15555243126532,Theft,None,False
2024-01-28,19:37:30,28.7628391699806,77.24391872883311,Robbery,Knife,False
2024-12-02,17:51:05,28.7488393937069,77.05237658922098,Cybercrime,None,False
2023-03-30,17:17:22,28.66961457163472,77.18488554953774,Theft,None,True
2024-04-10,13:49:47,28.74119438578054,77.15106741084637,Fraud,None,False
2023-02-05,11:45:19,28.685065471182302,77.16058746148835,Theft,None,False
2023-04-08,00:22:29,28.689444821017943,77.19372374218703,Burglary,Poison,True
2024-03-31,02:30:57,28.65812353841695,77.15683908278719,Burglary,Blunt Object,False
2024-07-02,23:48:02,28.67413147726906,77.1947999036844,Assault,None,True
2023-06-28,16:26:48,28.683926831427698,77.16849929276817,Theft,None,False
2023-12-06,15:32:12,28.709972624134643,77.10044372146358,Theft,None,False
2023-03-20,07:14:59,28.712383257051812,77.02968280990302,Cybercrime,None,False
2024-10-31,06:25:51,28.691581370691207,77.19290061819903,Fraud,None,True
2023-12-15,21:14:49,28.636702288360272,77.04915389393089,Cybercrime,None,False
2024-12-18,04:13:36,28.665532736902215,77.14595026460914,Robbery,Firearm,True
2024-12-16,15:39:17,28.78650205843946,77.04503132824769,Theft,None,False
2024-03-04,17:14:43,28.761999197221808,77.16219569025753,Theft,None,False
2023-03-10,02:22:22,28.677368554006105,77.16860701269789,Robbery,Blunt Object,False
2023-09-07,05:00:25,28.70214301468853,77.1131008973991,Robbery,Firearm,True
2024-04-01,19:52:34,28.643584770714757,77.06753090368623,Kidnapping,Poison,False
2024-08-19,15:02:46,28.64091251684754,77.05220188151458,Theft,None,True
2023-11-04,04:51:00,28.64286655935954,77.06559047443032,Assault,None,False
2023-04-26,19:05:55,28.747543122805386,77.15014288755144,Murder,Knife,True
2023-11-24,08:52:19,28.634705367580143,77.07369244917564,Cybercrime,None,False
2024-05-04,17:25:48,28.67115544242412,77.19702755545127,Theft,None,False
2023-03-14,05:19:11,28.71938747850541,77.1016895403528,Burglary,Poison,False
2023-03-11,17:23:31,28.603255126745264,76.89391021222667,Fraud,None,True
2024-10-03,15:03:19,28.629379629269735,77.04876165175101,Cybercrime,None,False
2023-09-26,14:47:46,28.84194696274615,77.1140824587227,Theft,None,False
2024-02-09,01:00:26,28.78799604524092,77.01029578991066,Robbery,Knife,False
2023-08-19,04:38:08,28.692120335707827,77.11137079776447,Burglary,Poison,False
2023-09-05,21:48:29,28.646967741123827,77.06102794721315,Vandalism,None,False
2024-03-19,21:50:19,28.759748423586004,77.16885797806137,Theft,None,False
2024-12-22,05:17:59,28.75188957536463,77.15319369802658,Theft,None,False
2024-04-20,23:40:18,28.78602596918731,77.05642109635275,Assault,Knife,False
2024-09-11,11:54:32,28.4941643735581,77.17082230147889,Cybercrime,None,False
2024-12-05,21:27:54,28.672951977512408,77.18816771726185,Vandalism,None,False
2024-12-09,17:49:42,28.747526274460053,77.15201034969142,Cybercrime,None,True
2023-10-05,10:31:12,28.791214105794655,77.06362910201045,Fraud,None,False
2023-09-03,20:36:28,28.79218036189402,77.0240193440197,Assault,None,False
2024-06-14,14:59:01,28.77986240317977,77.02796585891618,Theft,None,False
2024-09-19,05:04:15,28.6261435682737,77.05919909808298,Murder,Firearm,False
2024-07-20,11:41:32,28.777382908182176,76.97507678809232,Theft,None,False
2023-05-01,10:36:42,28.654584826510508,77.06737774821084,Fraud,None,False
2023-07-07,23:34:26,28.776757666780288,77.03108470362663,Assault,None,False
2024-08-04,16:42:52,28.80008321807641,77.03983547813507,Fraud,None,False
2023-09-16,04:31:49,28.754187836548983,77.1501231668304,Murder,Blunt Object,False
2023-09-18,18:01:27,28.644866090704518,77.05738236442058,Theft,None,False
2023-07-23,09:40:25,28.65305250494281,77.20292177910535,Theft,None,False
2024-09-01,03:56:06,28.675653249991992,77.18648147265122,Burglary,Blunt Object,False
2023-05-06,13:09:20,28.64352092250123,77.05514883199275,Fraud,None,True
2023-10-12,03:54:45,28.752240755190513,77.13650605237807,Burglary,Firearm,False
2024-12-04,15:24:38,28.93180864980533,76.97904880015777,Theft,None,True
2024-10-01,10:05:29,28.773780337161526,77.02809740795615,Theft,None,False
2024-09-10,20:46:31,28.716980757248525,77.10264508999263,Murder,Blunt Object,False
2023-06-05,00:50:08,28.580486420396955,77.22793383607574,Burglary,Firearm,False
2023-07-28,19:43:23,28.681410006267853,77.18788434957217,Theft,None,False
2023-10-04,17:42:14,28.71125734241171,77.12644361900583,Theft,None,False
2023-08-15,08:48:42,28.92260948950361,77.03382846569967,Cybercrime,None,False
2023-08-14,10:10:30,28.866488499281115,77.14081681897589,Theft,None,False
2024-08-16,21:50:06,28.679090958161378,77.16557729168358,Fraud,None,False
2023-03-25,14:52:27,28.752396142346118,77.14437176409663,Fraud,None,False
2024-09-21,13:50:28,28.68238058814893,77.19321080500403,Theft,None,False
2024-03-23,19:04:33,28.653355136489836,77.18227965135996,Kidnapping,Firearm,True
2024-02-02,16:05:58,28.71531861504794,77.10063321037687,Fraud,None,False
2024-09-07,13:45:01,28.761390636450024,77.15601165467628,Theft,None,False
2023-12-28,14:44:57,28.787516602319524,77.02978685021932,Theft,None,False
2024-01-24,21:51:40,28.58244191958643,76.9903469852575,Cybercrime,None,True
2023-09-07,23:30:03,28.711193525144555,77.1026945825552,Burglary,Blunt Object,True
2024-01-04,13:52:14,28.782714877553925,77.0282610995768,Theft,None,False
2024-03-10,03:15:25,28.673581115451924,77.20719117944883,Burglary,Firearm,False
2024-05-05,05:45:22,28.780747559181318,77.019089352867,Burglary,Knife,False
2024-01-26,13:16:25,28.77846517755402,77.08201233361353,Theft,None,False
2023-04-05,22:24:28,28.644413958655328,77.078575783064,Burglary,None,False
2024-04-08,05:25:33,28.783894394426493,77.0353918367312,Murder,Firearm,False
2023-08-23,14:54:29,28.63231076508702,77.0603033054765,Theft,None,True
2024-09-27,01:53:54,28.760195260452086,77.1369462626616,Burglary,Rope,False
2024-03-09,06:06:50,28.676108450931157,77.18350791072645,Assault,None,False
2023-03-10,03:41:45,28.754512874555875,77.16287158898659,Robbery,Knife,True
2024-07-20,13:25:56,28.73754385148485,77.25030718983565,Fraud,None,False
2023-09-09,00:19:06,28.63416410484406,77.06385924567218,Robbery,Firearm,False
2024-05-27,18:22:07,28.7549446678639,77.14180745506245,Cybercrime,None,False
2024-04-25,05:40:35,28.763662950020915,77.17574673305853,Burglary,Knife,False
2024-04-18,08:56:56,28.78392993925516,77.03755021088276,Cybercrime,None,False
2024-12-31,09:02:14,28.712551847581533,77.03114153300929,Theft,None,True
2023-05-20,00:01:15,28.65589239722198,77.17544226516905,Robbery,Knife,False
2024-07-17,19:42:51,28.66018041619048,77.1995410207806,Fraud,None,False
2024-06-16,12:53:11,28.692589030607678,77.06790806709529,Fraud,None,False
2024-06-20,14:50:35,28.79301538247878,76.99032488971442,Theft,None,False
2023-07-31,02:40:22,28.746431359619955,77.15318072269248,Burglary,Firearm,False
2024-01-27,13:41:15,28.684387689914235,77.18751685045169,Theft,None,True
2023-01-17,07:50:55,28.64658325142516,77.06328117735237,Fraud,None,False
2023-05-24,23:37:55,28.70810235855527,77.1045165290513,Assault,None,False
2024-03-25,09:12:30,28.63380027725223,77.06296079221633,Theft,None,False
2024-01-16,07:27:09,28.596731134108225,77.11060825429009,Cybercrime,None,False
2023-09-09,05:17:55,28.74929352058512,77.17789381622784,Robbery,Firearm,True
2024-10-31,15:46:44,28.673701056162482,77.16845760433739,Theft,None,False
2024-07-18,17:22:15,28.702758197893232,77.10769358745638,Theft,None,False
2023-07-18,11:17:57,28.800833639461523,77.02660547600063,Cybercrime,None,False
2023-05-30,20:26:48,28.738275720259765,77.16066837011431,Murder,Firearm,False
2023-01-25,16:19:27,28.770294012941,77.02813844558494,Theft,None,False
2023-10-19,13:23:50,28.78152379514489,77.03180366546701,Theft,None,True
2024-05-14,15:46:47,28.773016445707434,77.03413657177137,Fraud,None,True
2024-08-02,18:25:15,28.70136270747833,77.10235729647052,Theft,None,False
2024-01-22,12:01:13,28.71905979575188,77.1122827174708,Fraud,None,False
2024-10-12,09:43:30,28.74770057752226,77.18688395096417,Theft,None,False
2023-10-10,14:21:34,28.67802634115651,77.1870358552351,Theft,None,True
2023-07-19,15:13:57,28.628277768332538,77.06300227699165,Fraud,None,False
2023-06-05,15:32:36,28.752050754800162,77.17539411945705,Fraud,None,False
2023-08-04,00:01:14,28.63486492257662,77.03659607251114,Murder,Firearm,True
2023-03-09,07:58:37,28.668358993247164,77.18786413899892,Cybercrime,None,False
2024-05-20,04:09:33,28.80748810549242,77.06175398927084,Robbery,Knife,False
2024-04-25,09:23:47,28.793179623136268,77.03373479809166,Fraud,None,False
2024-06-23,05:39:54,28.782857142228373,77.03038615770183,Vandalism,None,False
2023-09-09,08:14:08,28.778761136460215,77.13505778167871,Theft,None,False
2024-06-05,10:56:36,28.806858254276474,77.02397775357004,Theft,None,False
2023-11-04,09:22:49,28.7092810170203,77.09720798990189,Theft,None,False
2023-09-12,16:54:22,28.635407130130115,77.06239132862964,Cybercrime,None,True
2024-01-07,15:01:26,28.70547352479407,77.1316817355506,Fraud,None,False
2023-03-25,08:49:44,28.782258541843166,77.02119821270517,Burglary,Poison,False
2024-11-09,02:24:52,28.73140107174944,76.89503599624537,Assault,Knife,True
2023-06-07,15:04:53,28.673180432173957,77.18266025282296,Theft,None,True
2023-05-02,11:12:51,28.79204600382945,77.0422362224943,Theft,None,False
2024-02-10,21:25:25,28.65374303810923,77.08743859853702,Assault,None,False
2023-06-18,12:14:14,28.696438791693893,77.09121937445192,Theft,None,False
2023-04-14,02:59:20,28.757198947793807,77.13976414451403,Robbery,Knife,False
2023-04-05,23:35:30,28.66995373099428,77.17254826040102,Robbery,Firearm,False
2023-10-26,13:21:12,28.649596831862905,77.08051430099266,Fraud,None,False
2023-02-11,06:00:55,28.74108412017197,77.13396981517103,Murder,Firearm,True
2023-03-26,01:26:19,28.691611311464992,77.10406977959578,Burglary,Knife,False
2024-05-17,03:54:55,28.72596593067573,77.05786794847657,Robbery,Firearm,True
2023-10-19,05:02:48,28.684036070117457,77.13925104105407,Robbery,Knife,False
2023-04-09,18:04:26,28.71450430892645,77.08294951229682,Fraud,None,False
2024-11-11,05:55:39,28.780410605609685,77.03463808793943,Cybercrime,None,False
2023-11-10,10:41:29,28.694920238953895,77.11981169631768,Fraud,None,False
2023-11-13,11:53:29,28.637745901197714,77.06208707312993,Theft,None,False
2023-02-07,02:53:34,28.649660220968425,77.05658715211199,Robbery,Blunt Object,False
2023-05-10,05:26:12,28.655634269521954,77.17821345473084,Robbery,Firearm,False
2023-09-02,17:32:03,28.714394405559272,77.09913104873216,Theft,None,True
2024-11-15,20:06:07,28.6194565698541,77.19506722095028,Murder,Blunt Object,False
2024-11-02,01:13:54,28.671022510397695,77.05148391863499,Robbery,Firearm,False
2023-09-16,14:11:00,28.755594560896633,77.16020750209618,Theft,None,False
2024-12-27,11:46:52,28.697917135317326,77.19077236107658,Theft,None,False
2024-12-25,15:22:38,28.820083996638836,77.05190338010122,Fraud,None,False
2023-09-14,15:08:19,28.633841318940306,77.06312331349619,Theft,None,False
2023-09-03,18:40:11,28.6451716991526,77.05171487258636,Fraud,None,False
2023-07-04,15:12:51,28.686570547009598,77.14243176017192,Theft,None,True
2024-09-21,13:34:52,28.78770393395018,77.03754287853386,Theft,None,True
2023-07-26,07:41:04,28.707009647301376,77.09742991340731,Burglary,Firearm,False
2024-08-27,22:17:56,28.69896099373351,77.09051048602007,Murder,Firearm,True
2024-07-14,10:33:56,28.721947750391852,77.1026345036462,Fraud,None,False
2023-01-19,14:49:50,28.78185146944205,77.02321207918548,Fraud,None,True
2024-04-19,22:09:51,28.70345657902328,77.17176671967778,Burglary,Firearm,False
2024-10-29,01:24:33,28.779811520743937,77.03665836836288,Assault,Blunt Object,False
2024-06-27,08:20:44,28.760102129657444,77.16207932055217,Theft,None,False
2024-04-05,08:42:03,28.884860850776928,77.15311576554608,Fraud,None,True
2023-10-08,19:29:17,28.743539692000333,77.14993054874878,Vandalism,None,False
2024-09-06,01:51:50,28.787178323725136,77.05318226041507,Burglary,Poison,False
2023-10-22,04:13:07,28.690121945215758,77.11452576505226,Assault,Knife,False
2023-07-01,19:50:42,28.785899143695463,77.04087830535231,Assault,None,False
2024-05-06,00:45:11,28.643080052833643,77.05407567369873,Robbery,Blunt Object,False
2024-11-18,09:21:37,28.791608727794014,77.03904431027107,Theft,None,False
2024-01-06,03:33:13,28.653820569657398,77.06236695364622,Assault,None,True
2023-05-05,00:07:16,28.638101779766803,77.04691213004976,Murder,Firearm,False
2023-04-27,16:25:51,28.78603732681394,77.1448889482444,Theft,None,False
2024-11-15,22:22:06,28.66444217367136,77.17711426326704,Robbery,Firearm,True
2023-07-13,19:51:14,28.669432411880486,77.16767015568018,Murder,Knife,True
2023-06-16,05:18:31,28.62233176033949,76.98911696431936,Kidnapping,Knife,False
2023-01-31,12:23:08,28.77997520988112,77.02511302501672,Cybercrime,None,False
2024-02-17,07:43:54,28.687829950791333,77.1227259023057,Burglary,Knife,False
2024-12-15,02:26:08,28.829354073102923,77.02459805784801,Murder,Knife,False
2024-02-01,11:43:53,28.676824213966537,77.18667465089821,Fraud,None,False
2023-02-07,16:29:23,28.82320858547735,77.020639497334,Theft,None,False
2024-10-26,12:19:57,28.795021067839823,77.02702094695795,Theft,None,True
2024-04-19,03:06:10,28.57051375958314,77.17491365593146,Robbery,Firearm,True
2024-05-21,20:09:19,28.687007584241222,77.20837908973532,Vandalism,None,False
2024-10-15,11:32:38,28.742102747349097,77.15948919685081,Theft,None,False
2023-02-26,10:55:48,28.750001987562065,77.16033358710524,Fraud,None,False
2023-06-06,10:13:07,28.659395104487686,77.16987230224302,Theft,None,False
2024-06-27,13:14:42,28.626512517683352,77.11039640456681,Theft,None,False
2024-02-21,00:49:39,28.639991873346165,77.16840543439135,Robbery,Firearm,False
2023-05-21,19:06:46,28.80678946182579,77.16245775412455,Robbery,Firearm,True
2023-12-08,11:35:21,28.865978763966087,77.14408266294554,Cybercrime,None,False
2023-03-22,08:25:45,28.691931032896598,77.11613376513539,Theft,None,False
2024-07-08,02:54:01,28.69804843764394,77.11160418499686,Assault,Blunt Object,False
2024-11-04,10:49:59,28.86147342165551,77.14816880107304,Theft,None,False
2023-02-11,11:21:20,28.554484118683536,77.01067878334902,Cybercrime,None,False
2023-10-03,01:53:42,28.79732744466885,77.03080877314359,Robbery,Firearm,True
2023-02-13,17:05:02,28.67489573534942,77.19008824416164,Cybercrime,None,False
2023-06-12,21:30:44,28.791063228620803,77.03528799812386,Vandalism,None,False
2023-07-09,23:36:38,28.642013316287798,77.05937331554267,Murder,Knife,True
2024-04-26,07:57:08,28.762678988252915,77.15803569531069,Burglary,Knife,False
2023-01-06,19:02:27,28.678369999938223,77.21071123129931,Murder,Knife,False
2023-03-02,15:38:44,28.642809658848705,77.05398337825666,Theft,None,False
2023-10-27,12:32:03,28.696510293010967,77.09271259163691,Theft,None,False
2023-10-22,09:48:25,28.676858998339632,77.22587242783362,Theft,None,True
2023-09-19,23:36:18,28.62359048189695,77.12134757610181,Burglary,None,True
2023-09-17,04:40:02,28.637533106543728,77.05989690958728,Burglary,Rope,True
2023-09-12,04:49:20,28.553095878801475,77.08044617708435,Assault,None,False
2023-03-15,14:22:16,28.684729462019504,77.15652879440357,Theft,None,False
2024-08-11,00:06:09,28.756332809132555,77.14051607875048,Burglary,Rope,True
2023-01-15,15:02:59,28.812519824404355,77.12353030402221,Theft,None,False
2024-10-25,04:29:13,28.646083935171777,77.06240817646615,Assault,None,False
2024-11-27,10:00:53,28.69892242552778,77.1046780233975,Theft,None,False
2023-05-30,07:31:43,28.75165884359286,76.92781043086545,Fraud,None,False
2024-05-16,17:48:02,28.63871239162654,77.05995053029596,Cybercrime,None,False
2024-03-19,16:52:42,28.756661706056946,77.16443311005928,Theft,None,True
2024-06-20,10:31:29,28.626925918540323,77.05270381531822,Theft,None,True
2023-05-25,10:19:11,28.652846588935347,77.02234724098955,Theft,None,False
2024-04-29,19:16:54,28.669381350488774,77.1795802219988,Robbery,Knife,False
2024-04-05,07:18:55,28.63356164504636,77.06677814395152,Murder,Blunt Object,False
2023-08-14,15:57:06,28.657080977699817,77.17688662003559,Cybercrime,None,True
2024-10-22,17:41:28,28.6711510699782,77.26998596729142,Theft,None,False
2024-06-18,09:16:38,28.78135197695247,77.0104875652655,Fraud,None,False
2024-06-12,11:17:40,28.504211109313875,77.10590295863467,Fraud,None,True
2023-09-05,10:17:48,28.7602377085579,77.15625455857628,Theft,None,False
2024-11-15,20:14:30,28.7208570105801,77.21872595975057,Vandalism,None,False
2023-01-04,05:25:42,28.698704087792628,77.11144910556027,Theft,None,False
2024-07-21,15:16:54,28.54089851149736,77.0120052167062,Fraud,None,True
2023-04-22,11:09:12,28.626029586050684,77.0597515469933,Fraud,None,False
2024-08-23,07:15:44,28.783637387827333,77.03364101492228,Fraud,None,False
2024-10-01,07:08:45,28.67471883352887,77.17322446669189,Assault,None,False
2024-06-29,12:08:23,28.64219759155587,77.04752553331394,Theft,None,False
2023-01-17,02:46:36,28.840422897513225,77.0721373927102,Robbery,Blunt Object,False
2023-07-29,17:00:21,28.749211138809564,77.16838940328445,Theft,None,True
2024-03-27,04:56:29,28.691677534664507,77.09124412885969,Robbery,Firearm,False
2023-01-12,21:23:24,28.773137796751314,77.03182128618302,Fraud,None,True
2024-10-20,21:25:52,28.747263162963762,77.17646754681179,Cybercrime,None,False
2024-09-18,04:19:28,28.66981995317495,77.04000567545799,Robbery,Firearm,False
2024-07-08,06:04:53,28.79018735589124,77.02692869427429,Theft,None,False
2023-08-10,14:59:36,28.645458485111124,77.04052278717462,Cybercrime,None,True
2023-08-23,20:57:34,28.69501230329192,77.11934524834604,Murder,Firearm,False
2024-04-08,20:15:13,28.788329732701392,77.10481959785574,Burglary,None,True
2024-08-08,00:46:39,28.8392015752487,76.95124710347012,Burglary,Knife,False
2023-08-28,01:38:45,28.57102948686691,76.88470322678054,Assault,None,False
2024-04-16,02:13:51,28.777105854598766,77.03411698526706,Burglary,Knife,False
2024-01-11,22:49:59,28.645128585779325,77.0639934191106,Assault,Blunt Object,False
2023-06-12,17:14:52,28.73998943168934,77.16053154742615,Theft,None,False
2023-06-29,15:18:16,28.706496275182392,77.10983054281466,Theft,None,False
2024-03-01,03:56:53,28.6251723782241,77.06561490858797,Burglary,Rope,False
2024-12-31,20:12:24,28.692222347600826,77.0985267674745,Vandalism,None,False
2023-06-11,21:38:12,28.75753648986364,77.1116093606256,Vandalism,None,False
2024-03-11,06:16:02,28.618946002022067,77.10312731561845,Cybercrime,None,False
2023-08-08,00:43:45,28.688784646847562,77.11400267395899,Robbery,Firearm,False
2024-08-18,04:11:58,28.683571598050374,77.21435499442553,Assault,None,True
2023-04-26,20:23:28,28.69883468312904,77.09726424011593,Cybercrime,None,False
2024-08-17,04:55:23,28.627681321336215,77.19011739316932,Robbery,Firearm,False
2023-09-04,01:50:52,28.63315688426715,77.16695954324152,Burglary,Poison,True
2023-03-27,12:20:48,28.700275476023307,77.0827403670011,Fraud,None,True
2024-07-16,04:57:29,28.778396859322132,77.02070891785638,Assault,None,False
2023-07-30,05:05:12,28.707490272368233,76.98345922643256,Assault,Blunt Object,True
2024-03-28,02:36:03,28.713359751007147,77.10158924139648,Burglary,Rope,True
2023-11-26,16:46:50,28.686340400524127,77.16808921377877,Theft,None,False
2023-12-12,01:05:26,28.800490693407585,77.10049012482304,Robbery,Firearm,True
2024-12-08,00:52:52,28.62697997004507,76.9251030383888,Assault,Blunt Object,True
2023-03-25,03:00:30,28.69723950242965,77.09632787753353,Burglary,Blunt Object,True
2024-10-25,13:31:38,28.705170574529923,77.09904853118863,Theft,None,True
2023-12-28,11:23:25,28.772893297205144,77.04120167287294,Theft,None,True
2024-05-31,23:30:21,28.698395883314706,77.2208987443197,Robbery,Firearm,False
2024-09-06,20:59:07,28.64751825213955,77.06189962458312,Vandalism,None,False
2023-03-20,05:28:56,28.69808055558065,77.09616768603286,Burglary,Firearm,True
2023-02-11,18:27:52,28.66559386747048,77.17708993134218,Theft,None,True
2023-01-03,09:30:47,28.761656658387444,77.15028111728708,Cybercrime,None,False
2023-04-01,13:09:38,28.770602269306185,77.05018169293061,Fraud,None,False
2024-01-22,20:29:53,28.67729965191145,77.16843056599487,Robbery,Firearm,False
2024-06-07,08:17:44,28.659915107275918,77.11358863828285,Kidnapping,Firearm,True
2024-08-13,13:39:54,28.661145920932974,77.05141887541741,Fraud,None,True
2024-02-21,07:34:12,28.76386040719356,77.16649486426972,Assault,None,False
2024-10-01,23:09:53,28.747813456949256,77.1497248638114,Murder,Blunt Object,False
2023-10-02,01:42:38,28.743736907526262,77.1504653885892,Murder,Blunt Object,False
2023-05-08,20:14:08,28.700441002565707,77.16846499980824,Vandalism,None,True
2024-10-21,06:27:38,28.795001834710202,77.0250190393538,Vandalism,None,False
2024-06-12,07:03:29,28.624426749357742,77.06228755220724,Fraud,None,False
2024-02-14,09:45:01,28.757035375299687,77.15499417687685,Theft,None,True
2024-09-25,10:44:46,28.67083326752491,77.18374752099665,Fraud,None,False
2023-01-22,08:50:13,28.659254448083523,77.06631734168963,Fraud,None,False
2024-03-17,07:47:12,28.70036631574997,77.09749802182904,Robbery,Firearm,False
2024-02-04,10:37:03,28.752401476423223,77.1688673996183,Cybercrime,None,False
2023-10-25,01:32:26,28.782266992904738,77.03230205655481,Robbery,Knife,False
2023-10-28,06:58:42,28.63927686429064,77.07348983357441,Theft,None,True
2024-02-26,10:11:12,28.803698372547444,77.03700613049433,Cybercrime,None,True
2023-04-22,13:24:43,28.712377290378544,77.10617828331743,Theft,None,False
2023-10-10,12:04:17,28.465669321121425,77.17701508642848,Fraud,None,False
2024-11-20,12:22:35,28.75544166415996,77.15678342050661,Theft,None,True
2023-10-26,08:41:42,28.63295378059163,77.0640543121023,Assault,Knife,False
2023-12-30,07:04:31,28.662997506349683,77.20466229840731,Vandalism,None,False
2024-02-09,08:04:42,28.75031240163397,77.1733266032211,Burglary,None,True
2024-04-10,19:09:31,28.708408624190152,77.08974317340005,Cybercrime,None,True
2023-07-23,08:46:40,28.702814537067482,77.09598324877844,Robbery,Knife,False
2024-02-19,23:26:54,28.6221561753018,77.07849470940114,Robbery,Firearm,False
2023-03-20,03:03:12,28.774414254222002,77.15582073178994,Murder,Knife,False
2023-12-02,14:10:31,28.720640366029972,76.96429824313076,Theft,None,False
2024-06-21,00:18:18,28.655738286044457,77.1866780774784,Robbery,Firearm,True
2023-01-31,21:20:20,28.59897799702175,76.84932306837493,Robbery,Firearm,False
2024-09-03,19:04:24,28.641828939922192,77.06108242445973,Theft,None,False
2024-04-28,23:11:11,28.785455634164144,77.03978518643515,Assault,None,False
2024-09-02,04:21:29,28.767860581223122,77.1283769805244,Murder,Blunt Object,True
2024-11-27,07:46:50,28.82365313880867,76.95060302191868,Fraud,None,False
2023-05-18,02:06:34,28.78914581814477,77.03876538363338,Robbery,Knife,True
2024-10-16,20:56:10,28.580143771391977,76.95221293913177,Murder,Firearm,False
2024-06-26,17:22:46,28.666640578735244,77.17588458557485,Theft,None,True
2023-07-19,06:12:40,28.681634194635024,77.1763546121631,Burglary,Knife,False
2023-10-09,12:12:14,28.665536514817187,77.17638366263306,Theft,None,True
2024-12-13,10:42:08,28.76528632334154,77.15263043374377,Theft,None,False
2023-02-13,13:21:21,28.68617489746431,77.0914994501299,Fraud,None,False
2024-03-14,15:51:04,28.687020603343264,77.17500828273397,Cybercrime,None,True
2023-04-30,04:41:20,28.7672550829094,77.15460496298923,Burglary,None,True
2023-02-26,18:56:31,28.688058061802465,77.35259004979343,Cybercrime,None,False
2023-04-01,00:59:34,28.693543605102015,77.09896314240433,Robbery,Knife,True
2023-04-13,06:23:24,28.63177568760836,77.07202461970536,Assault,None,False
2024-06-05,20:02:07,28.690991889336516,77.19919922781405,Burglary,Blunt Object,True
2024-03-10,20:26:20,28.68633948753146,77.18052379532205,Burglary,Poison,False
2023-09-28,10:34:23,28.667575902251016,76.9353830227506,Fraud,None,True
2024-07-21,00:10:49,28.804458735351815,77.0371897807815,Assault,Knife,False
2024-05-03,20:02:07,28.639180430951306,77.07578056888987,Vandalism,None,False
2023-08-28,23:29:19,28.6343723548324,77.06656622034222,Robbery,Knife,True
2024-04-07,00:39:26,28.78237370865709,77.03888677139882,Burglary,None,False
2024-08-17,02:21:38,28.697742646081387,76.95740721088889,Assault,None,False
2024-04-08,09:17:35,28.711657637267002,77.20738641418754,Fraud,None,False
2024-12-24,20:51:16,28.70380783594146,77.11025115121589,Fraud,None,False
2024-11-03,10:47:31,28.599547051432594,77.09987392067302,Cybercrime,None,False
2023-10-30,05:17:09,28.697854895449115,77.10996980840105,Vandalism,None,False
2023-09-12,05:20:58,28.70441491562262,77.10940073676338,Kidnapping,Poison,True
2023-11-14,20:44:03,28.71497710426158,77.10941618575121,Assault,Knife,False
2023-10-29,05:08:39,28.64683118434294,77.05251787741489,Fraud,None,False
2024-02-22,22:39:15,28.75407213889333,77.14716909597985,Burglary,Poison,False
2024-04-13,15:12:29,28.75065936043296,77.1487546584925,Cybercrime,None,True
2023-08-10,11:16:07,28.63430074425218,77.04292661410867,Fraud,None,False
2023-11-30,21:55:57,28.637418569516726,77.06443379451925,Kidnapping,Rope,False
2024-06-16,05:02:36,28.569282295457253,77.10406822364718,Vandalism,None,True
2023-10-19,00:06:42,28.894126842431096,77.20480565552523,Assault,Knife,True
2024-12-12,20:37:01,28.868454150912054,77.14161278769328,Fraud,None,False
2024-02-20,21:29:59,28.655775098229867,77.05526035269533,Kidnapping,Poison,False
2023-04-06,20:02:50,28.777656597329777,77.00510859793864,Fraud,None,False
2023-08-10,00:32:37,28.765961454740424,77.1679032397982,Burglary,Blunt Object,True
2023-07-14,19:14:32,28.63856822754653,77.05996048293603,Kidnapping,Poison,False
2023-05-04,09:10:21,28.628713788630904,77.14076535514775,Cybercrime,None,False
2023-09-04,21:23:39,28.655349325453034,77.0450722802612,Murder,Blunt Object,False
2023-01-31,05:58:47,28.758194385306425,77.14973328228281,Cybercrime,None,False
2024-03-20,21:51:34,28.705233943919666,77.10708994001675,Fraud,None,False
2023-04-30,14:05:49,28.75221797561227,77.15146413146594,Fraud,None,True
2024-09-18,12:11:28,28.641961248324456,77.07220316201789,Cybercrime,None,True
2024-01-20,19:13:01,28.758287599601275,77.15470583537737,Theft,None,False
2023-03-16,11:42:05,28.691390482789078,77.09871420256788,Theft,None,False
2024-10-06,18:59:54,28.793966916033916,77.1062696573124,Theft,None,False
2023-02-21,13:24:41,28.65069531469589,77.08016511800328,Theft,None,False
2024-03-27,16:07:04,28.684486060692088,77.183431583377,Fraud,None,False
2023-05-24,14:40:50,28.668990108298043,77.15696450403945,Fraud,None,False
2023-05-21,12:32:40,28.70241615077527,77.09923987504183,Theft,None,True
2024-05-18,22:46:11,28.74313661943954,77.08710947730253,Assault,Knife,True
2024-08-01,21:54:38,28.672061494056322,76.92456010694929,Robbery,Knife,False
2024-11-21,19:25:31,28.6947003217085,77.10726651040801,Murder,Firearm,False
2023-08-26,03:14:49,28.691259076311326,77.18152474616255,Murder,Blunt Object,False
2023-07-27,12:33:05,28.647378110735744,77.07202478156952,Cybercrime,None,False
2023-03-23,16:54:10,28.695991060637997,77.10616814043286,Theft,None,False
2024-09-09,05:56:54,28.74669509893668,77.16114824438492,Theft,None,False
2023-09-01,18:41:18,28.675614030479515,77.18548451813982,Cybercrime,None,False
2024-07-13,20:52:41,28.666274014025813,77.18957032359612,Kidnapping,Blunt Object,True
2023-03-18,19:50:58,28.69494712921231,77.17242088304572,Murder,Firearm,True
2023-06-22,21:04:25,28.67012409923525,77.12566074741682,Kidnapping,None,False
2023-10-29,18:34:41,28.782740621199583,77.04654537147105,Theft,None,True
2023-02-24,08:36:39,28.75576969709857,77.04609189494165,Cybercrime,None,False
2024-02-12,17:07:36,28.761705061195844,77.13507052469514,Fraud,None,False
2024-05-26,18:41:31,28.643343120822045,77.25931824295274,Theft,None,False
2024-10-16,03:21:33,28.65857796418458,77.07188640022679,Assault,Knife,False
2023-09-25,18:54:42,28.642338875660403,77.06332987418813,Cybercrime,None,False
2023-12-15,17:53:16,28.70279074194874,77.1137823978327,Fraud,None,False
2023-08-26,19:38:14,28.66534157593505,77.17444200345116,Assault,Knife,False
2024-02-23,01:03:41,28.794202745868358,77.0320563854449,Robbery,Knife,False
2023-01-24,17:56:35,28.84194673554538,77.03534877930196,Fraud,None,False
2024-04-09,17:24:54,28.753552216396614,77.14327587015157,Fraud,None,False
2024-05-23,08:35:26,28.70483626814236,76.95464530630012,Fraud,None,False
2023-01-16,13:17:32,28.655336657904503,76.95887461350719,Fraud,None,False
2024-11-05,06:13:25,28.761039232331914,77.1596658933976,Burglary,Knife,False
2023-03-30,14:19:18,28.626797372695158,77.07583885745501,Fraud,None,False
2024-07-06,16:17:06,28.8090741512642,77.03296006386738,Cybercrime,None,False
2023-03-16,19:02:09,28.637688857397755,77.09074330591002,Burglary,None,False
2024-04-12,21:37:59,28.660910315016974,77.18270106466869,Theft,None,False
2024-09-15,19:43:42,28.70589622272632,77.11595147620453,Murder,Knife,True
2023-05-10,01:22:32,28.74007389751268,77.05263661042116,Assault,Blunt Object,False
2024-03-19,21:46:50,28.69458815629612,77.09908178179755,Murder,Knife,False
2024-09-12,12:17:45,28.774030726390546,77.03297825319785,Cybercrime,None,True
2023-12-22,16:27:06,28.778458038201393,77.01755962206711,Fraud,None,False
2023-02-06,23:50:30,28.82961457883749,77.0527327476571,Burglary,Firearm,False
2024-02-16,16:17:45,28.691418631950246,77.10081740865513,Theft,None,False
2023-01-27,22:24:45,28.644783715659678,77.0450353327442,Burglary,Blunt Object,True
2023-03-07,22:51:29,28.737264766712578,76.99778424313098,Burglary,Blunt Object,False
2024-01-29,19:43:57,28.691210288091906,77.18773960512077,Burglary,Poison,False
2023-05-13,11:39:18,28.64010100009891,77.05504832229683,Fraud,None,False
2024-10-20,19:22:28,28.753050322924366,77.15862790741583,Kidnapping,Rope,True
2024-11-29,22:45:46,28.64384505871415,77.06032841192864,Assault,None,False
2024-11-10,13:07:12,28.70993702908179,77.04211410687631,Fraud,None,False
2023-12-06,16:37:32,28.70066794073157,77.08164207561096,Fraud,None,True
2023-10-14,19:43:30,28.653837262308524,77.06548797780322,Burglary,Rope,False
2023-10-02,09:08:46,28.626754415596658,77.29237349813553,Theft,None,False
2023-07-20,05:06:36,28.674970164803923,77.17213856428025,Kidnapping,Poison,False
2024-10-11,04:50:45,28.652667374214705,77.06648048216509,Burglary,Rope,False
2023-08-16,07:05:02,28.74355799854842,77.05992443953485,Vandalism,None,True
2023-09-24,02:53:54,28.648604957237783,77.05988241709778,Burglary,Firearm,False
2024-05-09,06:28:37,28.789659414516457,77.01345055545991,Kidnapping,Blunt Object,False
2023-06-25,14:41:47,28.66071265370208,77.27471550978082,Cybercrime,None,False
2023-08-16,12:30:00,28.62739325445997,77.0421161702507,Fraud,None,False
2023-04-19,20:23:11,28.6996203866155,77.09035193864112,Fraud,None,False
2024-06-15,09:34:12,28.652017192237718,77.18019413601476,Cybercrime,None,False
2024-05-14,10:27:37,28.785458594240815,77.03197494931463,Cybercrime,None,False
2024-10-05,22:41:21,28.782651214380518,77.03293040870852,Robbery,Knife,True
2023-04-26,17:31:14,28.806384147155075,77.08345538140709,Fraud,None,False
2024-12-22,12:08:47,28.69835917422913,77.09968874515113,Fraud,None,False
2023-03-30,13:15:39,28.762034675975677,77.24370268785434,Theft,None,False
2024-04-09,03:54:53,28.777818562608307,77.03348933787031,Robbery,Firearm,True
2024-01-10,22:33:03,28.64748357441936,77.05257421993271,Assault,Knife,False
2024-06-21,03:32:43,28.70614171672129,76.95593261426579,Robbery,Knife,False
2023-09-30,05:26:59,28.686409496962607,77.10616746407892,Robbery,Firearm,True
2023-07-01,16:37:31,28.78026125258669,77.03452280407623,Theft,None,True
2024-04-29,20:26:35,28.703921050229916,77.09273599951337,Theft,None,False
2023-01-07,09:53:29,28.699574569803566,76.97918986949853,Theft,None,False
2024-06-23,20:18:32,28.84319723580014,76.96690296551401,Kidnapping,Blunt Object,False
2023-12-05,20:17:40,28.684521472903143,76.99827284119529,Fraud,None,False
2024-08-20,18:26:20,28.789804211733607,77.02918568628719,Theft,None,False
2023-11-02,06:06:06,28.778913332803786,77.04103201545053,Burglary,Blunt Object,False
2024-07-08,23:01:00,28.784394305916774,77.03766644445938,Robbery,Knife,False
2023-11-21,22:20:32,28.605967406348253,76.96201830560726,Robbery,Knife,False
2023-05-02,03:01:16,28.714820796204013,77.07061536445053,Assault,None,False
2023-02-10,01:33:39,28.76036434672454,77.15170091547338,Robbery,Firearm,False
2023-03-16,08:36:28,28.646150753392348,77.04626617470059,Burglary,Rope,True
2023-11-21,02:31:15,28.892943693961428,77.0860758014968,Robbery,Firearm,False
2024-10-10,23:02:49,28.651075869703394,77.0541390832978,Burglary,Rope,False
2023-11-07,10:21:12,28.787180099022173,77.01947155236476,Cybercrime,None,False
2024-05-17,05:14:43,28.708620678382598,77.09894025915615,Cybercrime,None,False
2023-10-27,23:24:58,28.674391905039354,77.18947974030131,Burglary,Rope,True
2024-12-21,06:06:21,28.691774596887797,77.09565508269388,Kidnapping,Firearm,False
2023-03-13,19:08:41,28.749832428108675,77.31232214745468,Assault,Knife,False
2023-04-19,04:52:07,28.690291766533853,77.1616136117924,Robbery,Firearm,False
2024-10-03,11:05:59,28.753030285301417,77.17192245594757,Fraud,None,True
2023-04-03,18:55:03,28.73662778333035,77.1534462104467,Theft,None,False
2024-07-20,16:51:50,28.627844559664382,77.03743428429463,Theft,None,False
2024-02-18,18:53:04,28.73384620531178,77.11644977961475,Fraud,None,False
2023-12-25,17:28:44,28.64125163062258,77.0614380590996,Theft,None,False
2024-01-07,20:27:47,29.013929943407128,77.07668248619686,Murder,Knife,False
2023-02-03,11:50:55,28.7092012436125,77.09600635180387,Theft,None,True
2024-01-27,23:56:43,28.677052325750406,77.18011766324945,Burglary,Rope,True
2023-07-06,16:00:10,28.699994815172705,77.120688985322,Cybercrime,None,False
2024-12-04,07:49:49,28.68587184963184,77.183867466474,Assault,None,False
2024-11-02,21:12:36,28.473678806405605,77.06639907767475,Burglary,None,False
2024-08-13,20:38:21,28.671130275644053,77.0601933833336,Assault,Blunt Object,False
2024-03-13,11:54:14,28.814421757205366,77.24669424019527,Fraud,None,True
2024-07-20,20:02:55,28.64628963915856,77.05408178368131,Burglary,Knife,False
2024-12-20,08:54:09,28.75974687668217,77.0393416320861,Vandalism,None,False
2023-10-01,15:12:51,28.775952439971764,77.0342615045189,Theft,None,False
2024-05-19,07:58:07,28.579117966041064,77.07597624595299,Burglary,Blunt Object,False
2024-08-07,12:06:37,28.754437190549012,77.15518593581045,Theft,None,False
2024-09-17,04:14:27,28.662951778126477,77.19446910948761,Robbery,Knife,False
2023-06-28,16:01:30,28.698131052152682,77.08575530539548,Theft,None,True
2024-04-24,19:11:14,28.703009765800367,77.10284375309027,Cybercrime,None,True
2023-05-22,21:06:06,28.785705894331716,77.04612132403686,Vandalism,None,False
2024-11-22,03:35:17,28.751735511632642,77.15130380375632,Robbery,Firearm,True
2023-02-08,01:37:08,28.633068156187672,77.07070553502888,Robbery,Knife,False
2024-08-05,15:57:38,28.70594309064078,77.09829972272706,Theft,None,False
2024-11-14,18:43:34,28.765053253065343,77.04694412195056,Theft,None,False
2023-03-04,01:28:20,28.66182320035544,77.17658721990631,Robbery,Firearm,False
2024-10-22,02:59:09,28.67768344511076,77.17053442071384,Assault,Knife,False
2023-12-22,05:56:05,28.73916490221747,77.131260524173,Assault,Knife,True
2024-10-20,21:00:53,28.65130996952906,77.05704813755274,Burglary,Rope,False
2023-11-07,07:14:22,28.783372700924733,77.1425564493437,Cybercrime,None,False
2023-07-17,02:03:50,28.69488548976571,77.09684607029715,Burglary,Knife,True
2023-03-26,07:39:39,28.676531346551386,77.17779796661215,Cybercrime,None,True
2023-05-29,14:29:02,28.760223322140025,77.14271411610012,Theft,None,False
2023-04-29,07:32:44,28.565940828153643,76.9226785260591,Burglary,None,False
2023-02-24,04:11:35,28.62186425832063,77.05731930980525,Burglary,Rope,True
2024-02-17,03:48:17,28.67109019687607,77.17618562972517,Robbery,Firearm,True
2024-04-02,04:57:04,28.766534057971874,77.16478030209609,Assault,Blunt Object,False
2023-07-22,22:40:54,28.67061970125555,76.9231078886808,Assault,None,False
2024-01-25,12:16:52,28.66843294891945,77.17650178606084,Theft,None,True
2024-10-28,10:58:33,28.667528650377218,77.17552281096103,Fraud,None,True
2023-06-30,03:39:27,28.77756537104275,77.02863458384104,Robbery,Firearm,False
2023-12-12,00:19:05,28.637744589011845,77.06458322508625,Burglary,Firearm,False
2024-01-20,04:41:23,28.78770368715905,77.02339354912819,Robbery,Blunt Object,False
2024-01-11,12:44:31,28.831206532600703,77.00449376981595,Fraud,None,True
2024-11-01,00:02:42,28.542319938618466,77.14057780713651,Assault,None,False
2024-05-23,00:37:19,28.695925918655856,77.10571291470758,Assault,None,False
2023-07-15,15:25:56,28.760063313988994,77.04642455941485,Cybercrime,None,False
2023-11-11,04:44:43,28.680822934080403,77.16749523450838,Robbery,Firearm,True
2023-06-09,00:56:01,28.556222287615373,77.26972659040976,Robbery,Knife,True
2024-09-20,05:53:47,28.77672620096502,77.0241581515127,Cybercrime,None,False
2023-03-03,06:03:24,28.761439479058506,77.028992217944,Theft,None,False
2023-03-29,15:42:01,28.681328038516426,77.17404930967696,Theft,None,True
2023-05-10,10:14:43,28.630109215718157,77.04729713207759,Fraud,None,True
2023-06-12,23:00:02,28.788609626347764,77.04256730071228,Burglary,Knife,False
2023-05-08,00:36:49,28.738388476488822,77.163315140863,Burglary,Blunt Object,False
2024-01-13,15:24:28,28.67447541841487,77.19341805339076,Cybercrime,None,False
2024-03-29,21:29:08,28.783397796384822,77.00727722082513,Kidnapping,Firearm,False
2023-09-10,09:08:55,28.64258032617684,77.07310143818671,Theft,None,True
2024-04-17,15:48:29,28.775162539809163,77.02862035031094,Theft,None,True
2024-06-10,04:27:54,28.75233866496449,77.12350486120131,Robbery,Firearm,False
2024-04-05,14:30:50,28.770813475754377,77.14348624320102,Theft,None,True
2024-06-12,01:33:06,28.679157354324726,77.18163298863853,Burglary,Poison,True
2024-11-17,13:20:04,28.829861905635937,77.14310561224282,Theft,None,False
2023-12-17,02:12:49,28.751750757284793,77.1435648490748,Burglary,Knife,True
2023-09-10,01:57:42,28.762078507013822,77.13376558696045,Burglary,Knife,False
2023-10-22,13:08:52,28.76055890420276,77.14150955248445,Cybercrime,None,False
2024-02-15,06:22:15,28.65662283661957,77.06411299542663,Robbery,Knife,True
2023-07-06,12:42:15,28.6805412376785,77.18331988813826,Fraud,None,False
2024-09-02,09:14:20,28.65657622904859,77.17389270836605,Theft,None,False
2023-12-08,07:14:38,28.760823893376116,77.1541665581736,Assault,Blunt Object,False
2024-03-26,09:15:21,28.822198990530566,77.14282745630372,Cybercrime,None,False
2023-03-22,12:51:39,28.634432981092974,77.05453935862279,Fraud,None,False
2024-12-17,17:17:39,28.714391739052324,76.8710955934,Theft,None,True
2024-02-17,15:06:09,28.8714441885623,77.14667467363776,Theft,None,False
2024-10-03,21:27:22,28.826803459704887,76.94443960591909,Theft,None,True
2023-02-21,16:16:20,28.828556516035526,77.32564989110278,Fraud,None,False
2023-02-08,00:42:55,28.770891216446227,77.04021401794905,Assault,None,False
2023-03-11,20:29:43,28.704111099446873,77.08705566151752,Murder,Knife,False
2023-11-21,06:16:00,28.75902883971852,77.16083603204838,Theft,None,False
2023-02-08,21:28:06,28.698088734473313,77.11415916520257,Murder,Knife,False
2024-02-09,22:04:03,28.53742365932108,76.95302438535504,Burglary,Blunt Object,False
2024-04-19,21:29:34,28.64546597395589,77.06275385277972,Cybercrime,None,True
2024-01-27,21:57:14,28.63244265115759,77.1834594435972,Vandalism,None,False
2023-04-12,05:24:16,28.67940894314216,77.19108139070934,Assault,None,True
2023-09-30,09:02:17,28.702868635646478,77.1085258026798,Theft,None,False
2024-03-23,06:39:48,28.659534969697003,77.30788186900867,Assault,Blunt Object,False
2024-09-17,16:14:27,28.745974542298782,77.17355297429458,Cybercrime,None,True
2023-09-28,06:00:45,28.70758879470894,76.96494891104314,Fraud,None,False
2023-02-22,18:46:16,28.687780793504885,77.18375901388396,Theft,None,False
2023-02-26,05:45:56,28.682611240983803,77.19473855918542,Theft,None,False
2023-03-27,08:33:49,28.70747955554145,77.09657759155188,Kidnapping,Rope,False
2023-04-25,03:02:24,28.801671337766926,77.10257555074547,Murder,Blunt Object,False
2024-06-04,01:06:42,28.772685781860844,76.88712694262087,Assault,Knife,False
2023-11-08,19:28:57,28.748798171700987,77.03864141748551,Burglary,Knife,True
2024-06-18,18:40:58,28.800633096371783,77.0387308734789,Fraud,None,False
2024-06-03,13:36:34,28.676498577458492,77.1873630999335,Theft,None,True
2023-01-27,09:26:53,28.744115591471235,77.16873256690529,Fraud,None,False
2024-11-13,03:24:41,28.69401370418417,77.18642913510548,Assault,None,False
2023-11-03,21:41:17,28.770004035685737,77.14680851801327,Fraud,None,True
2024-11-15,03:03:34,28.624388643377504,77.1065924748729,Murder,Knife,False
2023-10-04,06:01:12,28.70844941038368,77.09856013318758,Fraud,None,False
2024-08-15,17:22:19,28.679477681903684,77.18556389482075,Fraud,None,True
2023-12-30,08:20:59,28.69411693224709,77.10768793017452,Robbery,Firearm,True
2024-03-09,04:05:44,28.790452824252153,77.11964693175905,Robbery,Firearm,False
2024-11-21,20:08:30,28.795626481032617,77.02032596206504,Vandalism,None,False
2023-12-29,03:53:45,28.678779504221318,77.17079719293604,Assault,None,False
2024-09-11,15:21:04,28.74295918641767,77.14619069166262,Fraud,None,False
2024-01-21,13:58:16,28.609893981642575,77.0477004181259,Fraud,None,False
2024-03-15,00:55:58,28.682684968928882,77.18621544863315,Robbery,Knife,False
2023-06-06,20:25:09,28.750888409612944,77.1366437429323,Kidnapping,None,False
2024-08-16,08:51:11,28.79550067846495,77.02412909866386,Fraud,None,False
2023-01-01,18:17:47,28.643512795728956,77.06696536506941,Cybercrime,None,False
2024-06-29,18:16:13,28.676096104184026,77.19344179547522,Theft,None,True
2023-05-21,09:24:46,28.752000314339277,77.01636904203029,Theft,None,False
2024-06-23,16:12:29,28.921956217399167,77.12193334633383,Fraud,None,True
2023-03-06,03:14:49,28.702626597733786,77.11213925423056,Robbery,Firearm,True
2024-01-02,21:50:02,28.6465945094593,77.0664922819294,Burglary,Knife,False
2024-05-01,14:50:29,28.66902183998601,77.05974878571745,Cybercrime,None,False
2023-02-14,09:15:59,28.640922391059828,77.06366578512012,Theft,None,True
2023-06-19,13:07:07,28.764815159355813,77.1374346596981,Cybercrime,None,False
2024-05-22,05:15:58,28.50754441085235,77.04378847293799,Murder,Firearm,True
2023-07-17,10:31:39,28.73776077040941,77.14825168652474,Theft,None,False
2024-04-26,17:37:50,28.759124996961294,77.14359251136447,Cybercrime,None,True
2023-05-10,09:25:07,28.561417342321867,77.10943371617154,Fraud,None,True
2024-02-15,16:48:39,28.762725434846153,77.13555026561484,Cybercrime,None,False
2024-03-29,09:51:43,28.76230232398306,77.16067306203739,Theft,None,True
2023-12-01,22:39:58,28.799508510215663,77.22434802148717,Robbery,Firearm,False
2024-07-13,15:22:16,28.924301392465964,77.06689079513811,Fraud,None,False
2024-02-10,22:31:13,28.70519571580078,77.09833561566752,Burglary,Firearm,False
2023-12-02,12:23:21,28.75411976844756,77.16782873355636,Fraud,None,False
2023-02-20,04:01:42,28.569598551606934,77.01639503278345,Robbery,Firearm,False
2024-01-05,08:58:15,28.687871809365046,77.19270036506903,Fraud,None,True
2024-04-30,02:51:43,28.75046868353183,77.1610440200112,Burglary,Rope,True
2024-07-04,20:12:56,28.707512158424922,77.11750274609001,Fraud,None,False
2024-02-25,23:34:44,28.64484509593827,77.07275632113873,Robbery,Knife,False
2023-02-27,13:47:54,28.730520119104927,77.10848099155048,Theft,None,True
2023-11-05,04:56:50,28.70459328165795,77.10972446985221,Robbery,Blunt Object,False
2024-01-21,13:39:17,28.78044719141796,77.05637967705526,Fraud,None,False
2024-07-24,22:19:58,28.7221071037696,77.07520666797745,Burglary,Blunt Object,False
2023-09-26,05:53:31,28.665743109949798,77.19347220191607,Theft,None,False
2024-05-16,16:07:57,28.792771874128277,77.02752645628587,Theft,None,True
2023-11-23,08:02:11,28.789864513451224,77.01741444031788,Assault,Blunt Object,True
2024-01-14,09:23:48,28.645949705750734,77.06702756352077,Fraud,None,False
2024-10-10,06:42:39,28.874832980955922,77.02541811972714,Fraud,None,False
2023-02-25,03:56:48,28.576264737119768,77.0129572039075,Robbery,Firearm,False
2023-01-10,15:29:30,28.740734314996853,77.16586657357759,Theft,None,False
2023-10-29,06:35:29,28.659586392950242,77.06570216577948,Cybercrime,None,False
2024-05-04,23:54:27,28.826229494568516,77.11589583805802,Burglary,Blunt Object,False
2024-09-19,02:27:05,28.694588835229922,77.06919623809463,Robbery,Firearm,False
2023-04-05,13:33:45,28.750996090086225,77.13702198443691,Cybercrime,None,False
2024-10-16,14:08:08,28.706742547636075,77.10209666089787,Cybercrime,None,True
2024-07-03,00:32:47,28.77863607240779,77.11185234964387,Robbery,Knife,False
2024-07-26,04:39:17,28.67247296298431,77.17378806969992,Robbery,Firearm,False
2023-10-07,16:14:33,28.75482153236822,77.15988237230816,Theft,None,False
2023-06-18,23:15:01,28.589766100891616,77.11124737536808,Assault,None,True
2023-02-24,07:25:24,28.727404295152947,77.03069352163818,Vandalism,None,False
2023-12-17,08:18:01,28.66822143695092,77.18480610848766,Fraud,None,False
2024-06-29,01:45:03,28.662765789817072,77.1859992371525,Burglary,Firearm,False
2024-06-10,06:21:55,28.775146456263407,77.04312853693034,Murder,Firearm,False
2024-01-06,09:46:13,28.807478277453882,77.023892431983,Theft,None,False
2023-10-20,23:44:46,28.789442078623747,77.0252325809512,Burglary,Rope,False
2023-03-20,04:03:21,28.80819541737978,76.97597415909148,Robbery,Firearm,False
2024-09-21,17:53:09,28.708905867584278,77.0937701103311,Fraud,None,True
2023-07-31,08:50:36,28.672030154109017,77.17218974724854,Murder,Knife,False
2023-07-16,20:12:36,28.76232350470896,77.1441301964556,Vandalism,None,False
2024-05-01,12:52:31,28.759619642593318,77.14905901971738,Fraud,None,True
2023-03-10,22:05:26,28.692652762820114,77.11727559074002,Assault,Knife,True
2023-02-03,14:04:34,28.636481753283412,77.06460367113542,Fraud,None,False
2024-05-30,05:16:22,28.719403345643546,77.09471905214168,Murder,Knife,False
2023-11-09,00:25:48,28.65581810143274,77.07748097633488,Robbery,Blunt Object,True
2024-03-27,17:15:50,28.665938450109717,77.1679494539491,Fraud,None,True
2023-12-20,06:16:17,28.734296090017178,77.04775924772332,Murder,Firearm,False
2023-02-24,19:21:35,28.69278603219163,77.182848075405,Assault,Knife,False
2024-09-09,22:33:24,28.666078005919648,77.17102840488988,Robbery,Knife,True
2023-09-04,23:26:04,28.794999049590906,77.02678816025917,Burglary,Knife,False
2024-06-08,09:18:03,28.708482879946043,77.19808027451126,Cybercrime,None,False
2024-08-04,21:05:27,28.655674164806918,77.09790711712598,Fraud,None,False
2024-12-08,21:48:12,28.702443159017747,77.17083245115161,Theft,None,False
2023-11-19,17:31:17,28.763174433551033,77.08048862687453,Fraud,None,False
2023-04-18,09:59:05,28.710464906149653,77.06532209884766,Cybercrime,None,False
2023-02-07,03:15:36,28.629323875930808,77.06507600857398,Assault,Knife,False
2023-06-29,09:45:01,28.893319176083306,77.0141280859309,Theft,None,False
2024-10-26,08:14:32,28.62679702903973,77.01542722283563,Cybercrime,None,False
2024-08-04,03:45:27,28.651345917787232,77.06698485454197,Robbery,Firearm,False
2024-08-03,07:38:56,28.642514623075837,77.05331980938361,Burglary,Poison,True
2024-07-24,07:43:19,28.713337679163992,76.94603778726642,Burglary,Knife,True
2023-01-16,06:44:23,28.755534265668576,77.16121524386088,Assault,None,True
2024-01-31,16:47:44,28.691588008633662,77.08717481723171,Theft,None,True
2024-06-04,22:59:16,28.76989437891695,77.14638240360496,Burglary,Poison,False
2023-05-05,00:24:28,28.817694784594384,77.08710023348023,Burglary,Firearm,False
2023-10-23,02:14:48,28.75248045183059,77.15688412699497,Murder,Firearm,False
2024-10-27,08:52:57,28.615700114325357,77.11574971434958,Robbery,Knife,True
2023-10-10,15:19:59,28.665951058517592,76.9704506556595,Fraud,None,False
2024-02-23,21:26:02,28.787474820747263,77.02986692193123,Kidnapping,Rope,True
2023-01-18,16:38:25,28.642529751715553,77.05039839056586,Cybercrime,None,False
2023-01-04,13:28:24,28.86324003677628,77.19017141863861,Cybercrime,None,False
2024-08-25,13:48:21,28.8005155884172,77.07195552975584,Theft,None,True
2024-03-22,15:45:34,28.73680817110497,77.1720291738249,Cybercrime,None,False
2023-03-17,00:28:29,28.753489024919944,77.1450120020398,Murder,Firearm,False
2024-12-26,03:17:15,28.758268015744832,77.16417120788003,Assault,Knife,False
2023-01-02,16:16:31,28.701794944391455,77.23035751679394,Fraud,None,True
2023-10-03,22:31:22,28.71492999938517,77.09173618812599,Burglary,Poison,True
2023-07-19,15:39:07,28.697362098943405,77.1120753716328,Theft,None,False
2024-01-22,19:27:11,28.616973874361896,77.06100544306835,Fraud,None,False
2023-01-16,19:13:20,28.659791687983752,77.17773446198566,Assault,Blunt Object,True
2024-09-21,02:38:42,28.671111799109706,77.17891755622092,Robbery,Firearm,False
2023-03-21,20:43:45,28.668577387478873,77.17152856350371,Cybercrime,None,False
2023-08-31,04:36:21,28.727019112668188,77.12117462004161,Robbery,Firearm,False
2024-01-03,16:32:59,28.58789341797437,77.26071167513037,Cybercrime,None,False
2023-03-22,20:08:41,28.78010534509527,77.03379187473332,Theft,None,False
2023-03-16,16:47:02,28.697772604010307,77.03652513587461,Theft,None,False
2023-05-01,16:46:07,28.802485234360613,77.11508865305767,Theft,None,False
2024-11-18,05:01:23,28.656444857678075,76.97204105561995,Cybercrime,None,False
2023-03-18,03:30:57,28.635164049862812,77.04608619884398,Burglary,Rope,False
2024-12-30,21:33:43,28.704222235484153,77.09053334407716,Fraud,None,False
2023-06-16,05:07:49,28.641444394874817,77.07620101853611,Cybercrime,None,False
2024-04-05,01:56:38,28.766092995729217,77.15217723105897,Assault,Knife,False
2024-01-11,09:41:57,28.695391527385684,77.29048745494211,Cybercrime,None,True
2023-12-21,10:41:29,28.75617561203587,77.06971935401235,Theft,None,True
2023-05-10,00:06:18,28.689839818828794,77.10643873218166,Assault,None,False
2024-12-28,20:55:03,28.76239323772583,77.14618348475487,Theft,None,True
2023-08-13,12:27:29,28.67701202755138,77.17886426705086,Theft,None,True
2023-05-20,10:08:16,28.642259676008013,77.03762177942437,Cybercrime,None,False
2024-05-30,05:55:58,28.681921859628385,77.19943693024081,Vandalism,None,False
2023-10-14,00:11:02,28.640959744443343,77.10775263682154,Robbery,Knife,False
2024-04-08,08:45:05,28.77654049293308,77.03610441676294,Robbery,Firearm,False
2024-01-18,00:13:38,28.70193476802464,77.09310758459318,Burglary,None,False
2024-10-18,02:08:53,28.837355146766512,77.19539320135323,Robbery,Knife,True
2023-04-22,23:55:06,28.668050932360718,77.18747788309419,Robbery,Firearm,True
2023-02-14,13:12:23,28.757841200282037,77.16673012350113,Theft,None,False
2023-05-20,07:16:03,28.68715744104005,77.11256606541033,Theft,None,True
2024-08-30,11:25:44,28.668403010370742,77.17892172066558,Fraud,None,True
2023-09-20,23:47:54,28.96788817522602,77.1326873380721,Robbery,Knife,False
2024-12-16,10:40:08,28.780236775245527,77.01044705627245,Theft,None,False
2024-06-18,17:03:04,28.843076413394638,76.96797903291915,Theft,None,False
2024-02-27,12:32:49,28.60375610965005,77.06936477009123,Theft,None,False
2023-04-29,15:03:07,28.688264117917,77.19023239986666,Cybercrime,None,True
2024-06-11,05:08:34,28.688316249015973,77.13332920636388,Cybercrime,None,False
2024-07-05,03:00:32,28.64406143071289,77.11646536895654,Robbery,Knife,True
2023-02-16,05:35:49,28.78483336744778,77.04218769895682,Kidnapping,Poison,False
2023-03-12,17:02:57,28.653771781224393,77.06743977382206,Cybercrime,None,False
2024-01-04,15:56:29,28.66786524424539,77.17668222943902,Theft,None,False
2024-03-06,19:17:40,28.643180315337972,77.05168085631287,Theft,None,False
2024-07-12,15:51:11,28.663771220808908,77.11095269837844,Theft,None,False
2024-07-15,07:58:28,28.713202157836648,77.10066471827844,Murder,Blunt Object,False
2023-11-22,08:17:44,28.632008012887606,77.06306741683296,Fraud,None,False
2024-07-07,01:43:37,28.645234560400567,77.06435837628902,Robbery,Firearm,False
2024-12-22,01:49:29,28.796087151595444,77.20439232400899,Robbery,Knife,False
2024-02-11,05:48:20,28.778157891276184,77.02633856541952,Assault,Blunt Object,True
2023-12-08,11:48:59,28.693698012890447,77.10948815670281,Theft,None,False
2023-01-29,21:50:54,28.798588201083376,77.02934918072093,Robbery,Blunt Object,True
2023-04-13,16:50:46,28.6799569435275,77.2491782556899,Fraud,None,False
2023-05-26,11:57:41,28.75915557853215,77.15686235704801,Cybercrime,None,False
2024-12-04,06:26:59,28.742190834940263,77.1592872806928,Burglary,Rope,True
2024-01-15,08:30:45,28.694808636594903,77.09115979814065,Kidnapping,Firearm,True
2023-03-26,04:55:25,28.750632284232335,77.14664207276552,Robbery,Blunt Object,False
2023-03-02,00:23:06,28.681940030561496,76.95840183654751,Robbery,Knife,True
2023-12-12,07:48:47,28.76368816306468,77.16377686294517,Burglary,Firearm,False
2023-12-14,01:09:53,28.68462657525859,77.11228457805667,Burglary,None,False
2024-12-22,06:57:49,28.66599471370178,77.19106975536984,Burglary,Blunt Object,True
2024-12-26,21:28:37,28.697255350733357,77.1053775564081,Kidnapping,Rope,True
2024-11-13,02:23:39,28.68559023505788,77.22371292042335,Robbery,Blunt Object,False
2024-09-28,07:52:21,28.580141198747498,77.16328403387351,Murder,Knife,True
2023-05-02,00:06:33,28.715113301648895,77.10966340080542,Robbery,Firearm,True
2024-03-14,01:39:37,28.93656989143234,77.04960532372753,Burglary,Rope,False
2023-11-04,22:49:23,28.713673048225935,77.10143909364659,Burglary,None,False
2023-12-11,22:24:18,28.827440607635268,77.10173110042787,Burglary,Knife,False
2024-01-18,20:38:48,28.640221242181376,77.07556072203872,Kidnapping,Knife,True
2023-02-04,02:09:35,28.74918438060981,77.138372742411,Burglary,Blunt Object,True
2024-08-07,15:36:00,28.668931531168262,77.18869032946589,Cybercrime,None,True
2024-03-25,17:23:06,28.68802038751587,77.18361129375297,Theft,None,False
2024-05-27,09:43:23,28.835919706723402,76.96668250785224,Fraud,None,False
2023-08-12,07:03:27,28.65977365351821,77.07364248828459,Murder,Firearm,False
2023-01-22,00:06:04,28.69264405725275,77.11090943882503,Robbery,Knife,False
2023-08-12,05:51:00,28.761009109573923,77.1480519316183,Kidnapping,None,True
2023-11-17,09:17:16,28.67549028686953,77.18204877109676,Theft,None,False
2024-04-15,19:33:36,28.74484110096109,77.15136333310919,Murder,Firearm,True
2024-12-20,05:26:28,28.702663404701028,77.10084919434998,Assault,Blunt Object,False
2023-03-13,00:33:16,28.754417594565815,77.15325673540613,Assault,None,True
2024-11-24,01:41:21,28.669777048208925,77.19522714733972,Robbery,Firearm,False
2023-01-15,05:30:53,28.63240519370797,77.0552902989153,Robbery,Firearm,False
2024-09-23,00:14:11,28.671899636242237,77.0521200864501,Robbery,Knife,False
2024-07-23,19:46:16,28.6905624532529,77.10984476745001,Cybercrime,None,False
2023-07-10,03:11:38,28.496388014622614,77.07897260900276,Robbery,Knife,False
2023-02-17,08:24:30,28.695558249250762,77.16705064077847,Assault,None,False
2024-12-11,05:09:02,28.50590355142613,76.95258187980424,Cybercrime,None,False
2023-03-21,09:18:52,28.653083595683473,77.07374776719986,Theft,None,False
2024-12-12,21:41:37,28.65284112030215,77.17082124040012,Burglary,None,False
2023-06-15,08:12:56,28.79800255327512,77.05037346414431,Vandalism,None,True
2024-12-18,06:07:32,28.6716366471882,77.15948528282331,Robbery,Knife,False
2023-05-08,19:00:52,28.695891210775905,77.09823195805065,Cybercrime,None,True
2023-04-07,15:47:30,28.701510612034216,77.10062140598991,Theft,None,True
2024-07-02,13:31:23,28.655288945979308,77.07524428426687,Theft,None,True
2023-11-17,20:42:56,28.686932634607523,77.21234848760518,Cybercrime,None,False
2024-01-26,20:14:37,28.757676613666312,77.15314505972863,Vandalism,None,True
2023-12-14,08:36:16,28.794754415710997,77.1097252048238,Cybercrime,None,False
2024-09-15,05:37:40,28.694678111770976,77.16811588833205,Vandalism,None,False
2024-06-05,10:03:10,28.6525829100908,77.08984811030462,Theft,None,False
2024-11-04,03:29:39,28.7480452690458,77.22929604871031,Murder,Firearm,False
2023-07-01,20:04:06,28.75385601432764,77.13827770350494,Assault,Blunt Object,False
2023-05-19,05:39:40,28.652525138964553,77.07004958766142,Theft,None,False
2024-05-13,10:08:57,28.764681413406205,77.0324619586633,Fraud,None,False
2024-06-21,03:59:39,28.54508581693197,77.0360348902498,Robbery,Blunt Object,False
2024-12-18,00:22:17,28.635071910730375,77.07059264698242,Burglary,Rope,True
2023-02-21,10:05:06,28.645268301741723,77.04964408999244,Cybercrime,None,False
2023-05-14,15:58:48,28.652900659629577,77.04816194176071,Theft,None,False
2023-09-07,13:34:40,28.75740113790471,77.14435989330708,Fraud,None,True
2023-05-14,18:19:33,28.667532291746948,77.15292707480384,Theft,None,False
2024-02-21,09:13:42,28.756244939905955,77.2361969073556,Theft,None,True
2023-12-19,21:39:30,28.753277463003286,77.15556450862964,Assault,Knife,False
2024-02-12,21:16:59,28.779722626775957,77.03431989882624,Robbery,Knife,False
2024-12-01,00:50:03,28.758494860480088,77.15151690152545,Burglary,Poison,True
2024-04-25,10:52:09,28.736062495159075,77.1558147089633,Theft,None,True
2023-06-12,21:11:29,28.740556147735546,77.03448265236521,Vandalism,None,False
2023-09-27,09:01:38,28.741256129639275,77.16725879150505,Cybercrime,None,False
2024-02-06,05:54:20,28.679014455108945,77.18020918969079,Burglary,Poison,True
2023-07-27,04:18:54,28.59039671168525,77.02031851715788,Burglary,None,True
2024-01-13,15:12:26,28.71712590396786,77.10387661940868,Cybercrime,None,False
2024-01-28,08:30:53,28.748594129329994,77.15759689231226,Fraud,None,False
2024-02-08,13:10:54,28.695956018125536,77.1175084303028,Theft,None,False
2023-11-04,23:53:06,28.797628005348965,77.02783425928799,Robbery,Blunt Object,False
2024-12-02,11:08:50,28.641232975296916,76.84068668013077,Fraud,None,False
2024-08-04,15:10:35,28.555941922844863,76.96855302250422,Theft,None,False
2023-06-21,16:30:56,28.675451903409872,77.17923766295559,Theft,None,False
2023-05-01,03:13:14,28.660646645125848,77.17968835957537,Robbery,Firearm,False
2024-11-12,05:00:15,28.754633714764736,77.15528393499156,Kidnapping,Rope,False
2023-04-14,18:44:21,28.625103297191412,77.06121736519516,Cybercrime,None,True
2024-08-31,22:29:23,28.660266592230283,77.1915172869714,Robbery,Knife,False
2023-11-15,03:04:53,28.651941464163535,77.05351972773676,Burglary,Poison,False
2024-07-27,12:20:11,28.636439547975996,77.05788732949502,Cybercrime,None,False
2023-10-16,16:46:55,28.478820660526868,77.13609681734407,Cybercrime,None,False
2024-11-13,02:05:50,28.676815545365987,77.19951750825679,Robbery,Firearm,False
2023-02-05,08:46:13,28.633115907820375,77.0563087705175,Robbery,Firearm,False
2024-06-25,18:11:11,28.55344747419609,77.00207094365058,Theft,None,False
2023-10-01,13:27:49,28.585901800393177,77.20209736788465,Cybercrime,None,False
2024-07-31,09:46:41,28.63427381512486,77.11491756847447,Theft,None,False
2024-10-12,12:12:55,28.78029236596138,77.01980534733988,Cybercrime,None,False
2024-03-23,13:29:50,28.687269957682837,77.16241033318637,Fraud,None,False
2024-05-29,13:55:09,28.692022406074567,77.11059112790733,Cybercrime,None,True
2023-05-10,02:52:44,28.77560279078522,77.02767016073929,Robbery,Firearm,True
2024-08-09,12:05:21,28.759406831230102,77.14586563842781,Cybercrime,None,False
2023-07-09,14:31:50,28.78447574859336,77.02935309171214,Fraud,None,False
2024-01-16,20:57:40,28.717036800670382,76.86442608944766,Fraud,None,False
2023-07-06,04:06:30,28.65580318184792,77.18865967006047,Assault,None,False
2023-10-10,04:58:38,28.807818140564905,77.01145132964686,Robbery,Knife,True
2023-05-06,10:24:35,28.67165971647829,77.18544719252903,Theft,None,False
2023-07-20,09:01:21,28.711032176016587,77.0822232272833,Fraud,None,False
2023-04-30,10:57:32,28.615495975302164,77.06924206201502,Fraud,None,False
2024-04-08,20:37:41,28.76113140197236,77.17748430483722,Fraud,None,False
2023-08-20,03:47:44,28.6718199427319,77.16843022537897,Murder,Knife,True
2024-05-22,19:19:36,28.758122680772015,77.16570995789542,Kidnapping,Knife,False
2023-03-23,13:24:41,28.71490141209795,77.01183514548458,Fraud,None,False
2023-10-15,11:35:24,28.7136799394148,77.10913545618499,Theft,None,False
2024-11-04,10:10:16,28.60149191558044,77.14064256175344,Fraud,None,False
2024-04-16,09:27:27,28.71407265567659,77.1143189004256,Theft,None,False
2023-07-18,23:24:15,28.673435510246904,77.17891920553821,Murder,Blunt Object,True
2023-12-16,05:22:24,28.68637273822081,77.17039839497019,Assault,Knife,False
2024-03-16,14:34:28,28.70848579290921,77.08879973372636,Fraud,None,False
2023-01-04,04:03:31,28.684753762722597,77.1799195448439,Robbery,Firearm,True
2024-10-06,13:00:07,28.830958323564747,77.15164127563555,Cybercrime,None,False
2023-03-06,00:53:42,28.581777976993806,77.24496277320773,Murder,Firearm,True
2024-05-10,06:29:14,28.65961245266428,77.07132286492599,Burglary,None,False
2024-11-09,07:05:41,28.666484121349637,77.17943986045643,Robbery,Knife,False
2024-12-09,04:29:36,28.70555427217406,77.0954628960067,Assault,None,False
2024-05-21,05:59:18,28.77102346572463,77.15394326471727,Theft,None,False
2024-09-29,12:35:32,28.647066519528927,77.18589355812756,Theft,None,False
2023-06-30,00:58:31,28.670618426031826,77.18175073443882,Burglary,Knife,False
2023-12-19,04:39:13,28.66723806342143,77.18320464166068,Assault,Knife,False
2024-11-06,07:45:45,28.81606877785534,77.13080531622587,Assault,None,False
2023-08-21,22:25:33,28.670706888128617,77.18208662795192,Robbery,Knife,False
2024-04-30,08:05:05,28.784295996165774,77.02447569960137,Kidnapping,Knife,False
2023-03-31,18:28:09,28.67988928648571,77.1871004232386,Theft,None,True
2023-02-20,20:04:10,28.76950441239777,77.16505349780289,Cybercrime,None,True
2024-09-13,18:07:32,28.667243250824097,77.1907029837451,Fraud,None,True
2023-06-12,07:16:41,28.609004661690552,77.17209321009409,Fraud,None,True
2023-05-08,05:40:43,28.668933858012398,77.17226746776625,Fraud,None,True
2023-08-16,20:19:34,28.706900453426975,77.07575432871846,Vandalism,None,False
2024-05-19,22:56:50,28.529002442559477,77.08475081162258,Burglary,Rope,False
2024-02-17,17:25:14,28.784924417666346,77.02880681229843,Theft,None,False
2023-05-15,05:17:04,28.54615637012824,77.02071081578616,Assault,Knife,False
2023-06-06,05:09:24,28.74322093272374,77.16067817706285,Burglary,Rope,True
2023-10-27,09:14:20,28.70393776882404,77.11406833781038,Cybercrime,None,False
2023-06-07,22:59:10,28.708073970234594,77.09502544346043,Assault,None,False
2023-07-07,22:29:53,28.671294979465884,77.16847133842792,Murder,Firearm,False
2023-09-06,23:08:07,28.673018610096086,77.19362100619222,Assault,None,False
2024-06-28,02:01:04,28.760952900847112,77.1665200932592,Robbery,Knife,False
2023-01-07,17:40:44,28.641071147562013,77.07596099794515,Fraud,None,False
2023-11-09,04:26:34,28.684769577355205,77.249658508257,Burglary,Firearm,False
2023-08-14,14:01:50,28.75388143252558,77.15957231373805,Theft,None,True
2024-11-10,14:32:16,28.798851123643097,77.0305657237142,Theft,None,False
2023-03-06,11:25:34,28.676283889875442,77.19538863425207,Fraud,None,False
2023-09-15,20:42:17,28.782769968360697,77.01929107717496,Robbery,Knife,True
2023-10-02,02:37:19,28.69553007054585,77.17780235535663,Robbery,Knife,False
2023-01-18,20:44:15,28.785687560509373,77.04406006669453,Robbery,Knife,False
2024-08-28,11:41:19,28.63801506096269,77.05242132086778,Theft,None,False
2023-03-03,17:22:22,28.64663737296775,77.04456923602088,Cybercrime,None,False
2024-03-21,05:45:48,28.64122093923132,77.06495038664315,Theft,None,True
2023-04-09,04:56:59,28.671400481031746,77.16706549056815,Assault,None,False
2024-08-08,08:52:15,28.660041779562043,77.0635353815395,Fraud,None,False
2024-10-24,16:31:34,28.718411521177618,77.0998996374982,Theft,None,False
2024-03-12,17:51:37,28.635299880183094,77.06519180920255,Cybercrime,None,False
2023-07-09,04:48:02,28.701942128736718,77.0907223854201,Burglary,Blunt Object,True
2024-12-13,20:59:59,28.798797842587874,77.02627729777107,Vandalism,None,False
2023-12-27,08:38:14,28.655697336152045,77.19578166053958,Assault,Knife,False
2023-04-04,22:56:10,28.699057019841874,77.09642176107386,Assault,None,False
2024-11-19,21:03:08,28.686446124129702,77.11990941486597,Kidnapping,Knife,False
2023-06-12,04:24:26,28.741205194127904,77.15308449480706,Burglary,Firearm,True
2024-05-12,13:46:03,28.795362032254044,77.14467169330031,Theft,None,False
2023-10-18,17:28:26,28.673503456880077,77.16548334141713,Theft,None,True
2024-07-28,16:54:12,28.666002751642328,77.18437800338043,Theft,None,False
2024-05-23,14:35:48,28.66622825930013,77.1845335946,Theft,None,False
2023-04-02,15:17:02,28.79091743408815,77.04212502885801,Cybercrime,None,False
2024-03-12,01:13:46,28.581482064218733,77.3221646054979,Robbery,Firearm,True
2023-11-19,08:01:53,28.79177479344554,77.03248285846333,Cybercrime,None,False
2023-10-06,20:34:21,28.684995365830765,77.20615407772,Fraud,None,False
2024-03-27,02:52:44,28.560227989894315,77.07997373575087,Robbery,Knife,False
2023-08-17,11:41:26,28.650315683401267,77.18442651532648,Theft,None,False
2023-07-03,13:23:55,28.757753942419253,77.15210837884558,Theft,None,False
2024-02-28,07:30:49,28.667554664290016,77.16200485483812,Fraud,None,False
2023-11-18,22:21:28,28.75783533683412,77.16705434483916,Robbery,Knife,False
2023-10-16,15:04:16,28.778189815442666,77.03690059929025,Fraud,None,False
2023-09-26,10:38:13,28.768418556865797,77.03707213063694,Fraud,None,False
2023-03-16,11:07:03,28.664761770225535,77.02625820493971,Fraud,None,False
2024-08-26,08:54:18,28.69649636358784,77.09856388417968,Assault,Knife,False
2023-10-19,08:14:36,28.677924333156923,77.16937836798805,Murder,Blunt Object,False
2023-06-25,05:19:10,28.700128846684322,77.10208528222002,Assault,None,False
2024-09-11,17:22:05,28.633109607754683,77.08046665201675,Fraud,None,False
2024-11-16,19:24:44,28.618750451993865,77.03555630863666,Vandalism,None,False
2023-04-17,00:17:25,28.634316920501778,77.08048480087137,Murder,Knife,False
2023-04-28,17:25:49,28.649629052285995,77.05313407993756,Fraud,None,False
2023-12-23,07:00:59,28.7151623155886,77.1045069869429,Murder,Knife,False
2024-08-22,04:48:09,28.676672534211114,77.17905522791249,Assault,None,False
2023-10-12,20:37:56,28.77660584013043,77.03587766099056,Fraud,None,False
2023-06-01,22:14:36,28.748649127700045,77.17066755629575,Robbery,Firearm,True
2023-04-20,04:57:53,28.77140708894757,77.04786156772856,Assault,None,False
2023-12-31,19:15:06,28.672986811512022,77.18549085734021,Fraud,None,False
2024-10-05,17:09:41,28.792431577666292,77.02619750704997,Cybercrime,None,False
2023-03-22,20:53:11,28.790524838469864,76.8317456144619,Assault,Knife,False
2024-07-19,10:51:44,28.632101046677807,77.0100937192659,Theft,None,False
2023-03-28,02:38:19,28.631564939876284,77.06035045161921,Robbery,Knife,False
2023-10-31,06:41:00,28.64795749968182,77.069526599985,Assault,Knife,False
2023-05-19,01:13:09,28.72818767572004,77.03593065351065,Assault,None,False
2024-02-21,07:34:11,28.78779016437825,77.03374285694852,Robbery,Firearm,False
2024-03-01,18:21:57,28.713460561679362,77.11026936702932,Fraud,None,False
2024-07-07,01:01:12,28.707147641392062,77.01277469938388,Robbery,Knife,False
2023-05-25,20:43:10,28.638804984416794,77.0475210640362,Murder,Firearm,True
2024-10-24,17:44:30,28.75094733666084,77.1551805042759,Theft,None,False
2023-07-12,01:22:00,28.79125174390128,77.03198881306986,Robbery,Blunt Object,True
2024-01-11,01:42:31,28.704261247879003,77.10393306305001,Robbery,Blunt Object,False
2023-07-05,16:19:39,28.778940946868676,77.02324607742358,Fraud,None,False
2024-06-16,05:34:55,28.626545621026896,77.05554850641923,Assault,None,True
2024-08-10,03:55:30,28.678831454532677,77.1754708856196,Robbery,Blunt Object,False
2023-09-17,14:51:55,28.641721929625742,77.06716431287413,Theft,None,True
2023-05-06,15:34:29,28.756168949642266,76.9945467147834,Fraud,None,False
2023-01-11,15:55:49,28.803805935645364,77.21523500893555,Cybercrime,None,False
2024-09-16,22:12:28,28.591115014278145,77.02011631303589,Robbery,Blunt Object,False
2023-02-28,06:19:08,28.82320906831462,77.08781464787448,Murder,Knife,False
2023-08-25,21:10:47,28.621902220525484,77.04850318495268,Vandalism,None,False
2023-06-24,08:33:20,28.679163037482752,76.98619573497155,Theft,None,False
2023-02-17,04:37:33,28.639965762293638,77.06282396213683,Burglary,Blunt Object,True
2024-08-18,00:35:47,28.85032546040347,77.07345460837723,Robbery,Knife,False
2023-10-27,01:53:51,28.654825417995728,77.07678760162037,Assault,None,False
2023-09-23,19:53:46,28.847530966935206,77.13097545933856,Cybercrime,None,True
2024-05-02,23:22:53,28.507771085216103,77.14858248654039,Burglary,Blunt Object,False
2024-02-28,03:51:16,28.808939988781354,77.09439328945646,Burglary,Poison,False
2023-02-21,14:03:55,28.878558387007526,77.18848335614675,Theft,None,False
2023-06-07,17:04:53,28.67978273377153,77.19336380711206,Fraud,None,False
2023-07-04,05:39:48,28.75743369851261,77.12757189500606,Kidnapping,Poison,True
2024-08-21,12:29:49,28.654186104852965,77.22221680272479,Theft,None,False
2024-06-03,05:22:04,28.62334086599017,77.08015274947631,Assault,None,False
2023-07-10,03:37:51,28.74365163686097,77.17033922595202,Robbery,Firearm,True
2024-06-09,01:31:40,28.69091492457418,77.17366131104859,Robbery,Firearm,False
2024-09-20,01:49:13,28.718829800038908,77.0344505952236,Burglary,None,False
2024-05-11,10:36:27,28.76559446390314,77.15346830772424,Fraud,None,False
2023-04-17,21:23:58,28.792217055716133,77.03581918447709,Murder,Knife,False
2024-05-20,03:42:52,28.783454062063885,77.1422207623499,Robbery,Firearm,False
2023-09-18,09:05:38,28.533039664556348,77.06319097992986,Theft,None,False
2024-01-05,10:31:54,28.738420117344397,77.13757537729994,Theft,None,True
2024-11-26,11:40:08,28.66408685345802,77.17327811094569,Fraud,None,False
2023-07-16,07:06:38,28.664553818980497,77.18768218950446,Theft,None,False
2023-10-29,10:59:49,28.779038109389145,77.03070485425128,Theft,None,True
2024-05-26,18:30:59,28.71304232774501,77.0948367747522,Fraud,None,False
2023-01-22,06:03:05,28.671454541012952,77.18615759986093,Theft,None,False
2024-06-03,12:43:11,28.6546843219938,77.1586509449105,Theft,None,False
2024-05-23,09:22:15,28.677561173287977,77.18742014280568,Fraud,None,False
2023-06-13,21:45:46,28.664742201348524,77.06408094875867,Kidnapping,Blunt Object,False
2024-05-24,17:15:49,28.68229739717258,77.18054527356415,Theft,None,False
2024-08-03,05:35:34,28.78707227221585,77.0491725684175,Theft,None,False
2023-12-24,19:45:37,28.652860071818743,77.18663616257572,Robbery,Firearm,False
2024-08-09,05:44:25,28.805455867300772,77.03532034219211,Burglary,Poison,False
2024-02-25,07:57:01,28.800605729632327,77.02620787850472,Theft,None,False
2024-11-11,21:10:26,28.78377952505836,77.0328352470239,Fraud,None,False
2024-11-15,05:36:47,28.65192408920641,77.1708182217215,Fraud,None,False
2023-10-31,06:32:57,28.5944124920616,77.18470660780326,Theft,None,False
2024-11-10,09:26:15,28.792821531056838,77.03574036442708,Fraud,None,True
2023-12-14,03:32:06,28.712341028968556,77.1008585058728,Robbery,Knife,False
2023-02-14,09:55:31,28.766119316695395,77.15258788442632,Fraud,None,False
2023-06-10,02:20:19,28.709886404742676,77.07594073667377,Assault,None,False
2023-03-20,13:32:53,28.650944504776366,77.05828801183387,Fraud,None,True
2024-07-05,05:35:39,28.801743137719807,76.9892850859284,Fraud,None,False
2023-11-02,00:18:25,28.663110837452717,77.18937426755127,Robbery,Knife,False
2023-03-01,14:10:47,28.70321455785417,77.09796108583848,Theft,None,False
2024-11-20,00:02:05,28.793105773247547,77.0417738585914,Robbery,Firearm,False
2024-05-06,08:54:13,28.702097987456998,77.11649227950072,Kidnapping,Poison,False
2024-02-02,23:13:18,28.858014234581066,77.25973982102704,Burglary,Blunt Object,False
2023-05-02,21:41:31,28.67588742230661,77.22557029049845,Fraud,None,False
2023-04-25,22:13:41,28.634610471722315,77.05343097125278,Robbery,Blunt Object,False
2023-07-07,00:37:22,28.620595441473757,77.07922868201898,Robbery,Firearm,False
2024-06-28,07:53:57,28.775460201509237,77.03123467420254,Robbery,Firearm,False
2024-08-04,04:04:29,28.61306756580717,77.17201652483303,Robbery,Blunt Object,False
2024-08-25,22:11:16,28.670343663392824,77.16945183109567,Burglary,Poison,False
2023-04-09,23:43:38,28.70851662564186,77.0881626997519,Robbery,Knife,True
2023-01-21,02:04:32,28.62035942746845,76.8918110885374,Robbery,Knife,False
2024-12-24,00:04:39,28.629860418878025,77.0642852916972,Robbery,Firearm,False
2024-07-06,12:15:26,28.507646396189706,76.95438542753783,Theft,None,False
2023-01-04,11:42:54,28.754076310838673,77.14706393103907,Fraud,None,False
2023-10-04,08:53:37,28.90330366359593,77.28588965460244,Vandalism,None,False
2023-12-30,20:08:22,28.74542077537249,77.15807137618404,Burglary,Blunt Object,False
2024-09-18,02:16:25,28.711592825568793,77.09652521141976,Robbery,Firearm,False
2024-03-22,08:53:10,28.659144584635015,77.18237701550693,Assault,None,False
2024-05-28,22:11:17,28.68681543251859,77.05892355030295,Assault,Blunt Object,False
2024-02-22,03:01:58,28.678523168681643,77.17499270392995,Burglary,Rope,True
2024-07-09,14:39:15,28.588900245242087,77.113408297035,Theft,None,False
2024-07-19,11:05:38,28.677959700925687,77.17073355056101,Cybercrime,None,True
2023-07-14,05:38:43,28.763380906109912,77.13479518862225,Vandalism,None,False
2024-09-15,05:32:49,28.638318865412845,77.05991991463803,Robbery,Knife,False
2024-04-17,21:50:54,28.63773776287348,77.05684939526449,Robbery,Knife,False
2024-12-18,00:43:13,28.891207448230812,77.01741159109612,Burglary,Blunt Object,False
2024-03-08,22:54:23,28.77851221722472,77.15687126779731,Assault,Knife,False
2024-06-19,03:39:26,28.70502055137312,77.10726240353388,Assault,Knife,False
2024-09-28,04:38:23,28.957092774925197,77.00314069960686,Burglary,Blunt Object,False
2024-12-12,04:01:45,28.692895820810637,77.09495133803429,Robbery,Knife,False
2023-12-25,18:06:45,28.784421431469646,77.01524228875189,Theft,None,True
2023-06-04,14:13:41,28.70633392393186,77.27185471334137,Theft,None,False
2024-09-18,12:53:06,28.64561407390625,77.05957314541024,Fraud,None,True
2023-07-29,11:12:56,28.667918395513162,77.19148511704552,Fraud,None,False
2024-09-08,09:56:00,28.63584167226762,77.08096395920599,Fraud,None,True
2023-11-02,04:58:11,28.897435974771437,77.12817507986618,Burglary,Poison,True
2023-05-27,22:28:36,28.673984849119233,77.19280659808243,Burglary,Poison,False
2024-08-10,22:31:38,28.685047985022273,77.17444008268942,Robbery,Firearm,True
2024-04-13,11:10:38,28.698834448668634,77.08927652565318,Fraud,None,False
2024-12-03,22:29:37,28.78819064938334,77.03916627883459,Assault,None,False
2023-07-18,22:08:46,28.69060074362139,77.09794801095184,Assault,Knife,True
2023-10-23,16:41:14,28.630627460824186,77.05351200189756,Fraud,None,False
2024-07-03,19:24:49,28.709610170602264,77.09516517933322,Robbery,Blunt Object,False
2024-06-30,01:01:04,28.67401740439677,76.93976882720527,Robbery,Firearm,False
2024-02-08,00:21:39,28.705969902097248,77.10205726680157,Robbery,Firearm,True
2024-04-14,01:25:22,28.63681040749967,77.06060985702318,Robbery,Firearm,True
2023-07-03,09:51:02,28.705902948805036,77.09435131851092,Fraud,None,False
2023-08-15,00:01:11,28.739337374559984,77.17055574432688,Burglary,Poison,False
2023-02-12,12:00:38,28.640772729528972,77.09282398968132,Theft,None,False
2023-09-26,03:51:31,28.6842083973502,77.21779055187571,Burglary,Blunt Object,False
2024-01-15,00:27:47,28.66165513550111,77.18699827213727,Robbery,Firearm,False
2024-11-26,14:41:00,28.63334477147059,77.04862096954234,Theft,None,False
2024-01-02,14:06:17,28.746897879789934,77.141243450322,Theft,None,False
2023-07-16,15:57:25,28.699970863821534,76.95504973129518,Cybercrime,None,False
2023-02-23,18:18:03,28.71356807566512,77.10305002936035,Fraud,None,True
2024-04-28,05:53:53,28.708324349729015,77.09783811388054,Fraud,None,True
2024-03-13,13:33:26,28.640427960657885,77.06537563905167,Cybercrime,None,True
2023-10-30,11:01:56,28.77245949367594,77.02892009565588,Cybercrime,None,False
2023-02-14,14:19:23,28.695503864861216,77.0935943118941,Theft,None,False
2024-07-26,14:35:42,28.493116175937438,77.236432658948,Cybercrime,None,False
2024-01-22,05:09:41,28.747234612468464,77.16413376055164,Burglary,None,False
2024-09-17,21:44:56,28.81097923213943,76.97390002934836,Fraud,None,False
2023-07-02,06:42:28,28.663215887643272,77.20810502959357,Burglary,None,True
2024-10-12,23:34:31,28.661609259419272,77.06218481486673,Burglary,Blunt Object,True
2024-05-06,14:09:20,28.786673731064173,77.02619153597054,Theft,None,False
2024-01-17,21:44:47,28.788423527142,77.02532818099279,Assault,Blunt Object,False
2024-07-01,08:12:00,28.623776462357018,77.04928444213489,Kidnapping,None,False
2023-05-21,10:27:59,28.70620927478506,76.98939327644975,Theft,None,False
2024-12-19,21:41:50,28.643427225350866,77.05175338960566,Theft,None,True
2024-02-08,04:39:01,28.6258646077498,77.18781653064133,Burglary,None,True
2024-04-28,08:37:21,28.72884805476401,77.10153355786868,Burglary,Rope,False
2023-10-05,19:31:03,28.682889639730707,77.18730608593347,Vandalism,None,False
2023-11-25,11:41:44,28.718565632912515,77.09790140737685,Fraud,None,False
2023-06-24,12:36:27,28.779803650214724,77.0194889073361,Theft,None,False
2024-05-29,11:55:51,28.749810192826278,77.16214769894303,Theft,None,True
2023-12-11,01:54:05,28.76709987372262,77.16210305168087,Burglary,Rope,True
2023-04-05,09:24:19,28.686158081334504,77.11333145212662,Theft,None,False
2024-01-10,23:15:06,28.62571481376728,77.07148117324122,Robbery,Knife,False
2023-10-30,04:04:57,28.70042215473429,77.10952533313935,Assault,Knife,True
2024-12-20,20:47:32,28.770775516521052,77.04421167632708,Cybercrime,None,False
2023-07-28,01:20:03,28.68945025253895,77.09581545089148,Robbery,Knife,True
2024-06-26,07:55:43,28.74411905372231,77.13495715147178,Fraud,None,True
2023-03-12,07:19:10,28.713552756758848,77.2831089117837,Assault,Knife,False
2024-06-09,17:16:25,28.780769052223203,77.15347155787087,Fraud,None,False
2024-07-24,02:29:14,28.815768127506754,77.12570946379286,Robbery,Firearm,False
2024-07-22,15:49:49,28.78908883194768,77.02907851348874,Theft,None,True
2024-03-31,11:07:52,28.756050769254227,77.15787478704607,Theft,None,False
2023-08-20,17:34:19,28.646254027112366,77.0947505700107,Cybercrime,None,True
2023-04-20,12:58:13,28.703515698810026,77.11076403317331,Theft,None,False
2024-01-26,18:04:45,28.773439678283722,77.03198457791393,Theft,None,False
2023-06-16,21:34:18,28.693220054690528,77.19414060152586,Fraud,None,True
2023-08-18,07:38:32,28.83901790488887,77.10494318401781,Fraud,None,False
2023-09-21,13:41:32,28.70730997563686,77.11252236166703,Fraud,None,False
2023-02-23,22:11:40,28.79970255529531,77.01298397087119,Burglary,Poison,True
2023-02-19,19:22:45,28.740945586929502,77.16559444101404,Vandalism,None,False
2023-01-18,19:20:37,28.70133110644231,77.09578279210743,Assault,Knife,False
2024-07-07,21:38:35,28.741558390130045,77.14694983298456,Fraud,None,False
2023-06-24,23:41:09,28.563863071657618,77.31160942727325,Robbery,Firearm,False
2024-04-13,21:13:13,28.703875639480195,77.10192049458237,Kidnapping,Blunt Object,False
2024-05-17,11:57:49,28.789980766751675,77.04212345169267,Fraud,None,False
2023-05-10,18:52:16,28.798688815655463,77.20986219439077,Fraud,None,True
2024-03-27,21:15:20,28.74779154449209,77.14952133195044,Cybercrime,None,True
2023-11-03,19:15:13,28.781003165544227,77.04976109383604,Vandalism,None,False
2023-03-25,16:49:31,28.674048933679728,77.18648763764425,Theft,None,False
2024-06-25,10:53:43,28.78261850823104,76.92473190376299,Cybercrime,None,False
2023-04-12,09:40:48,28.775574564988894,77.07912759421484,Fraud,None,False
2024-06-19,14:14:37,28.651174577108645,77.07026931692354,Cybercrime,None,True
2024-10-15,01:04:50,28.660179150611192,77.07603453647621,Robbery,Knife,False
2023-04-27,02:58:56,28.83875716626103,77.24686703191664,Burglary,Poison,False
2023-03-23,10:00:58,28.733237898481594,77.10571850870369,Cybercrime,None,False
2024-09-24,23:54:33,28.762828170831785,77.15982080951433,Murder,Blunt Object,False
2024-03-31,17:02:23,28.673193376326175,77.14298234088083,Fraud,None,False
2024-03-11,15:23:58,28.703749035332155,77.09396067091541,Fraud,None,False
2024-01-18,03:15:21,28.833146074137634,77.10801992425301,Burglary,Rope,False
2024-07-05,00:45:08,28.908970825769885,76.93995077298003,Assault,None,True
2024-11-15,11:35:35,28.648422122715665,77.1057638836691,Theft,None,False
2023-05-05,20:57:34,28.76547381097629,77.15649469372603,Assault,Blunt Object,True
2023-05-09,20:52:50,28.707204727541807,77.09122736207446,Cybercrime,None,False
2023-12-24,04:24:54,28.772530586027703,77.0357250466029,Robbery,Knife,True
2024-07-01,03:40:46,28.770458940061815,77.02718122249712,Assault,Blunt Object,True
2023-05-19,10:53:54,28.75910917329086,77.14267675727723,Theft,None,False
2023-12-18,19:19:50,28.77015355962362,77.16473936344238,Cybercrime,None,False
2023-05-24,16:00:54,28.658385800016617,77.17317628756818,Theft,None,False
2024-02-15,20:41:34,28.68124222755505,77.09467408637452,Assault,None,False
2023-03-03,00:15:32,28.78073884765724,77.06111050577252,Burglary,Poison,False
2024-03-16,03:17:22,28.750179724361598,76.95026656817183,Robbery,Blunt Object,False
2024-10-28,12:10:18,28.76207975254582,77.14694890772071,Cybercrime,None,False
2024-08-04,06:46:11,28.67422169682283,77.18157125498607,Kidnapping,Firearm,True
2023-09-10,14:18:16,28.771384514791077,77.02096915668261,Cybercrime,None,True
2023-09-03,17:10:05,28.713777944690033,77.10648992157502,Theft,None,False
2024-07-11,21:38:42,28.654600490415536,77.06574658235502,Fraud,None,False
2023-09-13,10:44:24,28.785529906348092,77.01523989381334,Theft,None,True
2023-09-20,02:30:03,28.781396333032387,77.03222615679597,Assault,Blunt Object,True
2024-09-30,16:48:52,28.773631071982727,77.15936956632099,Cybercrime,None,False
2023-12-09,19:29:37,28.659460611817096,77.06847537705895,Murder,Knife,False
2023-05-08,01:21:51,28.776986967730505,77.03367124216152,Robbery,Knife,True
2023-01-09,09:36:50,28.646462236462643,77.0531084443023,Theft,None,False
2024-06-05,03:43:48,28.64025612623407,77.06044233006322,Robbery,Firearm,False
2024-08-15,08:22:15,28.72015619832565,77.0816925947461,Kidnapping,Knife,True
2023-02-15,15:13:59,28.71615818420716,77.09313204765041,Theft,None,False
2024-10-03,00:07:51,28.690379208127304,77.11429942130039,Burglary,Knife,False
2024-06-05,16:32:31,28.777289806923438,77.22795187023813,Fraud,None,False
2023-12-26,04:04:25,28.78417019475456,77.30848450017375,Assault,None,False
2023-05-20,17:52:31,28.679687238369443,77.18093522623877,Theft,None,False
2023-01-22,23:22:02,28.738392637732133,77.2268469128346,Murder,Blunt Object,True
2024-01-28,09:51:59,28.62616246747399,77.03731114174687,Fraud,None,True
2024-08-27,18:20:44,28.64101039985402,77.04145417201235,Fraud,None,True
2024-07-15,17:06:29,28.645480784084178,77.04363871296049,Theft,None,False
2023-08-16,08:31:15,28.70940593129326,77.18902897561352,Assault,None,False
2023-04-07,08:28:00,28.77933123539356,77.04927115870188,Theft,None,True
2023-12-24,07:01:37,28.739494991005817,77.16441260681633,Vandalism,None,False
2023-07-10,19:50:27,28.771613705640693,76.93089667516894,Burglary,Blunt Object,False
2023-02-10,09:32:16,28.671207942990407,77.06186254714495,Theft,None,False
2023-08-27,03:05:40,28.616351597784437,76.96179128052161,Burglary,Rope,False
2023-01-08,09:46:36,28.641899819723406,77.0612259312761,Fraud,None,True
2024-12-07,21:32:17,28.675126455285397,77.17952203843777,Murder,Firearm,False
2023-09-03,20:03:19,28.790432253101148,77.02862370167338,Robbery,Firearm,False
2023-11-13,03:35:48,28.510603588275952,77.08756385043505,Murder,Blunt Object,False
2024-07-11,16:57:09,28.467352234662673,77.13787706308915,Theft,None,False
2023-09-19,20:54:39,28.664306997697174,77.18413360354916,Fraud,None,False
2023-03-22,18:03:32,28.797240749815245,77.02301251304733,Cybercrime,None,False
2023-09-29,23:30:31,28.76471256258512,77.14816610433314,Burglary,Knife,False
2024-09-28,01:52:45,28.721631948020658,77.09884847386802,Robbery,Firearm,False
2023-08-09,01:49:47,28.66569507014493,77.18937238450395,Burglary,Knife,False
2023-02-27,05:30:50,28.639742102703764,77.0540855048587,Theft,None,True
2024-02-05,15:04:37,28.639321601492963,77.06205393467818,Fraud,None,True
2024-02-24,19:47:44,28.657521801312452,77.0431591225454,Theft,None,True
2024-09-11,11:23:44,28.674330806589502,77.18874903594654,Theft,None,True
2023-12-08,20:30:04,28.64603448574992,77.07559865169434,Theft,None,True
2023-08-10,22:24:13,28.696665467024147,77.08404485578141,Burglary,Knife,True
2023-06-14,03:24:18,28.650023295470135,77.06349313814951,Robbery,Knife,False
2024-04-28,02:45:05,28.700195912617197,77.10766144039587,Burglary,Blunt Object,False
2023-09-17,11:30:46,28.747574717067835,77.14638822847981,Cybercrime,None,False
2023-04-25,18:03:28,28.65130059782344,77.23780691601665,Theft,None,False
2024-04-30,00:13:44,28.721889836440145,77.15645598834763,Burglary,Firearm,False
2023-08-19,10:58:42,28.644442718142002,77.04569129540762,Theft,None,False
2023-04-06,23:35:27,28.647197267791363,77.06725751991831,Robbery,Firearm,False
2023-10-04,02:59:44,28.709996392313574,77.07598171936955,Robbery,Knife,True
2024-04-01,17:16:28,28.797763894118543,77.02512263295317,Cybercrime,None,False
2024-11-21,06:38:57,28.650965677467532,77.06991073780682,Fraud,None,False
2023-05-14,17:07:26,28.63533302914381,77.06910459952351,Theft,None,False
2024-07-24,00:52:39,28.780245067590876,77.01178622820663,Murder,Knife,False
2024-12-09,13:04:26,28.82087419255278,77.02499550369838,Fraud,None,False
2023-05-15,03:51:03,28.74555506537262,77.14846934131964,Robbery,Knife,False
2024-07-03,21:10:10,28.73132367253274,77.0967729589178,Robbery,Firearm,False
2024-12-20,10:23:45,28.67958066924707,77.16910510633471,Fraud,None,False
2024-03-14,18:42:11,28.696676136295693,77.10134002927678,Fraud,None,False
2023-03-02,00:21:07,28.693078872926588,77.18136187461587,Burglary,Firearm,False
2024-06-07,08:24:01,28.764952222636616,77.15288555168785,Cybercrime,None,True
2023-04-23,20:49:18,28.655734136256243,77.07782755758856,Theft,None,False
2023-05-14,03:07:19,28.702415802879713,77.10853645738962,Burglary,None,True
2023-07-26,14:18:36,28.717846112675765,77.10609680847686,Fraud,None,False
2023-11-30,08:23:27,28.822807767874178,77.00602102623704,Murder,Knife,False
2024-05-31,05:44:32,28.74995369491186,77.14525697465793,Robbery,Firearm,False
2023-07-11,05:23:23,28.677244445908748,77.17891041614821,Theft,None,False
2023-07-24,17:54:03,28.651397729370345,77.05318998288368,Fraud,None,False
2024-01-03,11:58:23,28.708403097332127,77.17118579110124,Theft,None,False
2023-01-03,02:13:10,28.49756972249594,77.31466313073302,Robbery,Knife,False
2024-02-17,16:30:32,28.7812684811512,77.01224960086326,Theft,None,True
2024-06-12,18:58:20,28.75568093898577,77.15283443467973,Fraud,None,True
2024-02-20,00:05:47,28.753281056204276,77.16241191112927,Robbery,Blunt Object,True
2023-08-29,05:03:21,28.65157444971427,77.06547876191024,Cybercrime,None,False
2024-08-18,19:22:01,28.749115563394664,77.09206415505619,Cybercrime,None,True
2023-12-11,10:55:48,28.7218549084924,77.08770803981643,Fraud,None,True
2024-07-14,15:28:59,28.71806516742159,77.10900246311888,Theft,None,False
2023-02-21,00:50:22,28.76223280406065,77.14406146122576,Murder,Blunt Object,False
2024-03-20,04:19:23,28.626663273976035,77.06406823016098,Assault,Blunt Object,False
2023-03-26,03:29:58,28.73222304922186,77.25145994094477,Burglary,None,False
2024-07-22,23:30:41,28.691396379536748,77.11404693766717,Robbery,Firearm,False
2023-11-13,05:27:51,28.940841436402714,77.06472351124776,Theft,None,False
2023-03-12,13:13:01,28.741190577805067,77.14843025633627,Theft,None,False
2023-01-31,16:15:20,28.674240049673713,77.18813787875007,Theft,None,False
2024-02-19,15:43:35,28.778186052701617,77.04805198534149,Theft,None,True
2023-05-22,09:43:15,28.69295467684992,77.08510794847828,Cybercrime,None,True
2024-12-24,19:37:37,28.81477104242873,76.87503789687939,Robbery,Knife,False
2024-10-30,08:06:02,28.68368702311273,77.41426811292081,Vandalism,None,False
2023-01-02,05:26:07,28.7839795644704,77.02129232349306,Fraud,None,False
2024-05-27,02:32:58,28.783526025362132,77.03199199211382,Burglary,Rope,False
2024-04-23,08:16:45,28.72016499403531,77.16872629821597,Kidnapping,Rope,False
2023-08-16,12:32:26,28.633708888316324,77.07937548055237,Cybercrime,None,True
2023-06-13,22:33:52,28.756551142843726,77.15976794046402,Robbery,Knife,False
2023-04-20,19:59:12,28.777818506002443,77.04536382136997,Robbery,Knife,True
2023-12-21,20:33:05,28.781529475911867,77.03527552513495,Theft,None,False
2023-04-28,01:09:15,28.66476893922813,77.17253068373599,Robbery,Knife,False
2024-02-23,00:51:24,28.68098205306453,77.17806393169793,Robbery,Firearm,False
2023-03-30,01:04:42,28.665561769124956,77.17606816657974,Robbery,Blunt Object,False
2024-08-04,22:50:01,28.651089530717176,77.05620962138796,Burglary,Firearm,True
2024-06-29,13:37:35,28.782923450683978,77.03265027750288,Theft,None,False
2023-08-18,09:24:48,28.764926511139894,77.01778873594628,Theft,None,True
2023-11-09,23:51:04,28.737727788924758,77.02879706388474,Robbery,Firearm,False
2024-10-11,10:55:01,28.654667249112805,77.07216807104251,Theft,None,True
2023-12-07,08:36:51,28.761291686663554,77.17069771787313,Theft,None,False
2023-11-13,17:54:23,28.64326910672257,77.06898881925903,Cybercrime,None,False
2024-03-07,03:01:28,28.69825599023404,77.1270236991287,Burglary,Blunt Object,False
2023-04-14,04:35:43,28.80393633652436,77.03261880434519,Assault,Blunt Object,False
2024-06-05,14:16:18,28.757965862299052,77.16609297599365,Cybercrime,None,False
2024-12-16,14:34:13,28.68938604951859,77.03683759292004,Cybercrime,None,False
2024-09-28,16:05:24,28.76283989751007,77.15328439246085,Cybercrime,None,False
2024-03-28,18:35:30,28.722399444964527,77.0190728656932,Cybercrime,None,False
2023-10-28,17:13:57,28.53233278516366,77.12611424098792,Theft,None,True
2023-03-03,23:16:09,28.713149620414942,77.10024193250925,Robbery,Firearm,False
2023-04-22,18:34:40,28.847742951955887,77.03210836745845,Theft,None,False
2023-05-30,04:34:16,28.598629554503407,77.0957769692804,Robbery,Blunt Object,False
2024-03-05,13:46:38,28.783274074246485,77.04019968731336,Fraud,None,True
2024-10-14,15:45:31,28.77635037175936,77.04618094236817,Cybercrime,None,False
2024-08-11,06:15:53,28.80376916962508,77.03210855973033,Theft,None,False
2023-10-17,23:24:15,28.79659710420184,77.02193502929376,Assault,Blunt Object,True
2024-05-19,07:07:13,28.71485221541182,77.1129727640856,Vandalism,None,True
2023-09-13,00:05:30,28.6827343728019,77.1823443691113,Assault,None,False
2023-10-22,18:13:14,28.67455751058758,77.09608272856349,Cybercrime,None,False
2024-06-24,18:49:00,28.64150839823154,77.00467450619396,Theft,None,False
2024-02-19,09:27:15,28.67532243004547,77.17831036554479,Cybercrime,None,True
2023-04-14,01:35:33,28.745853879902352,77.14191199851753,Robbery,Firearm,False
2023-03-26,06:47:23,28.776944870145147,77.04371499211851,Assault,Knife,True
2023-02-22,11:19:17,28.637997494537252,77.05100612935668,Fraud,None,False
2024-05-23,05:10:48,28.63953302384977,77.06588993513809,Robbery,Knife,False
2023-07-27,05:56:25,28.758662494885286,77.12205343460757,Theft,None,False
2024-07-17,21:33:44,28.684316352138275,77.19686368034245,Theft,None,True
2023-02-03,00:28:50,28.773598134626383,77.02277701755267,Robbery,Blunt Object,False
2023-09-04,03:53:36,28.659074661222174,77.02689959805434,Assault,None,True
2024-10-29,20:11:55,28.676339268739465,77.16303474713642,Fraud,None,True
2023-04-18,22:57:00,28.592307239196327,77.25641972001749,Assault,Knife,False
2023-12-30,22:27:30,28.6112780032652,77.2268428278103,Murder,Blunt Object,False
2024-10-13,16:59:25,28.7876533819559,77.01440732285413,Cybercrime,None,False
2023-01-10,22:53:23,28.76763291952162,77.09073326978073,Robbery,Firearm,False
2024-06-26,06:01:51,28.7795453294375,77.03494957093173,Robbery,Firearm,False
2024-06-19,00:07:33,28.678846334855667,77.18957591821975,Burglary,Blunt Object,True
2024-04-24,04:04:33,28.8219252847548,77.14331359127785,Murder,Firearm,True
2023-04-24,22:24:43,28.690343659112138,77.09776354542349,Burglary,Knife,False
2024-11-24,21:41:22,28.998404833526862,77.17494910603818,Fraud,None,False
2024-07-02,07:12:27,28.777792873008117,77.166454340822,Cybercrime,None,False
2023-02-11,16:17:22,28.728280207155574,77.13264070697812,Cybercrime,None,True
2023-01-08,06:37:43,28.700441996012316,76.92871953841535,Murder,Knife,False
2024-04-21,18:13:21,28.70590472524682,77.22356745525423,Theft,None,False
2023-07-18,04:54:48,28.778103600051786,77.03661952999063,Robbery,Firearm,False
2024-02-05,21:18:07,28.762615910458933,77.14340319560688,Theft,None,False
2024-07-18,12:49:51,28.669586971356562,77.17232088509523,Cybercrime,None,False
2023-01-21,14:09:38,28.665878343933105,77.16962394716347,Cybercrime,None,False
2024-12-07,04:18:38,28.69509551538622,77.11669455680799,Robbery,Blunt Object,False
2023-04-02,11:43:06,28.6349452297091,77.06376459219061,Theft,None,True
2023-11-02,05:17:10,28.653813124632904,77.2203865937037,Fraud,None,True
2023-08-11,07:11:43,28.767211622966038,77.16114069982139,Kidnapping,None,False
2023-06-10,10:16:11,28.734713455310278,77.07939404631591,Cybercrime,None,True
2024-08-14,04:59:10,28.632181252958087,77.08193528881122,Robbery,Blunt Object,True
2023-11-05,03:54:02,28.746503269822476,77.15913646347033,Assault,Blunt Object,True
2023-11-20,08:19:27,28.81005655726234,77.04697195030947,Theft,None,False
2024-01-22,17:20:25,28.76448012527316,77.16014213203339,Fraud,None,False
2024-12-31,08:55:21,28.691379638353816,77.17780653533573,Assault,Blunt Object,False
2023-04-03,03:24:11,28.691241359827202,77.09744510244556,Robbery,Firearm,True
2023-10-10,18:09:21,28.724985354253434,77.10832127270851,Theft,None,False
2024-03-10,04:27:07,28.700165621037254,77.08340802541024,Robbery,Firearm,False
2023-05-21,19:52:46,28.758804829961292,77.17222344479083,Robbery,Blunt Object,False
2023-05-18,08:31:38,28.758742512381232,77.15859135519054,Kidnapping,Poison,False
2024-01-06,09:27:05,28.78982445306155,77.03647046669883,Theft,None,True
2024-09-04,16:48:56,28.79726659668681,77.14203736811858,Theft,None,False
2023-10-27,15:50:33,28.780973228303466,77.02454011089992,Fraud,None,False
2024-03-08,16:50:30,28.679202634471935,77.13391294964508,Theft,None,True
2023-04-15,00:59:40,28.67093917038877,77.18564338683132,Burglary,None,False
2023-09-27,23:45:03,28.678491501337003,77.1908317943127,Burglary,Rope,False
2023-08-10,03:33:26,28.76692794968839,77.15328007418479,Burglary,Firearm,False
2024-03-28,10:47:43,28.631022234348524,77.05904895903181,Cybercrime,None,False
2024-12-23,16:42:44,28.784540625674065,77.01414231243824,Fraud,None,False
2023-06-26,12:05:59,28.717986645201027,77.10392377912511,Theft,None,False
2023-06-01,16:24:56,28.6779135283458,77.19615526462526,Theft,None,False
2024-04-04,15:10:07,28.641085716985767,77.15990419308841,Theft,None,False
2024-11-30,07:31:55,28.67300135876898,77.18065913132985,Burglary,Blunt Object,True
2024-12-24,07:31:09,28.626880761219564,77.26906032136866,Kidnapping,Knife,False
2024-01-02,21:58:53,28.640344999599247,77.06949464246895,Burglary,Knife,False
2024-05-01,22:06:50,28.516599261252807,77.22049885296899,Robbery,Blunt Object,True
2024-06-13,19:03:12,28.809321115595708,77.11224341102974,Fraud,None,False
2024-01-15,08:34:03,28.78183057533862,77.03650000005615,Murder,Firearm,True
2023-05-29,17:16:02,28.7269879066088,77.08486763301097,Theft,None,False
2023-12-02,21:42:22,28.782302738757412,77.01133826978462,Cybercrime,None,False
2023-01-10,11:26:32,28.702108160370027,77.07771198809213,Theft,None,False
2024-04-30,18:12:41,28.749816817422023,77.15239534870948,Fraud,None,False
2023-12-19,09:16:22,28.77275828854722,77.04279180436129,Theft,None,True
2023-09-05,19:11:10,28.736158564888015,77.15789764512829,Murder,Firearm,False
2023-05-14,16:34:55,28.670834641474652,77.17079075106193,Fraud,None,False
2023-06-29,23:25:40,28.64612383370599,77.04693048913293,Robbery,Firearm,True
2024-01-15,23:42:40,28.708071382171966,76.96021230921885,Assault,None,True
2023-04-20,15:23:54,28.750227208431784,77.01006426663697,Theft,None,False
2024-01-16,04:09:04,28.699590059829706,77.10543949387944,Robbery,Blunt Object,False
2023-02-03,13:38:45,28.63637457888158,77.06192036000331,Theft,None,True
2024-08-15,00:17:10,28.552716949875514,77.16558756035963,Robbery,Blunt Object,False
2024-02-28,20:42:12,28.66174913805551,77.0904220886791,Vandalism,None,True
2023-07-08,14:28:23,28.785011681466663,77.04038204140798,Theft,None,True
2023-01-26,02:36:05,28.686293743270927,77.11752734326306,Burglary,None,False
2023-03-24,14:33:56,28.781722850472413,77.05410665550488,Cybercrime,None,False
2023-02-10,12:28:03,28.8278180800289,77.07705239233547,Fraud,None,True
2023-08-02,06:43:35,28.639519748169857,77.06725334925427,Fraud,None,False
2024-01-21,21:01:43,28.773466455001696,77.04271624764401,Assault,Knife,False
2024-03-30,15:46:24,28.77354010188073,77.02199945210178,Cybercrime,None,True
2023-02-03,14:28:47,28.695003102115916,77.11009500037517,Fraud,None,False
2023-12-25,22:25:11,28.637932246384803,77.04902004215633,Assault,Knife,False
2023-08-13,22:01:00,28.698043200000644,77.1021795762932,Robbery,Knife,False
2024-05-20,06:33:36,28.58600275163356,76.98733188909657,Vandalism,None,True
2023-05-01,14:06:45,28.725212963340997,77.09389434596187,Theft,None,True
2024-03-15,02:09:58,28.70086957631227,77.09882762999202,Robbery,Knife,False
2023-06-25,16:30:56,28.779886431922293,77.0387134673997,Cybercrime,None,False
2024-08-25,17:48:47,28.653581429504722,77.05944045568468,Theft,None,False
2024-06-01,19:53:02,28.741735217134078,77.16524440227849,Fraud,None,False
2024-03-04,18:01:41,28.694565890880334,77.27553218148573,Cybercrime,None,False
2023-01-23,06:10:35,28.479541410243485,77.12204032212834,Theft,None,True
2024-08-01,06:15:12,28.773286063338762,77.14896735864562,Theft,None,False
2024-01-16,10:53:48,28.751845065766656,77.1554551169159,Cybercrime,None,False
2023-09-23,19:44:29,28.778512041811148,77.02937928067949,Theft,None,False
2023-12-23,07:00:21,28.64072184905809,77.05622579265574,Assault,None,True
2023-09-08,13:01:00,28.826985655020056,77.14860780322965,Theft,None,False
2024-10-29,12:03:55,28.72916282321033,77.18335710068902,Theft,None,True
2023-12-12,10:19:42,28.641456441667966,77.05475796181648,Theft,None,True
2024-08-17,18:21:38,28.668073756953852,77.18251783041104,Cybercrime,None,False
2024-09-30,07:03:00,28.633507882916273,77.05749738983414,Assault,None,False
2024-02-08,05:56:32,28.63893883358129,77.08374556229829,Fraud,None,False
2023-01-28,12:37:38,28.67636185060066,77.10070380278594,Fraud,None,False
2023-10-04,03:17:37,28.801356937928148,77.03371844464134,Robbery,Knife,False
2024-09-04,14:18:07,28.77944174734211,77.11248263150998,Theft,None,False
2023-05-01,05:11:36,28.637366661878353,76.87830840654911,Assault,Knife,False
2024-04-15,11:14:59,28.67615455687036,77.17474393395398,Fraud,None,False
2024-01-29,06:38:08,28.746096645938348,77.14751012744021,Murder,Knife,False
2023-12-17,22:39:04,28.87858614066235,77.3429837542254,Murder,Firearm,False
2023-03-19,08:20:25,28.676272079375284,77.17785232776089,Robbery,Knife,False
2023-05-12,15:25:15,28.58637735825488,77.14935401615462,Cybercrime,None,False
2024-11-14,18:31:15,28.661929056000652,77.06002659612975,Fraud,None,False
2023-05-26,00:55:29,28.730310039592467,77.15920049671816,Assault,None,False
2023-08-23,00:57:46,28.802639971145005,76.94391543596142,Robbery,Knife,False
2023-10-04,02:13:26,28.64586484183663,77.06701226016136,Robbery,Knife,True
2023-12-06,12:54:41,28.643368926979914,77.05459229080914,Theft,None,True
2023-04-13,21:11:09,28.654259372235636,77.05846620254032,Robbery,Firearm,True
2024-05-11,21:31:40,28.659248138373,77.16200525514331,Cybercrime,None,False
2023-05-10,13:37:48,28.716708495199992,77.10866663976472,Fraud,None,False
2023-06-07,03:24:05,28.71289735471292,77.05847253631492,Burglary,Knife,False
2024-12-18,19:38:59,28.778810015857967,77.0217426335156,Robbery,Knife,True
2024-05-09,17:56:11,28.6997854435544,77.08129912784881,Theft,None,False
2023-07-23,07:36:30,28.696739363465316,77.0993906248365,Assault,Blunt Object,False
2024-09-24,02:04:52,28.790198800471902,77.03210073536628,Robbery,Knife,False
2023-10-09,02:05:14,28.783592311387558,77.23741351051135,Assault,None,False
2024-06-27,06:59:39,28.80991700938241,77.14955098473786,Vandalism,None,False
2023-11-25,15:55:10,28.70528626791808,77.00442119915866,Fraud,None,False
2023-01-19,18:29:33,28.651499440513795,77.07929747382221,Theft,None,False
2023-06-22,13:11:42,28.707521060396505,77.12167259148427,Theft,None,False
2024-10-14,11:36:36,28.55154282919389,76.98708366152205,Fraud,None,True
2024-02-06,06:08:41,28.789620150774827,77.12892902101534,Vandalism,None,False
2023-01-09,03:52:11,28.797237821765716,77.03234528359275,Burglary,Firearm,False
2024-04-02,06:15:57,28.775420245774715,77.03036406757796,Vandalism,None,False
2023-07-04,23:31:28,28.76877316029076,77.02121409326904,Robbery,Blunt Object,False
2023-09-09,09:57:31,28.8013443997918,77.18977874144697,Theft,None,False
2024-09-12,23:51:08,28.757730042848063,77.1352892247904,Burglary,Knife,False
2024-02-13,00:00:32,28.67051596424487,77.1702500011134,Robbery,Blunt Object,False
2023-02-23,21:08:35,28.821753325378776,77.04412778664374,Kidnapping,Blunt Object,False
2023-10-19,23:33:25,28.663242522892183,77.18279796165122,Robbery,Knife,True
2024-08-11,07:59:44,28.747698455431657,77.16733743910204,Assault,None,False
2023-05-18,05:50:13,28.63675189102466,77.04850771740776,Murder,Blunt Object,True
2023-08-16,13:55:11,28.682570864842425,77.10219213497587,Cybercrime,None,True
2024-06-25,05:13:37,28.74848069886142,77.13821095393489,Cybercrime,None,False
2024-02-14,10:13:49,28.795992264612558,77.0391724514743,Theft,None,False
2023-02-26,17:15:28,28.701278212106278,77.23893262441709,Cybercrime,None,False
2024-12-26,19:08:27,28.650725360333986,77.05427144098482,Kidnapping,None,True
2024-04-19,06:18:56,28.633707798360096,77.07067981544454,Assault,None,True
2024-11-05,05:20:16,28.678063669564672,77.18419747767972,Assault,Blunt Object,False
2023-07-22,14:56:27,28.61945021971311,77.16329475670058,Theft,None,False
2024-03-21,10:54:38,28.74654501116866,77.15148013345407,Theft,None,False
2024-02-03,12:42:19,28.8487944146387,77.03641657641899,Theft,None,False
2024-04-15,06:30:19,28.628370107429273,77.0519745280813,Cybercrime,None,False
2024-06-19,13:10:49,28.684042988266874,77.18504731137381,Theft,None,False
2023-02-02,15:21:51,28.691212262131124,77.05159061946885,Cybercrime,None,False
2024-09-10,10:38:34,28.75263599075532,77.01758951490099,Theft,None,True
2024-03-14,02:31:44,28.73466655686426,77.0293745431187,Burglary,Firearm,True
2023-01-21,03:09:03,28.66512340614725,77.17612512565175,Assault,None,False
2023-02-12,06:08:31,28.64034592553516,77.06201170164066,Murder,Knife,False
2023-03-21,18:03:59,28.78645455795111,76.99561634708573,Theft,None,False
2023-07-21,18:14:24,28.77602349442253,77.02858430022646,Cybercrime,None,False
2023-06-19,13:04:06,28.769150620386085,77.14169997391618,Cybercrime,None,False
2024-01-23,04:58:52,28.720379661809993,77.25200303097358,Burglary,Poison,True
2023-06-27,07:12:13,28.660970314700528,77.18643975225865,Vandalism,None,False
2023-09-30,02:18:06,28.62387281660655,77.05203662577108,Burglary,None,False
2024-10-02,11:23:39,28.776068891660465,77.02518142691585,Theft,None,False
2023-10-13,08:32:10,28.701319121479063,77.19094455872072,Kidnapping,Poison,True
2023-02-03,21:10:25,28.81427378617862,77.15169934868365,Assault,None,True
2023-02-21,11:05:40,28.65803743211598,77.18644957970324,Theft,None,False
2023-10-28,08:05:14,28.811392961450736,77.0171600525961,Cybercrime,None,False
2023-02-22,14:25:28,28.683753266671612,77.18954336209855,Fraud,None,True
2024-10-29,12:47:39,28.692620400448135,77.17832216987487,Cybercrime,None,False
2024-04-23,04:46:59,28.594338901772428,77.06633718906275,Burglary,Blunt Object,False
2024-01-12,23:59:52,28.768455709931636,77.13421594119158,Robbery,Knife,False
2024-09-15,20:47:55,28.497262428456896,77.11143952789317,Theft,None,True
2024-12-13,06:04:40,28.669674107072257,77.18257727893176,Robbery,Firearm,False
2024-10-27,20:27:55,28.683553117712357,77.17697430653881,Fraud,None,True
2024-01-08,14:59:48,28.625369941690696,77.082944815572,Fraud,None,False
2023-08-22,09:01:43,28.744127717125615,77.14190962877989,Theft,None,False
2023-08-05,00:59:05,28.65513720013723,77.05865510878958,Robbery,Knife,False
2024-04-27,04:22:40,28.67346610147965,77.18732790124061,Burglary,Knife,False
2024-03-06,14:56:20,28.812458310311,77.06915393068184,Cybercrime,None,False
2024-10-19,10:14:18,28.85609520059143,76.88892001512653,Fraud,None,True
2024-04-07,18:29:55,28.780078723695308,77.01854724419825,Fraud,None,False
2023-12-04,21:45:54,28.71782271316608,77.10392044478832,Theft,None,False
2024-08-09,15:05:56,28.63737094667991,77.06912841093022,Theft,None,False
2024-05-30,17:32:01,28.713031883472073,77.1089189412286,Cybercrime,None,True
2023-11-19,23:13:02,28.601130376036693,77.0540982876378,Robbery,Firearm,False
2023-05-01,16:34:51,28.644059271628787,77.0620874034735,Theft,None,False
2023-03-21,19:50:42,28.779074547543836,76.90100987674934,Fraud,None,False
2023-07-30,06:48:06,28.677443270545535,77.17960018645564,Theft,None,True
2024-08-14,00:32:23,28.635714993836164,77.0550751322223,Burglary,Poison,False
2024-06-05,22:25:02,28.682646233548205,76.74239148955405,Robbery,Blunt Object,False
2023-06-07,15:14:37,28.697087104292084,77.09374185175355,Fraud,None,False
2023-08-27,16:52:51,28.75737832093226,77.02194733174895,Theft,None,True
2024-09-17,09:33:15,28.781948861998295,77.04792276627663,Theft,None,False
2024-12-13,21:31:50,28.654043515198158,77.07152271399943,Vandalism,None,False
2023-03-31,08:38:37,28.654112756958916,77.15680322792898,Kidnapping,Firearm,True
2024-08-02,22:13:38,28.781761021995464,77.03053906789324,Murder,Knife,False
2024-09-23,12:22:41,28.758196853437468,77.1465300641158,Cybercrime,None,False
2023-09-22,22:06:34,28.79903003104443,77.03089869860403,Burglary,Firearm,False
2023-10-12,23:58:55,28.710283605662596,77.11705600479257,Assault,Knife,False
2024-12-11,02:44:35,28.80726537745752,76.96160808973096,Burglary,Poison,True
2023-01-06,14:04:01,28.7085489589501,77.11100719394462,Fraud,None,False
2023-12-18,23:29:27,28.76301863022161,77.14136705165886,Burglary,None,True
2024-08-17,23:57:47,28.777529647629827,77.04244558235743,Robbery,Blunt Object,True
2024-04-04,01:41:19,28.636482396293175,77.05950303943335,Robbery,Firearm,False
2023-02-13,16:14:53,28.79985875809502,77.03202200749617,Cybercrime,None,False
2023-02-02,18:50:40,28.69683225862166,77.09372382643137,Fraud,None,True
2023-06-03,19:14:56,28.677427193295852,77.16916851991523,Burglary,Poison,False
2023-11-03,19:10:19,28.781626640361033,77.03583230534991,Kidnapping,None,True
2024-06-03,21:05:50,28.717091498205477,77.1091754808037,Kidnapping,Poison,False
2024-10-08,10:02:04,28.66695934882018,77.19428419317565,Theft,None,False
2024-08-29,04:05:23,28.671104849624523,77.1701429697795,Assault,Knife,False
2023-06-25,17:11:38,28.686895864073453,77.24631692011458,Theft,None,False
2024-06-27,04:51:34,28.75575240050065,77.15262521864331,Assault,None,True
2024-03-07,07:05:09,28.660472116447032,77.04818645152946,Murder,Firearm,False
2024-01-26,22:56:43,28.691244008859474,77.08634153529034,Burglary,Rope,False
2024-11-27,17:38:31,28.7078264818648,77.10416493127116,Cybercrime,None,True
2024-11-08,23:56:52,28.799527363672798,77.03493475077138,Robbery,Firearm,False
2023-01-20,21:19:11,28.700058428405207,77.10251794872879,Robbery,Blunt Object,False
2024-04-14,13:15:40,28.715870741846096,76.93532387266718,Theft,None,False
2024-08-06,16:25:59,28.811203316443347,77.03769871018103,Theft,None,True
2024-10-26,16:20:32,28.676200083080225,77.18865163984279,Theft,None,False
2023-05-17,11:13:34,28.791194109805865,77.03109446514499,Theft,None,False
2023-09-19,18:14:57,28.66778758863759,77.18849450686322,Fraud,None,False
2023-10-13,00:35:32,28.742671084053146,77.02151099009106,Murder,Blunt Object,False
2024-06-06,19:54:28,28.846003561136726,77.1318352036323,Burglary,None,False
2024-08-06,16:26:54,28.777081936226764,77.241692088768,Cybercrime,None,False
2024-12-30,14:33:57,28.784318888211647,77.03566952006986,Theft,None,False
2023-08-25,15:34:44,28.785102723850613,77.03001389162,Theft,None,False
2024-09-10,22:45:10,28.7095051662846,77.11505485866512,Murder,Knife,True
2023-11-14,20:38:30,28.694539414483167,77.12567636788674,Cybercrime,None,False
2023-09-20,06:46:18,28.740027065565076,77.13951896096313,Vandalism,None,False
2024-07-31,22:34:09,28.687242265757035,77.18963266250798,Robbery,Firearm,False
2024-08-05,21:14:28,28.66384035182519,77.18857289015102,Fraud,None,False
2024-01-22,22:13:09,28.79877850444997,77.03219736942404,Murder,Blunt Object,False
2024-07-15,09:01:39,28.730088229000746,77.08525938189132,Theft,None,False
2024-02-14,20:14:33,28.77348234538591,77.2191528336221,Vandalism,None,False
2024-04-06,22:14:33,28.793234390160524,77.08206442733544,Robbery,Blunt Object,False
2023-09-10,09:16:38,28.75119558517989,77.15694145171088,Fraud,None,True
2024-09-14,08:59:37,28.79225754486652,77.03852473436284,Robbery,Firearm,False
2024-09-05,03:04:53,28.808105789079338,77.00061300429333,Robbery,Firearm,True
2023-10-24,10:49:52,28.751822290208764,77.14309984067877,Theft,None,False
2023-05-31,22:27:43,28.665488722391387,77.20402208918144,Assault,Knife,False
2024-11-08,08:15:30,28.714898392072524,77.36318591631499,Theft,None,False
2024-07-31,02:34:29,28.723440636718973,77.10846918805798,Robbery,Firearm,False
2024-05-22,11:42:06,28.705161829194402,77.0961219130714,Theft,None,False
2024-09-19,19:39:58,28.703521633876225,77.11377788027113,Fraud,None,False
2024-01-28,10:49:04,28.715497066812777,77.02315402701166,Theft,None,False
2023-12-04,22:36:46,28.744849153795215,77.14799798108335,Murder,Knife,True
2023-12-11,08:27:05,28.64483863434411,77.07443586535476,Theft,None,False
2024-03-14,22:09:34,28.570051135863356,77.07051737221113,Murder,Firearm,False
2024-02-15,04:33:17,28.70554310019435,77.08416294232372,Murder,Knife,True
2024-02-16,19:26:25,28.775764017170335,77.02570111460265,Burglary,None,True
2023-09-09,22:51:46,28.776140296261495,77.03441889545023,Murder,Knife,False
2024-03-16,20:49:16,28.702494403904982,77.096947138974,Kidnapping,Blunt Object,False
2024-10-29,23:22:22,28.746896262655262,77.27480747176463,Murder,Firearm,True
2024-05-17,09:22:47,28.800492565167417,77.01327228227939,Theft,None,False
2024-11-03,07:04:10,28.759870721838354,77.15071976709936,Cybercrime,None,False
2023-04-10,00:27:48,28.719615534286536,77.06267169664575,Robbery,Knife,False
2024-05-23,12:43:44,28.75527588629887,77.15401407396072,Theft,None,False
2024-11-10,06:31:46,28.69831048242651,77.09353632452175,Theft,None,False
2024-08-20,21:45:31,28.699613043173805,77.10484259264457,Robbery,Knife,False
2023-02-11,06:54:47,28.68008996341684,77.1910334897734,Murder,Knife,False
2023-11-14,10:00:52,28.65468099769331,77.13088445673029,Cybercrime,None,False
2023-10-05,17:57:48,28.763725025919534,77.16415594895145,Theft,None,False
2024-07-01,15:08:43,28.69821671458685,77.08040682750604,Cybercrime,None,False
2023-01-06,17:07:40,28.756011242338364,77.14100292527102,Theft,None,True
2024-09-14,02:35:44,28.68473904889645,77.17695863984731,Assault,Blunt Object,False
2024-11-04,06:03:38,28.650519471294437,77.05979732395636,Vandalism,None,False
2024-01-28,07:00:42,28.78627718201087,77.02425349659711,Murder,Firearm,True
2024-06-05,00:03:10,28.79113492148225,77.03172178563865,Robbery,Knife,True
2023-04-08,11:41:08,28.676504854830387,77.06632761639067,Cybercrime,None,False
2024-02-06,13:18:58,28.703471061331,77.09802122355069,Theft,None,True
2023-02-18,23:32:32,28.769914303600256,77.06297164519839,Burglary,Blunt Object,True
2024-08-24,08:57:01,28.770029640960274,77.16715210503482,Theft,None,False
2023-05-01,19:38:43,28.775184565101455,77.03319704269431,Murder,Blunt Object,False
2023-06-03,06:29:18,28.69759343378664,77.09923352436812,Robbery,Blunt Object,True
2024-01-27,14:19:57,28.72412427467645,77.09942428582885,Fraud,None,True
2024-07-11,20:11:43,28.78770226037077,77.0379132129401,Fraud,None,False
2024-11-06,16:11:42,28.74409370627517,77.14394904525591,Fraud,None,True
2023-06-11,22:08:22,28.77203977628592,77.02364029266104,Burglary,None,False
2024-12-27,21:51:24,28.645599698906828,77.18794582400794,Assault,Knife,False
2023-05-16,07:17:05,28.69464193841256,77.18397820739037,Theft,None,False
2023-11-04,09:35:56,28.659937311406594,77.17607223617101,Cybercrime,None,True
2024-03-18,17:44:42,28.6582123154975,77.00074152227867,Theft,None,False
2023-02-13,21:43:15,28.790118263839517,77.18352600443754,Burglary,None,True
2023-04-05,19:41:30,28.692545482061824,77.10975081044448,Murder,Blunt Object,True
2024-02-04,13:47:00,28.659368126635773,77.0815255820523,Theft,None,False
2023-12-13,20:25:15,28.73275212023086,77.09348007350557,Theft,None,False
2023-09-04,06:47:21,28.70234220426395,77.17895793611491,Robbery,Firearm,False
2024-12-01,05:47:11,28.668175345446194,77.18577072374879,Burglary,None,False
2024-11-25,00:15:18,28.66827938665907,77.18649044140648,Burglary,Firearm,False
2023-10-31,17:29:07,28.57209228122627,77.07862473979367,Fraud,None,True
2024-11-26,05:00:33,28.83265822343617,77.09679387085689,Assault,None,True
2024-09-24,20:50:11,28.7555159578674,77.15725258604718,Kidnapping,Rope,False
2024-05-12,14:06:28,28.685806616293174,77.16594775287811,Cybercrime,None,False
2023-07-04,09:02:11,28.762552405183744,77.07568608607583,Theft,None,False
2024-01-08,08:27:00,28.720763789531183,77.20849501697624,Theft,None,False
2023-03-17,19:27:53,28.584681334858814,77.0012355558557,Murder,Firearm,False
2024-04-04,00:12:58,28.684745700402864,77.09700841058236,Robbery,Firearm,False
2024-02-07,08:36:39,28.767404323443788,77.15129412811527,Theft,None,False
2023-01-09,13:30:23,28.66069875104345,77.17764321255426,Theft,None,True
2023-09-30,00:17:30,28.659221382965093,77.17124813898269,Burglary,Poison,True
2024-08-23,01:35:41,28.647988189102637,77.05076126673694,Burglary,Knife,True
2023-08-31,23:16:07,28.815363430520332,77.09538797091697,Robbery,Firearm,True
2023-06-11,07:16:58,28.784955947039442,77.02971627032393,Cybercrime,None,False
2024-01-11,08:25:12,28.71182847838544,77.11033159887778,Robbery,Knife,False
2023-02-12,01:48:13,28.737605435191217,77.15897891059078,Burglary,Poison,False
2023-12-24,17:56:58,28.671979103300796,77.18792203006909,Cybercrime,None,False
2024-10-07,21:30:02,28.780721222245262,77.03252231622163,Burglary,None,False
2024-09-11,10:14:58,28.701353562506338,77.09792781460682,Fraud,None,False
2023-05-08,20:17:44,28.747208882022782,77.1571769010386,Theft,None,True
2024-09-01,14:10:24,28.835160591281348,77.21961019716696,Theft,None,False
2023-10-17,12:01:16,28.771534346640543,77.04539203051408,Theft,None,False
2024-09-03,13:30:27,28.640918414983823,77.06850733015146,Theft,None,False
2023-11-19,14:49:58,28.74503784667953,77.15391979913875,Theft,None,False
2024-02-23,03:44:01,28.73547231828969,76.95403952080804,Assault,Knife,False
2024-04-03,00:22:54,28.760182671663443,77.16595935007838,Robbery,Blunt Object,False
2024-02-20,00:35:01,28.686635205431838,77.23851681308281,Robbery,Firearm,True
2023-01-28,02:35:06,28.782203065065474,77.04099584531048,Robbery,Firearm,True
2024-11-26,23:06:45,28.621914300340492,77.08668777779313,Murder,Knife,True
2023-12-22,19:10:17,28.76905458245243,77.14965374495746,Cybercrime,None,True
2023-09-19,11:00:12,28.624379109733564,77.06538028368306,Theft,None,False
2024-03-28,20:38:59,28.76966074452926,77.03694853537559,Murder,Firearm,False
2024-01-10,07:47:02,28.74525657191643,77.0083596830998,Robbery,Knife,False
2024-08-20,01:58:52,28.685309670236144,77.19055574702807,Robbery,Knife,True
2024-06-21,23:12:02,28.801682333728856,77.1033857703669,Burglary,Blunt Object,False
2023-11-04,14:43:53,28.56254759330863,77.20028722722112,Fraud,None,False
2024-07-21,08:33:28,28.751396286008642,77.13860219856808,Assault,Knife,False
2024-04-16,14:25:02,28.717620393659743,77.12349407520503,Fraud,None,True
2023-02-20,06:45:44,28.673687518710206,77.20409121154604,Assault,Knife,False
2023-04-01,19:44:09,28.713231472861136,77.06445440958338,Murder,Firearm,True
2023-04-13,20:31:20,28.641054154581454,77.26620824079929,Burglary,Knife,True
2024-05-15,08:48:25,28.66629856118612,77.18985269309975,Assault,None,False
2024-12-16,17:26:31,28.69850836164941,77.09789693237427,Theft,None,False
2023-10-24,09:25:57,28.684402496939693,77.17869963153711,Theft,None,False
2024-02-09,16:45:17,28.6400520462058,77.07382804697176,Theft,None,False
2024-04-29,08:37:12,28.690073972932215,77.18894689803285,Burglary,Knife,False
2023-05-20,08:40:34,28.74755230224376,77.14739391500703,Burglary,None,True
2023-03-08,15:24:40,28.754899152637403,77.15570930061926,Fraud,None,False
2023-06-29,18:47:47,28.605313408986024,77.17480379395799,Theft,None,False
2024-05-21,02:34:13,28.784955133296396,77.01534291681364,Burglary,Poison,False
2023-01-10,17:35:43,28.611207351753926,77.05208713263484,Theft,None,False
2023-12-03,09:47:02,28.696814231115894,77.29142787955041,Fraud,None,False
2023-02-28,16:06:47,28.727917130613964,77.01842281101014,Theft,None,True
2023-05-08,01:04:20,28.646306308043073,77.05897912252546,Robbery,Blunt Object,False
2023-08-07,05:38:00,28.736575823953356,77.16055676870357,Burglary,Blunt Object,False
2024-05-19,16:21:43,28.825023064722394,77.100071350433,Theft,None,False
2024-02-29,18:25:52,28.770489605275998,77.16158022662536,Fraud,None,True
2024-02-16,10:52:36,28.63335604551878,77.32348556657486,Fraud,None,True
2024-03-29,00:07:32,28.73679945132701,77.01898754960278,Robbery,Firearm,False
2023-12-10,22:22:05,28.770629130512305,77.17327777585199,Robbery,Knife,False
2023-03-28,01:22:07,28.783769747362804,77.02746349739625,Burglary,Rope,False
2023-05-16,18:03:39,28.686862504254634,77.17397317275177,Theft,None,False
2024-06-02,06:04:49,28.796878566550305,77.03820487330864,Fraud,None,False
2024-08-05,00:05:17,28.785117232084716,77.04748011770306,Assault,None,False
2023-09-08,14:44:22,28.750971635269487,77.16280919338367,Theft,None,False
2023-09-26,14:59:12,28.671219372016488,77.18681022958012,Fraud,None,False
2023-11-19,21:39:49,28.782964374352094,77.03194147817348,Cybercrime,None,False
2024-08-24,20:46:47,28.64032613482538,77.07594854031181,Cybercrime,None,False
2024-09-04,02:49:03,28.630807396189148,77.02847677474513,Robbery,Blunt Object,False
2023-11-19,11:25:01,28.72530993565845,77.11227847564655,Theft,None,False
2023-05-27,15:10:49,28.62024886301307,77.0568474126079,Fraud,None,False
2023-05-15,08:05:54,28.625980106624382,77.05299309306585,Murder,Blunt Object,True
2024-07-15,21:19:31,28.61271485333766,77.06113010422305,Vandalism,None,True
2023-12-04,22:25:29,28.742680581808386,77.15309905256797,Robbery,Blunt Object,False
2024-12-17,02:39:58,28.737848787411174,77.15332911853173,Robbery,Knife,False
2024-08-28,19:20:06,28.639950837218798,77.07751952965188,Murder,Blunt Object,False
2023-12-16,14:28:46,28.65821356861746,77.0703534560301,Fraud,None,False
2024-05-28,19:09:50,28.700833862193388,77.1223538039526,Burglary,Knife,False
2024-10-26,17:35:18,28.688569647221602,77.08846441370437,Theft,None,False
2023-02-20,13:59:46,28.70326216900111,77.12504038108922,Fraud,None,False
2024-08-12,23:23:25,28.7820766109313,77.03066754756792,Robbery,Firearm,False
2024-06-11,15:35:48,28.76968089643888,77.04195929585272,Fraud,None,False
2023-07-17,19:43:05,28.683631762543293,77.190390752014,Assault,Knife,False
2023-05-03,01:50:44,28.667807793271525,77.17543293231627,Assault,None,False
2024-02-15,04:49:15,28.66116877749595,77.18333872501762,Robbery,Knife,False
2024-04-05,18:26:36,28.59605926707215,76.98475834947507,Theft,None,False
2024-02-13,11:44:27,28.699863092830892,77.09760843824816,Theft,None,False
2023-12-27,03:38:10,28.650302147117806,77.14914445968404,Murder,Firearm,False
2023-01-08,01:54:15,28.754890478021505,77.14961843969489,Robbery,Knife,False
2023-05-16,10:36:04,28.722401292831147,77.00334729588954,Fraud,None,False
2023-12-28,09:17:49,28.675152786239096,77.18400602492845,Theft,None,False
2023-11-06,09:28:00,28.769069531406423,77.04245693754372,Theft,None,False
2023-01-06,05:13:57,28.6159566294773,77.11153097992064,Assault,None,False
2024-03-12,00:37:06,28.820541174053528,77.1950676757714,Burglary,Knife,False
2023-02-12,02:18:46,28.707533338856884,77.0662500997118,Burglary,Knife,False
2023-11-02,09:44:58,28.713575119085757,77.1092469497781,Theft,None,False
2023-03-04,06:18:42,28.667916349799558,77.17455106352999,Theft,None,False
2024-07-07,22:15:45,28.4968644818304,77.11790318416837,Assault,None,False
2023-08-06,09:47:53,28.69583022549816,77.21611913746426,Fraud,None,True
2024-10-15,02:24:38,28.677690550934802,77.19584229194173,Assault,None,False
2024-08-12,17:43:49,28.634363577208383,77.21631503309676,Theft,None,False
2024-07-22,09:47:02,28.638810836208954,77.07027596061792,Theft,None,False
2024-06-23,00:28:47,28.76951241607469,77.03485135299367,Robbery,Blunt Object,False
2024-12-08,17:55:06,28.65425312058554,77.17982862514059,Theft,None,True
2024-10-17,23:16:15,28.678503539938777,77.17729031448769,Murder,Knife,True
2024-08-21,22:51:44,28.599056237124405,77.1871118469296,Assault,None,False
2023-09-14,09:50:24,28.70306537210153,77.0976042935297,Theft,None,True
2023-04-03,12:52:49,28.708289592115428,77.36616691419457,Cybercrime,None,False
2024-09-17,00:38:21,28.795635028497813,77.04412573668189,Burglary,Firearm,False
2024-07-31,16:01:14,28.758455463189925,77.15416485272577,Fraud,None,False
2024-04-16,13:12:03,28.650139177116696,77.17571019653538,Fraud,None,True
2024-06-09,15:29:12,28.749294255867976,77.13375107935953,Fraud,None,False
2024-06-18,04:42:06,28.692525842097847,77.08269163529079,Assault,None,False
2023-04-19,20:46:23,28.783716761643024,77.0406876597085,Fraud,None,False
2023-06-22,15:37:57,28.655167745186244,77.06664784462079,Theft,None,False
2024-01-21,22:40:19,28.607760365880143,76.90929348414801,Assault,None,False
2023-10-27,18:47:59,28.52841313005985,76.97560174227456,Theft,None,False
2024-01-29,14:40:03,28.745211403019646,77.15090251502009,Theft,None,False
2024-01-16,03:21:34,28.74395835781873,77.15588975893668,Murder,Knife,True
2023-06-03,10:44:13,28.701777264972005,77.10260545711742,Fraud,None,False
2023-12-15,20:30:10,28.81812505526712,76.98447682657996,Murder,Knife,True
2023-06-06,08:34:36,28.745970457829237,77.1011026771524,Burglary,Blunt Object,False
2023-05-02,16:23:43,28.6707651371903,77.19135256320867,Fraud,None,True
2023-06-25,08:18:04,28.7920014154557,77.00785092040117,Cybercrime,None,True
2023-11-20,09:55:47,28.67227839416142,77.18531211682584,Cybercrime,None,False
2023-10-15,16:58:01,28.701369932519775,77.10835021332288,Cybercrime,None,False
2023-03-14,22:49:57,28.73221920179103,77.2857561240356,Assault,None,False
2024-06-21,02:49:04,28.688797208640704,77.10127564010253,Murder,Blunt Object,True
2023-08-04,16:50:56,28.61324974884878,77.16291074554391,Fraud,None,False
2024-05-20,21:56:14,28.767928281099543,77.03596312710226,Theft,None,False
2024-12-30,22:50:06,28.697799515686516,77.09515838133879,Robbery,Knife,False
2024-06-08,16:08:23,28.689635017964594,77.097849240538,Theft,None,True
2023-01-18,17:26:21,28.812550053029092,77.09998113164706,Theft,None,False
2024-11-28,03:57:37,28.680376804178746,77.19914641821967,Robbery,Blunt Object,True
2023-04-01,19:55:20,28.786737555848223,77.0269120042794,Vandalism,None,True
2024-10-24,19:39:41,28.70877252215183,77.09705703853686,Vandalism,None,False
2023-04-11,18:35:44,28.653657731670283,76.95051072003811,Fraud,None,True
2023-01-08,14:37:43,28.68336257491084,77.17863997424351,Theft,None,True
2023-02-18,16:33:16,28.722309824581586,76.99890380713934,Fraud,None,False
2024-08-26,20:12:03,28.648459476297155,77.05488058761865,Burglary,Blunt Object,False
2024-11-09,15:53:53,28.702682912782983,77.1112782603124,Fraud,None,False
2023-09-06,11:30:42,28.783175931223255,77.10029699274831,Theft,None,False
2024-09-20,15:03:53,28.686418689672934,77.13242810570061,Cybercrime,None,False
2023-07-15,12:19:04,28.878685897027314,77.17476748248883,Theft,None,False
2024-03-28,08:35:49,28.66656796218409,77.18136407838298,Robbery,Knife,False
2023-12-15,23:00:53,28.778665795702235,77.04513855939098,Robbery,Blunt Object,False
2024-01-02,04:37:23,28.75672502890852,77.1446583614164,Burglary,Poison,False
2024-06-12,09:58:13,28.639392449008753,77.0737118814257,Fraud,None,False
2024-01-12,18:32:08,28.800100978468205,77.04778331563487,Fraud,None,True
2023-11-15,02:19:34,28.7798032065054,77.07723751311974,Robbery,Knife,True
2023-06-06,08:15:29,28.72168486174671,77.15547160023809,Kidnapping,None,False
2023-04-27,11:48:26,28.674081712411557,77.18389982096322,Fraud,None,False
2024-06-30,21:54:31,28.70948973470332,76.96987378380508,Robbery,Knife,False
2024-04-06,22:29:50,28.75984085568512,77.16572163140319,Burglary,None,False
2024-10-04,09:43:17,28.790923387820595,77.04196577003574,Theft,None,False
2024-08-11,10:41:02,28.680140516449214,77.17839970588462,Theft,None,False
2024-03-09,15:33:23,28.69701631520839,77.11161248672535,Cybercrime,None,True
2023-05-18,22:19:27,28.645176994491067,77.07248217655972,Robbery,Firearm,False
2023-05-02,12:55:39,28.650536687530227,77.0832734343957,Fraud,None,False
2024-09-07,05:21:47,28.666164689798848,77.06329649582614,Cybercrime,None,False
2024-07-26,07:35:12,28.635733444515406,77.19486832466127,Theft,None,False
2023-12-06,20:21:36,28.74869623661013,77.1444851607817,Kidnapping,Rope,False
2023-08-21,06:22:24,28.640115547250108,77.05803356953186,Murder,Firearm,False
2024-10-03,09:15:30,28.790222698101054,77.01690564220876,Fraud,None,False
2023-01-25,16:59:13,28.59632792542084,77.13681585541975,Cybercrime,None,False
2024-04-27,09:16:11,28.68032944030413,77.18891541644936,Theft,None,True
2024-01-01,19:50:04,28.696229637210667,77.09271734350735,Murder,Knife,False
2023-04-28,15:27:45,28.69903365166212,77.10489872752285,Theft,None,True
2023-06-19,02:48:02,28.658954773692727,77.0420256281423,Burglary,None,False
2024-10-23,10:26:15,28.75189271243042,77.13917321558975,Cybercrime,None,True
2023-10-08,17:27:30,28.767577573226465,77.04216956645347,Theft,None,True
2023-09-19,20:28:41,28.758562457449933,77.14744335159473,Assault,Blunt Object,False
2024-08-28,04:33:53,28.653310258397312,77.05770281103234,Burglary,Firearm,False
2023-01-30,05:31:05,28.660836248366646,77.32107306167227,Fraud,None,False
2023-01-31,20:56:24,28.67944289457404,77.17601321130542,Fraud,None,False
2024-03-01,13:43:48,28.644163815409634,77.04401741469921,Theft,None,True
2024-03-01,15:04:05,28.653653709961986,77.1767101578006,Theft,None,True
2024-02-08,08:45:24,28.7946610125167,77.04038291656637,Murder,Firearm,True
2023-05-17,08:00:59,28.653240771642242,77.05262953821064,Murder,Knife,True
2024-03-24,15:24:52,28.660258724901226,77.05285106699813,Fraud,None,False
2023-01-17,03:24:52,28.7062282439867,77.10239647710092,Burglary,Blunt Object,True
2023-10-10,14:41:41,28.782361261796854,77.04588592138298,Theft,None,False
2023-08-05,08:55:53,28.63704889479834,77.04900394744288,Kidnapping,None,False
2024-01-05,15:48:42,28.674299954862065,77.17850173265714,Cybercrime,None,False
2024-01-21,01:54:47,29.041838291908267,77.170150747644,Robbery,Firearm,False
2024-01-24,07:56:37,28.663165942478138,76.9968888430813,Robbery,Knife,False
2024-10-20,13:53:09,28.51607115894312,76.99997809142626,Cybercrime,None,False
2024-10-16,06:39:07,28.645249417717594,77.07677328651594,Cybercrime,None,False
2023-04-05,10:52:22,28.795316891423877,77.03479094831647,Fraud,None,True
2023-11-28,00:05:25,28.700868323342977,77.10518812356413,Murder,Knife,False
2023-10-05,10:30:20,28.638913620025157,77.07968363995764,Cybercrime,None,False
2024-02-13,17:31:00,28.68518098187249,77.09386621417534,Theft,None,False
2024-04-25,08:46:54,28.761941775749793,77.03054565153478,Assault,None,False
2024-01-18,17:33:23,28.76246484137965,77.14182277422962,Theft,None,False
2023-04-28,09:29:32,28.746592796655072,77.16042711017734,Fraud,None,False
2024-08-26,11:32:05,28.659333427764818,77.19307801007542,Theft,None,False
2023-01-09,10:32:27,28.65088561098269,77.06364317795088,Theft,None,False
2024-05-22,23:41:19,28.662861215948745,77.18628046260429,Burglary,None,False
2024-01-18,18:16:44,28.728698719850293,77.11031497239462,Theft,None,True
2024-07-02,17:29:30,28.617671473805945,77.21606205854916,Cybercrime,None,True
2023-03-28,11:49:02,28.700933204540657,77.11624484981428,Theft,None,True
2024-05-07,19:28:25,28.68216676402164,77.15306858434529,Fraud,None,False
2024-05-12,19:58:13,28.74405920367045,77.16194385222836,Robbery,Knife,True
2024-10-08,19:05:47,28.67561657272145,77.17226244052293,Kidnapping,Blunt Object,False
2023-02-24,14:48:06,28.667764104845062,77.1634376337991,Fraud,None,True
2024-08-15,23:54:14,28.673216267124737,77.20460689726016,Robbery,Blunt Object,True
2023-07-03,07:08:33,28.79214933390732,77.05440417001189,Theft,None,False
2023-07-19,01:58:28,28.652923970897902,77.07277479343352,Robbery,Knife,False
2024-12-08,12:12:07,28.9015078687745,77.14022632593422,Cybercrime,None,True
2023-06-22,10:29:48,28.642227726784935,77.07282657516622,Fraud,None,True
2023-01-28,14:41:55,28.65863840237122,77.05770035357288,Theft,None,True
2023-09-20,11:38:31,28.7468843091766,77.15388856032432,Fraud,None,False
2024-03-10,09:05:48,28.682414988669315,77.19048091048661,Theft,None,False
2023-10-12,01:21:36,28.629858323998125,77.08161606067063,Robbery,Firearm,False
2023-02-18,13:33:36,28.637688350706032,77.05984935003112,Theft,None,True
2023-02-17,02:44:59,28.695073456400124,77.12948328835938,Robbery,Firearm,False
2023-04-14,07:00:23,28.70652070670288,77.0939902491932,Assault,Blunt Object,False
2023-04-30,07:48:58,28.682739235499625,77.19019135779311,Burglary,Knife,False
2024-11-26,10:18:53,28.6722227297642,77.19090606712784,Theft,None,False
2024-02-14,10:51:52,28.69584708039169,77.09757081725051,Fraud,None,False
2023-01-06,06:18:29,28.653997833454337,77.16926048915781,Murder,Knife,False
2023-06-28,01:59:04,28.802176308056705,77.04891428627724,Assault,Blunt Object,False
2024-10-13,17:14:29,28.67475788648649,77.1991293144719,Fraud,None,False
2024-07-17,23:11:29,28.70249925513392,77.10006589697433,Burglary,Knife,False
2023-12-31,14:44:13,28.709751064846557,77.09000784046765,Cybercrime,None,True
2024-01-28,14:43:10,28.6419480367644,77.07393398107149,Theft,None,False
2023-10-01,17:45:53,28.755601356539565,77.15962481764434,Fraud,None,False
2024-01-14,08:58:01,28.807238052527733,77.14131857956548,Vandalism,None,True
2024-03-02,10:55:40,28.66439728674092,77.16897134111036,Theft,None,False
2024-01-14,07:58:47,28.71897806348073,77.08537436951751,Assault,None,False
2023-10-05,14:20:17,28.6749739142892,77.18233945960752,Theft,None,False
2023-08-02,20:25:56,28.809935736601663,77.0191977374436,Fraud,None,False
2024-08-13,20:04:38,28.505105373017887,77.13573768335196,Kidnapping,Rope,False
2024-12-25,14:08:09,28.64033577445412,77.0656606786973,Theft,None,False
2024-05-01,02:58:41,28.789938830222837,77.0453410469518,Robbery,Knife,False
2024-10-02,19:55:03,28.553377417961606,77.04682821021429,Assault,None,False
2023-10-21,14:57:27,28.746976125888075,77.17954635956873,Fraud,None,False
2023-01-27,15:02:07,28.726034495502883,77.11205703971115,Fraud,None,False
2023-05-31,10:46:41,28.698421140411373,77.01345642470574,Fraud,None,False
2024-11-04,02:48:34,28.698457101472812,77.09657297177044,Burglary,Firearm,False
2023-03-27,03:41:44,28.710652336285136,77.10506997445586,Robbery,Knife,False
2023-01-30,08:54:52,28.74086350429158,77.1481409853091,Theft,None,False
2024-04-30,04:45:44,28.791854755345142,77.1376662354974,Robbery,Knife,False
2023-01-05,03:28:26,28.760964461601276,77.14079217100573,Robbery,Knife,False
2024-12-29,00:41:43,28.866743073460885,77.12610430638244,Burglary,Knife,False
2024-08-10,07:34:23,28.66549772021293,77.01092449588666,Robbery,Firearm,True
2024-02-12,07:09:10,28.729060945820972,76.85842959852249,Murder,Knife,False
2024-10-19,10:07:14,28.78225710998167,77.0304416014008,Cybercrime,None,False
2023-12-19,14:45:44,28.770455291463826,77.02321734161346,Theft,None,False
2023-05-23,21:18:07,28.682196575301482,77.18480711749075,Murder,Firearm,False
2023-09-26,18:24:33,28.714278833370734,77.13313475339321,Cybercrime,None,True
2023-04-23,06:36:32,28.713362758794894,77.22678625628583,Fraud,None,False
2024-08-03,16:45:14,28.716442918170365,76.95667868861813,Theft,None,False
2024-02-26,20:03:01,28.770401299648746,77.1562034026733,Assault,None,False
2023-04-18,14:11:09,28.74820746269205,77.13996598281706,Theft,None,False
2024-08-07,01:00:09,28.743691422095804,77.09078279950256,Robbery,Knife,False
2024-08-22,01:14:01,28.799841467860322,77.02904092719335,Assault,None,False
2023-08-09,17:20:21,28.775726192103175,77.04145796218238,Cybercrime,None,False
2024-11-03,07:28:05,28.796628189271683,77.11936513676103,Murder,Knife,True
2024-07-12,09:39:33,28.71086357047675,77.10212312879258,Theft,None,True
2024-03-20,17:58:20,28.727486510100924,77.2189990882564,Fraud,None,True
2024-07-11,03:19:06,28.790353183340212,77.0308072556167,Robbery,Firearm,False
2024-11-09,23:56:45,28.71762362545926,77.0788514462721,Robbery,Firearm,False
2023-02-09,05:28:49,28.66462073311422,77.0454404090511,Vandalism,None,False
2023-05-02,14:42:59,28.64139071752277,77.0984082464805,Cybercrime,None,True
2023-03-16,22:36:15,28.689451932927184,77.20314110400267,Burglary,Knife,False
2023-09-22,18:16:30,28.6335216338139,77.06510766817483,Cybercrime,None,False
2023-06-09,02:10:53,28.778317879017802,77.03545140979338,Robbery,Firearm,False
2024-08-02,03:30:04,28.67345227740202,77.18342935652683,Burglary,Poison,True
2024-01-27,02:08:21,28.698600751675357,77.09739936049904,Robbery,Knife,True
2023-03-30,18:02:27,28.732827251402743,77.19687155057561,Theft,None,False
2023-04-11,21:13:30,28.644272066580214,77.01562324554271,Murder,Blunt Object,True
2023-11-07,16:53:28,28.765446016567186,77.09924961069424,Fraud,None,True
2024-07-22,23:51:18,28.71240498133986,77.09344202786629,Robbery,Firearm,False
2024-04-15,23:00:37,28.52615610745766,77.04919959181737,Robbery,Firearm,False
2023-03-18,22:07:15,28.6274647390735,77.09462115999197,Robbery,Knife,False
2024-03-14,06:49:38,28.777731547857293,77.03991016951338,Robbery,Firearm,True
2023-11-05,22:22:45,28.671218497375776,77.18400474498775,Murder,Knife,False
2023-10-21,06:09:53,28.70567634558441,77.10444955092413,Assault,Blunt Object,True
2023-03-19,08:38:45,28.75385870889545,77.1576060069041,Robbery,Blunt Object,False
2024-09-03,15:46:39,28.666143448661742,77.19649417926654,Cybercrime,None,False
2024-07-15,09:13:16,28.671734626166312,77.16938450862102,Cybercrime,None,False
2023-06-29,23:53:01,28.785980733569918,77.02398819517553,Burglary,Firearm,True
2023-10-17,17:42:54,28.790753345345088,77.05459605576044,Fraud,None,True
2024-04-22,21:15:13,28.625442790844215,77.1357372333224,Vandalism,None,False
2024-03-12,14:12:54,28.76654494411295,77.03703905229443,Fraud,None,False
2023-02-01,13:26:37,28.615528620020033,77.04001653815656,Theft,None,False
2024-11-10,14:37:56,28.7730871351016,77.03982151226056,Theft,None,False
2023-10-31,05:18:09,28.804830435747327,77.10483852146585,Burglary,Blunt Object,True
2024-02-18,04:51:07,28.665455732946644,77.19839523036104,Assault,None,False
2023-01-09,17:20:44,28.666595898722452,77.16087967700074,Theft,None,True
2023-04-24,08:06:01,28.78868389009957,77.0214522532636,Theft,None,False
2023-07-04,09:29:27,28.68398608793499,77.17868862303327,Theft,None,False
2023-04-16,00:11:14,28.76447132405442,77.24265003465523,Robbery,Knife,False
2023-03-02,09:54:04,28.692011411353793,77.09684062869108,Cybercrime,None,True
2023-05-25,00:16:50,28.70334328927343,77.11787551319036,Burglary,Knife,False
2023-05-05,12:47:09,28.747516172820596,77.14655496304051,Cybercrime,None,False
2024-07-19,05:23:29,28.64888140575556,77.0567277127429,Burglary,Knife,False
2023-10-12,17:09:00,28.705625258828977,77.08698462579032,Theft,None,False
2024-09-12,21:31:10,28.806243299425564,77.01902290769692,Murder,Firearm,False
2023-10-02,16:28:13,28.7008824729601,77.10217518964159,Fraud,None,True
2024-12-22,04:12:13,28.773226881343568,77.13925154219068,Murder,Firearm,True
2023-11-18,07:04:19,28.902470413547874,77.17821768211022,Kidnapping,Blunt Object,False
2024-08-29,04:46:43,28.708270953244234,77.09265366312982,Murder,Firearm,False
2024-05-16,20:15:44,28.78981141242038,77.02526513377582,Theft,None,False
2023-05-11,19:40:37,28.766766612531985,77.14278937970893,Theft,None,True
2023-04-15,22:38:54,28.78296841505544,77.02694726911989,Robbery,Blunt Object,False
2024-09-19,12:07:16,28.74422477037573,77.15991319816908,Cybercrime,None,False
2024-06-06,03:28:51,28.757645874740962,77.2234010198901,Murder,Firearm,False
2023-10-22,22:53:39,28.656301248917917,77.19314170702341,Robbery,Firearm,True
2024-09-16,08:07:44,28.72915448905357,77.09798358910824,Theft,None,False
2024-05-24,20:21:41,28.80305148612109,77.02986838727942,Theft,None,False
2023-04-29,05:18:44,28.69037590262439,77.09944367557594,Robbery,Firearm,False
2024-02-17,21:42:33,28.654582039676754,77.05411823517669,Theft,None,False
2024-07-19,11:45:57,28.64406613409935,77.16185394322933,Cybercrime,None,False
2024-08-29,20:49:54,28.704406011673857,77.16096229524868,Murder,Knife,True
2023-07-11,20:58:06,28.786478295407584,77.03729625319554,Theft,None,False
2024-08-03,23:12:55,28.669776988141905,77.18481730942031,Robbery,Firearm,False
2024-03-15,00:32:16,28.69482626994304,77.11538433622503,Robbery,Knife,False
2023-09-04,08:30:09,28.667757252831827,77.1937884748755,Cybercrime,None,False
2023-03-26,14:31:47,28.751763930390172,77.15451999010757,Theft,None,False
2024-03-04,20:23:38,28.639150354491093,77.05234004568833,Robbery,Firearm,True
2024-10-12,00:44:46,28.626652396123948,77.05194675841408,Burglary,Knife,False
2024-09-22,22:20:49,28.671709114678407,77.12368791788289,Robbery,Knife,False
2024-04-15,18:09:51,28.79420379313283,77.02804242540205,Cybercrime,None,False
2024-06-28,10:16:00,28.74528039235733,77.13807285213997,Fraud,None,False
2023-09-14,06:20:20,28.75210636179041,77.24081945153294,Assault,None,True
2023-10-08,02:54:47,28.83073302679563,77.17349327481473,Burglary,Knife,False
2023-12-17,08:58:42,28.790485433172673,77.04947623779711,Fraud,None,True
2023-11-19,16:41:41,28.787420814614165,77.03896129676025,Theft,None,True
2024-07-30,13:47:33,28.67089216138148,77.16887956629145,Theft,None,False
2023-03-04,08:42:27,28.667261510995004,77.18240840961465,Assault,None,False
2024-11-22,21:50:14,28.784707853725013,77.05176285854857,Murder,Firearm,False
2023-11-26,23:18:10,28.712227716759106,77.22038434440258,Burglary,Knife,False
2023-01-21,05:05:26,28.779749227584237,77.02938324114236,Fraud,None,False
2024-09-06,03:18:01,28.690809923627764,77.09507671987124,Burglary,None,False
2024-09-06,05:03:17,28.64936981391364,77.06257560180394,Burglary,None,False
2024-07-08,06:26:17,28.683529386198973,77.18431253948346,Robbery,Firearm,False
2024-01-27,21:59:43,28.670575462683622,77.20398296863787,Assault,None,True
2023-12-30,01:12:07,28.64316096431287,77.07413000969706,Murder,Firearm,False
2023-02-16,10:59:52,28.700087907934552,77.10959599479384,Fraud,None,False
2023-02-16,15:13:06,28.653380156591517,77.06458491970575,Theft,None,True
2024-10-20,08:51:58,28.620555170773034,77.06268252460856,Assault,None,False
2023-03-28,21:58:48,28.686404600477598,77.18777480833027,Theft,None,True
2023-07-08,21:10:53,28.758558388752295,77.13527743066042,Kidnapping,Blunt Object,True
2023-12-15,13:42:38,28.636895449293252,77.06661357631151,Fraud,None,False
2023-03-07,18:43:07,28.74513832767869,77.2239666780133,Fraud,None,False
2023-11-13,00:05:22,28.68961332448539,77.14308240866738,Assault,Blunt Object,False
2023-12-19,07:54:28,28.784263742419313,77.022630572635,Burglary,Rope,False
2024-10-28,22:50:50,28.65154208668905,77.1868100969213,Burglary,Poison,True
2023-10-24,16:03:34,28.675839472084128,77.176318249579,Fraud,None,False
2024-09-21,10:45:59,28.737908269434843,77.15879739514409,Cybercrime,None,False
2024-12-17,03:48:05,28.701440799258044,77.10806874722368,Murder,Knife,False
2024-12-29,15:35:00,28.692740485304117,77.1610856911968,Theft,None,False
2024-10-25,15:13:19,28.667103991912974,77.18040624386688,Theft,None,True
2023-06-13,20:09:44,28.849582617414665,76.93885969807936,Robbery,Blunt Object,False
2024-02-21,02:42:02,28.773458610256807,77.15385855901566,Assault,Blunt Object,False
2024-11-22,04:08:46,28.753139993382664,77.15051940236782,Robbery,Knife,False
2024-10-09,15:34:03,28.6697373696782,77.19298116759269,Theft,None,False
2024-12-01,17:42:19,28.633414792459178,77.06595414181643,Theft,None,False
2023-05-22,13:46:57,28.750258183342932,77.14487866551487,Cybercrime,None,False
2024-02-29,08:02:03,28.80995975175684,77.03669050734754,Cybercrime,None,True
2024-09-12,11:20:37,28.65023265544661,77.07387776780669,Theft,None,True
2024-04-09,12:15:25,28.629886500546817,77.08002291909122,Fraud,None,False
2024-08-01,05:24:24,28.67901042821505,77.09481233589962,Assault,Blunt Object,True
2024-03-23,12:32:44,28.77950968326821,77.03831723364972,Fraud,None,False
2023-05-10,17:25:50,28.646287182661418,77.06083185259301,Fraud,None,False
2023-07-26,18:05:33,28.703980026553722,77.09271976976478,Theft,None,True
2023-12-16,07:39:25,28.554376760551584,77.17515116223362,Vandalism,None,False
2023-10-09,01:06:15,28.761037061125364,77.16834494375158,Assault,Knife,False
2024-02-07,10:39:42,28.62509829031848,77.1717815210301,Theft,None,False
2023-08-14,13:25:39,28.675729327163527,77.22154749851936,Theft,None,False
2023-11-20,12:34:35,28.79431962776678,77.03461209399225,Theft,None,False
2024-11-19,14:16:53,28.78070469843334,77.0421093217861,Theft,None,False
2023-09-24,19:15:28,28.680569045232566,77.17565559597914,Cybercrime,None,False
2023-06-18,10:08:47,28.630822013265206,77.05961467099318,Cybercrime,None,False
2023-05-04,00:47:21,28.85564138153482,77.21714871587331,Robbery,Knife,False
2024-08-15,04:43:08,28.662976725303295,77.17082242584101,Murder,Knife,False
2023-04-23,05:12:22,28.796846838496794,77.02114364095243,Theft,None,False
2024-04-03,15:12:53,28.7550295323642,77.04089287846638,Fraud,None,False
2023-11-24,00:47:35,28.660270449245218,77.05479575200862,Burglary,Poison,False
2023-05-22,02:39:21,28.795533615302055,77.03434858654062,Robbery,Firearm,False
2024-11-03,13:31:00,28.729319485423428,76.90546914186487,Cybercrime,None,False
2023-10-27,17:57:54,28.622070866467944,77.06029434059732,Theft,None,True
2024-05-19,20:39:08,28.786569060634164,77.02124802172264,Cybercrime,None,False
2023-10-26,23:51:49,28.693213065895236,77.10811472629827,Robbery,Firearm,False
2023-05-18,03:24:29,28.709728544804573,77.10112258939613,Robbery,Knife,False
2023-07-17,16:11:28,28.782120172118606,76.98507977042799,Fraud,None,False
2024-12-16,09:49:13,28.70054065082913,77.11897877605784,Theft,None,False
2023-01-13,14:23:49,28.674783221299396,77.18376312514587,Theft,None,False
2024-03-12,07:17:54,28.72715946585968,77.08850657834152,Theft,None,True
2023-06-05,00:59:07,28.65206430366642,77.07913986279809,Assault,Knife,False
2023-05-10,14:06:56,28.78085142073501,77.04109630786856,Cybercrime,None,False
2024-03-09,16:26:00,28.634279805027894,77.05563267604433,Fraud,None,False
2023-06-20,19:40:12,28.707949664160477,77.11048566673111,Fraud,None,False
2024-10-15,03:07:25,28.816193651240624,77.25946285869395,Burglary,Blunt Object,True
2024-10-17,09:13:06,28.697355344144484,77.22186117551726,Fraud,None,False
2024-09-05,04:50:43,28.669869515655087,77.19270913115884,Robbery,Blunt Object,False
2023-04-27,06:50:14,28.756174887978524,77.15695677907082,Burglary,Firearm,False
2023-04-06,20:31:54,28.746450787402203,76.94202949902022,Assault,None,True
2023-10-26,14:15:15,28.77285878141139,77.03352541439818,Theft,None,False
2024-06-27,23:23:05,28.535372092035885,77.18562111031999,Robbery,Blunt Object,False
2024-06-05,21:00:38,28.791255596628815,77.13521705528778,Theft,None,False
2023-03-04,10:15:42,28.74288865987242,77.16630138938869,Theft,None,False
2024-01-30,18:31:51,28.694472106397182,77.18397076827446,Theft,None,False
2023-07-15,19:01:17,28.755153537845125,77.12267386547961,Robbery,Firearm,False
2023-11-24,12:49:31,28.679403691889988,77.18130441243375,Fraud,None,False
2023-04-16,14:41:03,28.75375435760156,77.16155717600498,Fraud,None,False
2023-04-23,17:43:59,28.697556241618965,77.16849928765599,Cybercrime,None,False
2023-04-04,22:08:37,28.75306187515597,77.14069539514769,Robbery,Blunt Object,True
2024-06-23,20:20:37,28.72002024898576,77.0966226203068,Assault,None,True
2024-01-10,18:47:07,28.73966799206214,77.15888186998849,Cybercrime,None,False
2024-06-13,15:22:44,28.878531111474313,77.16885978685609,Theft,None,False
2024-01-30,15:58:00,28.724579787728192,77.14341409227761,Theft,None,False
2024-02-28,02:23:27,28.658248406628257,77.05375800729986,Burglary,None,False
2023-12-07,19:31:35,28.69291528959137,77.05723098514905,Assault,None,False
2023-03-10,21:24:38,28.692421346927084,77.09921624740583,Kidnapping,Blunt Object,False
2024-07-12,13:27:26,28.655177210959828,77.06816602148393,Theft,None,False
2024-08-15,23:53:20,28.76853105001082,77.11714756116534,Burglary,Poison,False
2024-02-14,05:10:15,28.679333237827286,77.17449409657652,Robbery,Knife,False
2023-03-10,12:01:26,28.75100490114073,77.1544200423697,Fraud,None,False
2024-03-14,19:57:14,28.73185158588819,77.13451878549219,Cybercrime,None,False
2023-01-07,05:31:13,28.64271664717984,77.0587257659887,Vandalism,None,False
2023-07-03,17:26:22,28.705677712830443,77.19156787272932,Fraud,None,False
2023-09-19,11:31:44,28.648231474759527,77.06016791501794,Theft,None,False
2024-12-28,02:13:45,28.65897811730561,77.08941994062731,Robbery,Firearm,False
2024-03-12,03:52:38,28.73338288435867,76.9144564455937,Murder,Firearm,False
2023-01-08,19:29:05,28.547161040462534,77.0388117611061,Cybercrime,None,False
2023-01-09,23:15:43,28.72481394367786,77.07857268528483,Burglary,Knife,False
2024-05-01,17:04:51,28.85191212260995,76.95426032130042,Theft,None,True
2023-10-27,05:06:17,28.696586545303965,77.11770091740992,Kidnapping,Knife,False
2023-07-23,00:02:23,28.675411193246752,77.19134842582801,Assault,None,False
2023-05-30,02:39:52,28.909224694326948,77.03311955820982,Robbery,Firearm,False
2024-11-22,10:34:05,28.78310685662208,77.0297757309907,Theft,None,True
2024-12-09,16:16:33,28.654554069955168,77.17939603196244,Cybercrime,None,True
2024-12-29,15:33:13,28.792206218738066,77.15655895418124,Cybercrime,None,False
2024-12-27,22:12:22,28.790290831693877,77.02874491019362,Burglary,Blunt Object,False
2024-02-21,10:46:36,28.638490276399438,77.22942556718986,Theft,None,False
2023-07-19,10:28:12,28.639126828536426,77.06544082038793,Fraud,None,True
2023-06-05,05:52:45,28.785733346806776,77.04711717016258,Murder,Blunt Object,False
2023-07-20,16:42:28,28.793814123576723,77.01954741379335,Fraud,None,False
2024-08-16,02:45:53,28.74222446833225,77.15828909818069,Assault,None,True
2024-12-10,10:21:31,28.783456623526206,77.02794828216048,Theft,None,False
2023-12-09,17:56:37,28.764256278839945,77.15437459382089,Fraud,None,True
2023-02-08,03:30:06,28.784624573868893,77.04029828640756,Robbery,Firearm,False
2024-05-31,01:11:25,28.750348910050565,77.16818518985473,Robbery,Firearm,False
2023-12-11,21:46:04,28.66621952376767,77.18906929066343,Cybercrime,None,False
2024-06-03,18:13:07,28.7984383283866,77.0187270451073,Fraud,None,False
2024-09-06,06:48:16,28.750666648241477,77.16392207392886,Robbery,Firearm,False
2023-09-16,13:59:44,28.76567244547731,77.15078504399612,Theft,None,False
2024-02-01,10:19:36,28.630632890632313,77.19809358223308,Fraud,None,False
2023-01-24,07:33:39,28.82245491025816,76.98603366514877,Robbery,Blunt Object,False
2024-03-09,13:17:03,28.662060863510334,77.18475256681984,Theft,None,False
2023-12-08,09:36:25,28.71039360633429,77.0995093091477,Cybercrime,None,False
2024-05-25,04:40:47,28.772029381998234,77.03148633931627,Robbery,Firearm,True
2023-01-22,19:52:58,28.622953064009263,77.05826098927668,Fraud,None,True
2023-01-18,11:38:14,28.67473232146513,77.17974160040104,Theft,None,True
2023-10-14,07:35:24,28.772513967363405,77.01434351024122,Burglary,Blunt Object,True
2023-02-28,23:28:56,28.63895911195632,77.0714765577165,Burglary,Knife,False
2024-11-02,07:54:11,28.686661974394138,77.19437713384139,Fraud,None,False
2023-04-02,02:07:10,28.622509046485145,76.98712936763697,Robbery,Firearm,True
2024-08-25,08:32:55,28.7090663461498,77.10885100011599,Robbery,Knife,True
2023-11-14,19:21:30,28.74411696052005,76.90109367257622,Theft,None,False
2023-12-10,10:08:47,28.635431154151167,77.06220311209714,Theft,None,False
2024-09-28,08:22:41,28.758972181946305,77.16017307362603,Theft,None,False
2024-10-10,16:08:48,28.718525352228205,77.13557838065383,Theft,None,True
2024-02-08,06:12:13,28.67494865458361,77.18935619374219,Vandalism,None,True
2023-05-24,04:59:30,28.75722865651491,77.15315737660048,Burglary,Blunt Object,True
2023-11-07,16:42:24,28.701416312008625,77.10331291425044,Cybercrime,None,False
2023-01-04,12:39:05,28.752559137883928,77.12924753888981,Cybercrime,None,False
2023-02-07,12:42:04,28.757908264183452,77.16592721861352,Fraud,None,False
2023-01-09,22:18:50,28.646751639227467,77.05601001479526,Burglary,Knife,False
2023-05-23,03:26:47,28.79293606785994,77.01883801662332,Burglary,None,False
2024-09-12,08:28:31,28.663285866192606,77.18585847264721,Cybercrime,None,False
2023-12-31,23:34:47,28.75573966677866,76.9779948776496,Robbery,Knife,False
2024-03-13,17:26:15,28.665818251901324,77.04189161677805,Fraud,None,True
2024-02-12,04:33:38,28.669233236771184,77.19193597776274,Burglary,Poison,False
2024-03-18,19:50:01,28.651165054635474,77.06230877820147,Vandalism,None,False
2024-10-17,05:52:43,28.66864038072885,77.1690035032978,Cybercrime,None,False
2023-07-08,15:28:40,28.658301849387822,77.06842113900285,Theft,None,False
2023-01-12,20:44:54,28.69703330895927,77.10969599497625,Assault,None,False
2023-11-29,06:09:12,28.673397763794252,77.17962890495139,Burglary,Poison,True
2024-08-20,08:48:18,28.708452115282896,77.09508501750088,Kidnapping,Poison,True
2024-09-29,17:21:11,28.7806624348049,77.03371461064201,Theft,None,False
2024-05-22,13:50:31,28.699105488071147,77.10919085210269,Theft,None,False
2024-01-14,19:22:36,28.891006650367828,77.0270701867393,Theft,None,False
2024-12-28,10:35:29,28.73744874703696,77.13248259832524,Theft,None,False
2023-12-04,17:34:47,28.67259531858505,77.17586835409874,Fraud,None,False
2024-08-27,12:50:00,28.64617860501067,77.06382597672027,Cybercrime,None,False
2024-07-01,19:24:05,28.543778315338592,76.92101161705186,Cybercrime,None,True
2024-06-22,15:36:08,28.78705933240346,77.03385428834721,Theft,None,False
2023-01-05,21:58:17,28.661518200163346,76.93678564148678,Burglary,Firearm,False
2024-06-19,16:16:56,28.648813912627652,77.07521899545424,Fraud,None,False
2023-02-20,22:48:31,28.67687982440219,77.17402526109436,Robbery,Firearm,False
2023-05-07,03:42:06,28.75454552165571,77.13883885919067,Assault,None,True
2024-02-05,22:46:33,28.71467960713839,77.1033184433453,Robbery,Firearm,True
2023-12-19,05:26:00,28.68641843088247,77.09949325639558,Burglary,Knife,False
2024-02-22,22:01:02,28.750430151023423,77.06919523790245,Robbery,Firearm,True
2023-01-14,18:08:56,28.7513410427856,77.14025597792953,Fraud,None,True
2023-09-25,06:17:24,28.760754098708166,77.0376530799981,Fraud,None,False
2024-04-07,13:14:02,28.68253554622995,77.0987874262933,Theft,None,False
2024-12-15,11:53:32,28.802214971557035,77.06380705534,Theft,None,True
2023-10-11,11:06:26,28.87789849851235,77.14539679485486,Theft,None,False
2024-11-25,18:03:36,28.737975816228037,77.08966017340825,Theft,None,False
2023-08-02,13:10:33,28.673417137922357,77.1798657636488,Fraud,None,False
2023-08-13,09:15:42,28.67387306079175,77.15558671620673,Theft,None,True
2024-07-16,19:31:54,28.664741687702094,77.17174106171277,Fraud,None,False
2024-06-10,07:13:54,28.591780494912463,77.30706545476772,Murder,Knife,False
2024-11-08,12:51:31,28.649403429016708,77.0655449220168,Fraud,None,False
2024-05-21,07:51:29,28.663524853297066,77.18873342300675,Fraud,None,False
2024-06-14,11:24:10,28.692442865354668,77.12391689411318,Theft,None,True
2024-04-16,17:12:45,28.606437968413644,77.11852688574176,Theft,None,False
2024-09-15,10:35:06,28.699861664617934,77.09484388842971,Theft,None,False
2024-09-16,20:25:12,28.777510633580725,76.94872921914701,Assault,Blunt Object,False
2024-09-03,12:16:39,28.679747762643142,77.18934486133553,Cybercrime,None,True
2023-11-23,02:10:08,28.775303563244485,77.02429671538869,Robbery,Knife,False
2024-04-19,06:00:51,28.671869743187337,77.18532036210463,Theft,None,True
2023-06-26,21:58:23,28.782571450081857,77.03683562460193,Assault,Blunt Object,False
2023-05-26,21:29:30,28.691729796525372,77.17742283230851,Kidnapping,Firearm,False
2023-09-05,20:28:12,28.736948200292968,77.16075923583031,Theft,None,True
2024-07-26,12:47:07,28.800933145759274,77.03642768363052,Theft,None,True
2023-11-04,12:30:22,28.743222513246465,77.15126107636765,Theft,None,False
2023-04-07,11:20:48,28.592247651578838,77.1667855493963,Theft,None,False
2023-05-23,16:53:36,28.56897095973016,77.07248712131718,Fraud,None,False
2024-05-18,22:35:22,28.60366621737061,77.1151824685135,Assault,Blunt Object,False
2023-04-25,05:10:43,28.750436583228623,77.1542676210325,Assault,Blunt Object,True
2024-02-15,13:01:59,28.644323505549664,77.05263340972276,Theft,None,False
2023-06-02,20:04:27,28.766787706352904,77.09762343481569,Fraud,None,False
2024-11-14,12:31:21,28.60524709921341,77.32659265562059,Theft,None,True
2023-08-17,19:14:35,28.678864301667172,77.18096739446601,Assault,Blunt Object,False
2023-03-24,09:26:58,28.798252045267017,77.05091815609389,Fraud,None,False
2024-09-10,22:47:06,28.68956505776861,77.13723974864348,Robbery,Firearm,True
2023-12-19,13:00:55,28.77421997181997,77.03102807249233,Theft,None,False
2024-03-03,04:56:28,28.752109374462403,77.15434827033621,Burglary,Poison,True
2023-09-11,16:06:08,28.647427604786373,77.06809828448829,Theft,None,True
2023-05-24,03:09:46,28.727864265629997,76.98142573733709,Burglary,Blunt Object,False
2023-06-20,15:29:18,28.61025328942589,77.04785923805363,Theft,None,True
2023-01-30,18:42:11,28.671277594080767,77.19300774290473,Theft,None,True
2024-02-06,05:49:03,28.66247061013147,77.1789258495183,Theft,None,True
2023-03-27,21:58:22,28.65363009498214,77.05950122525503,Fraud,None,False
2024-09-25,21:45:43,28.64870415649843,77.06110457957072,Kidnapping,None,False
2023-03-02,11:18:52,28.72977832573247,77.07965274561906,Theft,None,False
2024-08-27,19:39:19,28.770806547272837,76.94799435925937,Burglary,Knife,False
2023-06-27,07:50:21,28.750466879916114,77.15546572676695,Murder,Knife,True
2023-04-03,23:56:29,28.78943695248006,77.04742952622755,Robbery,Firearm,False
2024-02-15,10:50:30,28.640189753331345,77.07729481761861,Theft,None,False
2023-04-20,08:58:05,28.637509761733405,77.07578646411545,Murder,Firearm,False
2024-03-28,13:47:03,28.785846712669837,77.01115414203679,Theft,None,True
2023-10-27,21:29:54,28.787170392372516,77.03198764164469,Theft,None,False
2023-03-29,18:58:52,28.65035584593675,77.06026728411567,Cybercrime,None,False
2024-03-22,22:23:34,28.641027537743383,77.07619094582763,Robbery,Blunt Object,True
2024-12-03,23:46:52,28.69422791055443,77.18514223241918,Assault,Blunt Object,False
2023-11-25,00:34:30,28.75184648514956,77.16916663259228,Burglary,Rope,True
2024-04-23,22:01:32,28.63626653706645,77.04108564687529,Robbery,Blunt Object,False
2024-04-07,07:46:40,28.85655171811159,77.05800536091049,Burglary,Poison,True
2023-05-25,22:22:08,28.86420743061644,77.19168405795949,Robbery,Firearm,False
2023-06-09,05:42:23,28.702553502934393,77.08436706527984,Robbery,Knife,False
2023-11-26,16:06:59,28.753906816957283,77.15351630053534,Theft,None,False
2023-04-27,00:58:46,28.685772177333043,77.19838447176241,Robbery,Knife,False
2024-10-20,10:37:55,28.66725012820856,77.19051181763989,Theft,None,True
2023-02-27,09:15:31,28.651754021560134,77.07323412702411,Theft,None,True
2023-01-07,04:46:01,28.649086899121357,77.04307502309038,Assault,None,False
2024-09-19,01:14:44,28.70254577567472,77.09094292425084,Assault,Blunt Object,False
2023-06-24,21:38:35,28.75207394227082,77.16230004236134,Kidnapping,Poison,False
2023-02-18,08:39:21,28.677151508358747,77.19398090866397,Theft,None,False
2023-10-07,14:51:28,28.647517539207136,77.04951674060331,Fraud,None,False
2024-10-02,02:30:18,28.75889152993427,77.0339880876168,Burglary,Rope,False
2024-07-08,18:23:09,28.671960735336487,77.17273054260619,Theft,None,True
2024-07-16,04:48:42,28.534037275034862,77.02902567865273,Burglary,None,True
2023-11-18,03:38:44,28.684650851513524,77.16908778237064,Robbery,Firearm,True
2023-06-13,05:25:16,28.78598631081568,77.04858067247174,Theft,None,True
2023-06-23,13:10:03,28.693743959439548,77.11131058892057,Fraud,None,False
2023-07-21,02:47:45,28.704572987431288,77.10944669124119,Assault,Blunt Object,True
2024-10-14,14:58:00,28.660448513673447,77.20966803738906,Theft,None,True
2024-11-23,03:07:46,28.70705224758345,77.09570555015083,Burglary,Rope,False
2024-01-25,21:51:13,28.70289759710868,77.07854441410629,Theft,None,False
2024-08-29,11:09:01,28.75301783506378,76.98452232506256,Fraud,None,False
2023-02-13,00:50:32,28.753806482978845,77.1564530725265,Robbery,Firearm,True
2024-04-30,00:19:18,28.707402330719304,77.2371941244389,Burglary,Blunt Object,False
2023-01-29,23:49:08,28.79184022774071,77.0324251920326,Burglary,Poison,False
2024-04-14,00:14:01,28.646266890974978,77.06545665551482,Burglary,None,True
2024-08-21,02:55:51,28.74442996041668,76.91993420043354,Burglary,Rope,False
2024-03-06,22:02:45,28.781084737042306,77.01765560931808,Burglary,Poison,False
2023-04-28,21:50:48,28.686882809474593,77.18189150479998,Burglary,Blunt Object,False
2024-03-25,16:14:37,28.642166590503205,77.07146797332034,Fraud,None,True
2024-05-27,15:07:10,28.708323247974498,77.09121365485622,Fraud,None,False
2024-02-15,03:52:45,28.783390946374723,77.02914833026774,Robbery,Knife,False
2024-03-27,19:48:10,28.529646711139396,77.03347237667629,Assault,Knife,False
2024-04-14,03:35:03,28.642264596779835,77.06135049068509,Robbery,Blunt Object,False
2023-02-17,06:02:21,28.55587685763227,77.21766655830476,Burglary,Knife,False
2023-11-06,10:49:04,28.753078969411085,77.15287553076661,Fraud,None,False
2023-07-29,07:57:07,28.678106416383397,77.17461923746097,Theft,None,False
2023-04-24,02:36:27,28.74973559731327,77.06579253539819,Assault,None,True
2024-10-03,03:43:24,28.63513414459353,77.06823447493355,Robbery,Firearm,False
2024-06-28,15:20:46,28.689016738588016,77.18974829373487,Theft,None,False
2023-09-14,14:08:15,28.763329775651407,77.14729369393439,Theft,None,False
2023-01-23,07:52:50,28.658123802708314,77.197401375221,Fraud,None,False
2024-07-08,08:00:21,28.804645148894046,77.04792806773771,Cybercrime,None,False
2024-12-07,02:52:02,28.640742140610204,77.0509536566127,Assault,Blunt Object,False
2023-05-29,21:37:18,28.597531730218044,76.93412674323861,Robbery,Knife,False
2024-01-28,12:00:31,28.7530262138159,77.16855677958083,Fraud,None,False
2023-02-21,13:43:49,28.782683373681277,77.0355232290035,Fraud,None,False
2024-07-10,16:26:40,28.767855969643044,77.14845904688168,Theft,None,False
2024-06-15,07:00:41,28.7744553145672,77.17242094407497,Theft,None,True
2024-12-14,21:14:25,28.672788886613194,77.17672465735981,Fraud,None,True
2024-05-06,12:11:05,28.773823804639033,77.06774750574812,Fraud,None,False
2024-05-03,10:22:17,28.588444478293265,77.2306238653523,Fraud,None,False
2023-11-20,05:52:12,28.766264473872774,77.15405511603764,Burglary,None,False
2024-07-13,14:53:57,28.77147135246272,77.02020473748784,Fraud,None,False
2024-07-20,22:33:59,28.755172292884193,77.14750128965495,Burglary,None,True
2023-08-05,23:00:16,28.670689070678584,77.1927196315506,Assault,Knife,False
2023-04-07,14:51:08,28.651431793174226,77.07628142680498,Theft,None,True
2024-01-11,12:49:49,28.66419376776623,77.17906808431314,Theft,None,False
2024-02-29,03:45:47,28.779998169546012,77.1473078341013,Burglary,Firearm,False
2024-06-03,02:35:10,28.719423803825876,77.10670536705905,Robbery,Blunt Object,False
2024-10-25,21:08:41,28.722581091041057,77.10790017801723,Theft,None,False
2024-12-15,01:43:27,28.654721674475887,77.05926485053216,Robbery,Firearm,True
2024-05-20,12:40:20,28.67424287211884,77.1916094440384,Theft,None,False
2024-12-08,07:04:49,28.660229781705933,77.0697923694931,Fraud,None,True
2023-09-05,02:47:57,28.69578282280654,77.24023350295285,Burglary,Poison,False
2023-02-16,11:18:14,28.732180213437204,77.13827765498493,Fraud,None,True
2024-09-07,13:00:26,28.650916342236684,77.06264108356253,Fraud,None,False
2024-05-30,08:11:19,28.790155136511242,77.03314407522433,Kidnapping,Rope,False
2023-08-29,21:45:41,28.761194569460386,77.02105971790068,Vandalism,None,True
2023-08-12,21:58:55,28.789804860860794,77.04244414528209,Burglary,Knife,False
2023-12-17,03:51:12,28.826155060393123,77.30385542946487,Burglary,Firearm,True
2024-12-18,06:42:30,28.72850984435024,77.12989110868473,Kidnapping,Poison,True
2024-05-20,15:19:37,28.768868275358262,77.02718588598863,Cybercrime,None,True
2023-07-06,06:50:24,28.684791792599338,77.20753195522764,Fraud,None,True
2024-02-09,08:29:35,28.697989988759105,77.11046340019749,Murder,Firearm,True
2024-07-22,09:09:49,28.703937828303662,77.08478318848853,Theft,None,True
2023-02-23,21:57:30,28.646588939691334,77.05858843627747,Assault,None,False
2024-11-08,12:17:39,28.699809627519073,77.08545214094211,Fraud,None,True
2024-12-13,11:08:08,28.67162045792672,77.17770031853851,Theft,None,False
2023-02-02,20:28:35,28.778940190106507,77.03666873062592,Burglary,Rope,True
2023-12-03,23:41:48,28.650686319527907,77.06482194504642,Murder,Blunt Object,False
2023-03-10,07:30:26,28.764054151904496,77.15825561925831,Assault,Knife,False
2024-04-08,01:02:52,28.671149438101942,77.17787143714285,Burglary,Knife,True
2024-12-24,10:41:40,28.64722822236767,77.06823767109901,Cybercrime,None,False
2024-10-23,06:12:58,28.658078443070316,77.0744117304494,Murder,Firearm,False
2023-03-04,14:59:34,28.649952699349285,77.09229937198728,Fraud,None,False
2024-03-20,11:23:02,28.65081017804918,77.07317997778058,Theft,None,True
2023-04-13,23:37:21,28.71348969468705,77.1018612216717,Assault,None,False
2023-10-05,05:39:15,28.691559773475714,77.09251063623755,Theft,None,False
2024-01-12,00:15:59,28.646826335143196,77.06592225579425,Burglary,Firearm,False
2023-05-01,18:44:29,28.743113206265658,77.1529456961089,Theft,None,True
2024-03-02,09:58:29,28.767222435697178,76.98737733424929,Theft,None,False
2023-12-26,07:00:18,28.685149972018042,77.17872468851441,Vandalism,None,True
2024-04-23,01:25:02,28.829861311257666,77.04915475542242,Robbery,Blunt Object,False
2023-04-06,23:03:45,28.773833745171157,77.0279186301016,Burglary,Poison,False
2024-11-14,02:34:13,28.753148518769226,77.14861520093228,Robbery,Firearm,False
2023-07-05,21:02:27,28.781939985784266,77.03583965149677,Burglary,None,False
2024-12-29,13:53:37,28.672388206302035,77.18183887606048,Theft,None,False
2024-08-06,12:37:58,28.627007736007975,77.0664169801601,Theft,None,False
2023-04-06,02:22:55,28.78320796702308,77.04860292980484,Burglary,Poison,False
2024-09-28,08:23:31,28.74470434832746,77.13441704671501,Murder,Firearm,False
2024-03-10,06:28:08,28.680280684939298,77.18596527018313,Vandalism,None,False
2023-07-26,10:55:09,28.63401566979469,77.04720251044996,Fraud,None,False
2023-09-21,07:35:53,28.85783967306843,77.24391103906069,Cybercrime,None,False
2024-01-26,15:52:50,28.679225432412938,77.09791776970744,Cybercrime,None,False
2024-06-03,15:49:31,28.87051920547839,77.05489374422221,Fraud,None,False
2023-06-29,10:21:00,28.655038776597337,77.07422406723707,Theft,None,False
2023-05-17,20:11:17,28.69289103026232,77.08545224255772,Kidnapping,Firearm,True
2023-12-15,00:47:25,28.654625473107348,77.04407063093753,Burglary,Firearm,False
2024-07-26,23:04:07,28.728827145210875,77.19115794927578,Murder,Knife,False
2024-10-08,00:18:02,28.659587737010987,77.17325731597406,Robbery,Knife,False
2023-11-27,21:52:46,28.65623179188392,77.06782891720228,Robbery,Blunt Object,False
2023-09-22,16:40:18,28.74792714293121,77.16452249003362,Theft,None,False
2024-08-25,12:23:13,28.716165357234544,77.10519052693016,Theft,None,False
2023-10-19,22:13:42,28.775098397721262,77.0283655129653,Burglary,Rope,False
2024-03-16,16:22:58,28.676963867439554,77.18061405170853,Fraud,None,False
2024-12-18,03:52:38,28.68348957178235,77.16720225919892,Burglary,Rope,True
2024-03-19,21:16:17,28.554673647093377,77.12058711114825,Theft,None,True
2024-09-28,16:01:52,28.65494555861931,77.03979513853024,Cybercrime,None,True
2024-06-20,09:29:31,28.62641943280826,77.06269545844798,Fraud,None,False
2024-05-06,13:03:08,28.67357244891999,77.18903478981952,Theft,None,False
2023-03-20,19:45:48,28.784789061331207,77.03117395921761,Vandalism,None,False
2024-12-03,03:29:32,28.821800063679035,76.97125326965515,Robbery,Knife,False
2023-07-29,10:20:35,28.64946389218848,77.04578852835205,Fraud,None,False
2024-08-12,18:49:40,28.665716381199992,77.17037342867377,Theft,None,False
2024-10-23,12:12:05,28.76191942535452,77.15184589766405,Fraud,None,False
2024-08-13,08:20:58,28.7027496755407,76.99182670122705,Cybercrime,None,False
2024-12-30,09:37:21,28.641103065040674,77.0548653469669,Cybercrime,None,False
2024-08-24,06:06:36,28.707934550148543,77.09258908864669,Kidnapping,Blunt Object,True
2023-05-14,12:01:51,28.767397943652053,77.13574419550376,Theft,None,False
2024-03-14,06:16:40,28.666034801675433,77.19927200509967,Fraud,None,False
2024-10-06,14:58:26,28.74974861252038,77.13935121335597,Fraud,None,False
2024-08-09,08:54:06,28.786290715625377,77.02774607757787,Fraud,None,True
2023-11-27,18:38:48,28.63574129744382,77.05154129189201,Theft,None,True
2023-03-28,00:47:28,28.980937360562596,77.0773448099816,Assault,Knife,False
2024-01-22,21:53:05,28.68484432639667,77.11743709759006,Kidnapping,None,False
2024-10-20,18:20:22,28.790210709051106,77.02483533568981,Cybercrime,None,False
2024-12-26,17:49:49,28.610788091131386,77.16984727961582,Theft,None,False
2023-02-19,07:52:22,28.679408167251054,76.9099022181555,Fraud,None,False
2023-07-18,15:22:52,28.77197239964605,77.14816009537785,Theft,None,False
2024-10-05,21:40:05,28.659055717364826,77.07528434957966,Murder,Knife,False
2023-09-08,08:28:11,28.60399904555172,77.20581898643633,Robbery,Knife,False
2024-03-26,15:21:10,28.777585574501362,77.01383299413197,Theft,None,True
2023-05-08,16:15:23,28.63985401833978,77.06647637501776,Theft,None,False
2023-06-27,15:03:15,28.669472633520037,77.17942951659076,Cybercrime,None,False
2024-03-31,19:35:40,28.685535660449286,77.1835649398029,Kidnapping,Rope,True
2024-09-11,17:46:53,28.69566701688715,77.10952030323668,Cybercrime,None,False
2024-01-19,22:19:43,28.723867556695424,76.8503395198538,Robbery,Firearm,False
2024-05-29,12:10:15,28.746935291377145,77.14168287077162,Theft,None,False
2024-04-01,16:44:13,28.706112112958085,77.19167005810696,Fraud,None,True
2023-09-03,17:20:16,28.63686064156735,77.1361499788821,Theft,None,False
2023-01-26,09:39:12,28.768430406288324,77.036570903834,Cybercrime,None,True
2024-05-06,15:20:14,28.89940596955399,77.00301436475326,Theft,None,True
2023-12-26,07:16:17,28.66650197868012,77.17539984557109,Murder,Firearm,False
2023-08-01,23:43:44,28.71709982258016,76.99619637271464,Assault,None,True
2024-10-20,01:41:36,28.7462247378691,77.18718399454693,Burglary,Firearm,True
2024-01-17,14:30:22,28.75753472134538,76.9256584574362,Theft,None,False
2023-09-27,12:30:10,28.794051676651584,77.04187367414255,Theft,None,False
2024-01-10,08:57:23,28.682401613723464,77.18622842248656,Kidnapping,Knife,False
2023-05-14,14:59:11,28.726118931420515,77.20573893981265,Theft,None,True
2023-02-07,09:28:28,28.773335134876035,77.14296959536635,Theft,None,True
2023-11-12,21:17:45,28.65488125395795,77.06163782901993,Kidnapping,Blunt Object,True
2024-05-28,20:40:09,28.702803269479713,77.08713469309619,Fraud,None,False
2023-03-30,19:56:17,28.67562105904846,77.00277350420316,Robbery,Knife,False
2023-10-11,14:37:43,28.66946145570494,77.17151813616222,Theft,None,False
2024-04-26,16:20:09,28.6592091612687,77.06188896429767,Theft,None,True
2024-06-07,17:43:33,28.675067549184387,77.16635250137709,Fraud,None,False
2024-08-20,14:59:10,28.559548185225466,77.13869142707306,Theft,None,False
2024-12-26,22:21:32,28.6361256188293,77.0732452979023,Robbery,Firearm,False
2024-09-06,21:20:30,28.78635269722015,77.03856762150208,Kidnapping,None,True
2024-12-19,08:28:16,28.65820692320421,77.05940289188193,Assault,None,False
2024-05-23,15:23:38,28.63835513294584,77.07121702585599,Cybercrime,None,True
2024-11-27,08:48:35,28.679195135639297,77.1806266969018,Vandalism,None,False
2023-03-10,09:13:30,28.658014579669562,77.0603775569016,Theft,None,True
2024-06-28,14:08:47,28.754427736375558,77.15271222650834,Theft,None,False
2023-09-07,07:45:46,28.664754061051013,77.18327585389487,Vandalism,None,True
2023-12-14,06:06:15,28.718067601773985,77.10694968315377,Murder,Knife,False
2023-01-03,06:50:38,28.707206342639893,77.08632327188344,Kidnapping,Poison,False
2024-11-19,06:03:41,28.757408670284065,77.1599976662849,Assault,Blunt Object,False
2023-03-26,19:33:41,28.790192388308895,77.0291813513818,Fraud,None,False
2024-05-05,11:00:42,28.6773478159411,77.1872993974115,Theft,None,True
2024-01-11,02:46:47,28.6033805012473,77.11932305411838,Burglary,Knife,True
2024-01-18,07:07:17,28.682486961136977,77.10732533709822,Murder,Blunt Object,False
2024-07-01,02:51:33,28.770134305456267,77.17725461257865,Robbery,Blunt Object,False
2024-05-15,20:02:19,28.750149531478307,77.15559046835024,Kidnapping,Firearm,True
2024-06-19,11:03:11,28.846495384554117,77.24387696482913,Fraud,None,True
2024-07-21,13:39:26,28.701182730077345,77.11643196307297,Theft,None,True
2024-09-27,06:28:26,28.795209111447342,77.01749197984739,Assault,Blunt Object,True
2024-06-29,20:49:25,28.780869242573228,77.04585570455538,Robbery,Knife,True
2023-07-20,19:24:04,28.801620054168477,77.13942637776499,Robbery,Blunt Object,False
2024-12-21,22:05:21,28.629041675946695,77.06200089766959,Murder,Firearm,False
2024-01-14,20:54:25,28.6982008460375,77.10581038902818,Cybercrime,None,False
2023-02-23,21:23:41,28.62316533152051,76.99992766050255,Robbery,Firearm,False
2023-10-30,03:18:05,28.623451347223167,77.07471804684977,Murder,Firearm,False
2023-03-27,12:06:00,28.640102294885573,77.06407145783703,Cybercrime,None,False
2023-03-06,11:40:38,28.75407761883526,77.14182566067039,Theft,None,False
2023-10-31,00:22:25,28.771509350885516,77.02244684874005,Burglary,Poison,True
2023-02-18,22:27:04,28.746868315611707,77.15616606247013,Murder,Knife,False
2024-11-10,11:23:27,28.776142823364793,77.04996490631596,Theft,None,False
2024-12-25,15:44:03,28.806815103589315,77.18333595496658,Theft,None,False
2023-05-03,20:19:45,28.782903410975266,77.04764280735722,Burglary,Poison,True
2024-09-04,09:43:03,28.70191994368879,77.10218738585846,Theft,None,True
2024-09-24,03:44:57,28.755799745397493,77.15951823040544,Robbery,Blunt Object,False
2024-01-25,22:25:21,28.767790807900298,77.05498747215555,Robbery,Firearm,False
2023-05-18,04:29:47,28.77877006280574,77.03889902957154,Burglary,Knife,False
2023-05-09,05:31:55,28.775623658389122,77.06316488751771,Robbery,Knife,False
2023-06-24,23:40:47,28.658228119303214,77.18042683903992,Assault,Knife,False
2023-02-01,19:15:47,28.766452579882586,77.28304168464199,Assault,Blunt Object,False
2023-01-04,00:24:17,28.742120420376594,77.1482342874717,Robbery,Firearm,False
2024-07-18,22:50:21,28.640205964384748,77.07605805339432,Burglary,Rope,False
2023-02-17,23:29:52,28.753750584995416,77.14342673440628,Burglary,Firearm,False
2023-09-18,06:58:03,28.64968695282922,77.05845361479959,Vandalism,None,False
2023-05-29,22:12:41,28.581661272664206,77.0132226692724,Robbery,Firearm,False
2023-02-15,12:03:28,28.877504195442263,77.14092092216495,Fraud,None,True
2023-05-31,23:00:05,28.714876005545253,77.0775106264188,Murder,Firearm,False
2023-01-30,06:19:01,28.707021488421187,77.10530235946003,Burglary,Firearm,True
2023-11-04,17:22:15,28.78702168828207,77.03364845090279,Theft,None,False
2023-12-16,01:31:00,28.712787983383055,77.10273104346001,Assault,None,True
2024-06-01,12:01:56,28.694320611644475,77.096375771091,Theft,None,False
2024-02-03,11:59:12,28.734309813065103,77.17276817116043,Fraud,None,False
2023-08-14,18:44:38,28.65272754591953,77.0541992950487,Fraud,None,False
2024-01-26,12:39:19,28.67591551506029,77.03881235257936,Theft,None,False
2024-11-05,01:54:36,28.68952547211374,77.1683012283573,Burglary,Knife,False
2023-01-24,03:12:38,28.715547605881877,77.09164721574352,Murder,Knife,False
2023-10-14,17:32:55,28.76236838630709,77.15145990772275,Cybercrime,None,False
2023-03-23,21:01:23,28.656517911233443,77.17998882165358,Theft,None,False
2023-12-04,04:24:52,28.634378377820568,77.06329579546556,Assault,Blunt Object,False
2024-07-27,06:08:04,28.847517703652034,76.92855747557678,Murder,Firearm,True
2023-02-18,13:10:07,28.696097772646002,77.09697307046217,Theft,None,False
2024-08-25,13:02:57,28.64028368904587,77.06990125664105,Cybercrime,None,False
2024-07-31,12:03:54,28.752364555824386,77.15665802725721,Fraud,None,False
2024-05-20,00:17:05,28.66784226956268,77.18479924345418,Assault,None,False
2024-06-25,15:04:06,28.781879763087773,77.0292700450263,Cybercrime,None,False
2024-08-30,06:04:22,28.651913581198066,77.06302372768728,Kidnapping,Rope,False
2023-06-12,19:08:03,28.808646024048226,77.0823580099923,Burglary,Rope,True
2023-04-24,19:11:07,28.74222446551621,77.09843937683215,Assault,None,False
2024-06-06,18:43:22,28.67313787737959,77.18508930428226,Theft,None,False
2024-05-11,14:54:34,28.67946807469225,77.17000435088076,Fraud,None,True
2023-10-13,11:47:40,28.688436336088177,77.16390336959451,Cybercrime,None,False
2023-10-15,20:55:05,28.77725187890261,77.03155730929237,Kidnapping,Poison,False
2023-08-25,13:00:46,28.75822355969086,77.16826172527742,Fraud,None,True
2023-11-27,12:32:49,28.51827085117749,77.05173058716103,Fraud,None,False
2024-05-30,22:40:12,28.62283166512201,77.0628162197391,Burglary,Poison,False
2023-03-31,02:20:37,28.731268358450002,77.26157957421714,Assault,None,False
2024-03-14,16:09:24,28.645306347608937,77.07294025129443,Theft,None,True
2024-10-29,04:17:22,28.762483708153905,77.05897518029948,Assault,Blunt Object,False
2023-10-02,22:19:23,28.630010392532082,77.06525002298292,Burglary,Firearm,True
2024-10-18,15:52:05,28.554889798285465,77.23202070726697,Theft,None,True
2024-06-26,21:48:12,28.67247937897963,77.19445177411512,Fraud,None,False
2023-01-09,01:48:50,28.65607855658676,77.12938507864011,Burglary,Knife,False
2023-07-08,02:13:18,28.725034885733468,77.09799558819891,Assault,None,False
2023-03-29,11:54:57,28.66083404866034,77.14174560184706,Fraud,None,False
2023-05-29,04:35:48,28.774838367365167,77.02040564671043,Burglary,Poison,False
2023-06-21,17:27:41,28.716528268933267,77.10977167988892,Theft,None,True
2023-09-18,15:52:13,28.70475891608602,77.11915142382544,Fraud,None,True
2024-10-10,18:25:42,28.677323448127517,77.23477032199891,Cybercrime,None,False
2023-07-21,10:55:23,28.64585574084926,77.05225249249924,Fraud,None,True
2023-12-08,07:58:47,28.888904019177087,77.20157108466242,Cybercrime,None,False
2024-02-13,14:34:20,28.702889789689905,77.10977171259535,Cybercrime,None,False
2023-12-01,09:30:37,28.78006296566002,77.04079149035061,Theft,None,True
2023-06-07,14:18:24,28.68018921434716,77.09230198666306,Theft,None,False
2024-02-17,23:02:47,28.79389259744287,77.03000344461782,Assault,None,True
2024-02-09,10:52:59,28.64617542294889,77.04903214337885,Fraud,None,True
2024-12-28,19:19:21,28.66257866995702,77.07440529643718,Kidnapping,Blunt Object,False
2024-11-30,05:35:27,28.684031478162467,77.06203041431367,Vandalism,None,False
2023-06-24,03:06:45,28.80706043614197,77.3007470450169,Assault,Knife,False
2024-10-26,23:53:50,28.799476025581136,77.31968026673967,Robbery,Firearm,True
2023-12-15,11:39:06,28.66487648670938,77.17430613169502,Fraud,None,True
2024-01-31,06:38:26,28.585205888194665,77.14667606496495,Fraud,None,False
2024-01-15,14:28:42,28.705856035498044,77.10098048876529,Theft,None,False
2023-01-03,16:13:53,28.682192586281232,77.19482328605216,Fraud,None,True
2023-12-18,02:59:32,28.551533759071315,77.0428027972099,Burglary,Poison,True
2024-04-12,17:35:43,28.762301435941232,77.14782261316142,Theft,None,True
2023-11-03,03:29:39,28.776117939236418,77.04268537427652,Assault,Blunt Object,False
2024-03-15,10:02:02,28.741204999302763,77.14948420192209,Fraud,None,False
2024-06-13,23:27:02,28.64738644025805,77.0567618008609,Robbery,Knife,False
2023-12-25,13:48:27,28.68193155656013,77.17681123024803,Fraud,None,True
2023-11-30,11:01:53,28.79818619493446,77.03124253702505,Fraud,None,False
2024-10-15,11:08:17,28.650812701367055,77.06996023952983,Theft,None,False
2023-04-15,12:14:37,28.66782459997256,77.16196513451345,Cybercrime,None,False
2023-01-03,21:11:58,28.740175575466385,77.1097288347125,Murder,Knife,True
2023-11-02,04:05:52,28.649658260275753,77.06023472527617,Robbery,Firearm,False
2024-11-10,01:44:17,28.749795723011992,77.17258473010982,Robbery,Blunt Object,False
2023-10-22,22:22:31,28.629376459384893,77.06983950478364,Murder,Firearm,True
2024-11-06,09:33:15,28.64663981418166,77.06892213822596,Fraud,None,False
2024-01-10,17:03:00,28.78092897167426,77.0244656572583,Cybercrime,None,False
2023-08-17,12:28:26,28.759812242102363,77.1664064359595,Theft,None,False
2024-06-30,11:58:16,28.678800136612466,77.18353381996212,Cybercrime,None,False
2024-11-12,11:26:06,28.694235595009008,77.10766825265826,Theft,None,False
2023-12-24,20:07:21,28.80566349631729,77.02869305376207,Theft,None,False
2023-11-05,17:45:36,28.70034016420648,77.09688910869019,Theft,None,True
2023-02-15,05:39:26,28.669205857655054,77.15504700446328,Vandalism,None,False
2023-07-18,14:56:50,28.758150353858557,77.14404447823645,Theft,None,False
2024-11-01,23:13:54,28.54307368812082,77.17781899497326,Robbery,Firearm,True
2024-02-15,21:35:12,28.77327982214958,77.02911330946118,Cybercrime,None,True
2024-11-16,21:28:35,28.688764423911884,77.16840784201976,Cybercrime,None,False
2023-05-08,20:14:32,28.550840176540223,77.12943061895623,Kidnapping,Rope,False
2024-06-14,07:53:30,28.765594873640104,77.13675658282268,Cybercrime,None,False
2023-02-07,04:27:57,28.67817689736837,77.18830999539962,Burglary,Knife,False
2024-04-16,12:40:04,28.733508395163078,77.16048501337907,Fraud,None,True
2023-04-18,15:57:32,28.762866058798423,77.14938214426745,Fraud,None,False
2024-08-11,01:13:03,28.79662346362298,77.04386455574326,Burglary,Blunt Object,False
2023-11-17,11:25:32,28.71441179257172,77.05735546096751,Fraud,None,False
2023-06-09,03:59:57,28.606817210741706,77.0987436490634,Assault,None,False
2024-03-10,16:12:29,28.70979758919704,77.0992582313896,Theft,None,False
2024-03-14,17:43:26,28.62212498994738,77.07518713894576,Cybercrime,None,False
2023-12-31,19:11:39,28.72312232218449,77.06453755033232,Fraud,None,True
2023-05-12,04:50:11,28.682671583884233,77.19774638596483,Burglary,Knife,False
2023-08-07,08:23:29,28.423908843051212,77.1459263649922,Kidnapping,None,False
2023-10-06,06:54:06,28.7398335078919,77.15749110506799,Theft,None,False
2023-11-14,06:00:22,28.716892720237457,77.16607265264406,Cybercrime,None,False
2023-08-21,15:44:11,28.654175238550536,76.91517598881809,Theft,None,False
2024-02-28,16:04:45,28.699596318087433,77.1065684763514,Fraud,None,True
2023-10-02,18:56:18,28.805639232867524,76.98531686995275,Cybercrime,None,False
2024-11-14,00:24:02,28.806806042687302,77.03771277103536,Burglary,Blunt Object,False
2024-10-05,15:54:32,28.740344988159453,77.05151060471344,Cybercrime,None,False
2024-06-09,06:20:20,28.75592170627712,77.16141877634571,Kidnapping,Knife,False
2024-08-28,09:37:37,28.661829859227115,77.17570094103253,Fraud,None,True
2024-06-19,14:12:42,28.705949625873423,77.12651583661031,Theft,None,True
2024-11-19,04:40:32,28.635468102878335,77.08290133885997,Murder,Knife,False
2023-11-27,05:47:29,28.664144233036755,77.06152688849298,Fraud,None,True
2024-08-22,17:48:44,28.67428474738001,77.03329348013354,Fraud,None,False
2024-09-25,11:08:45,28.697279746966732,76.96182805674405,Theft,None,False
2024-10-06,22:54:19,28.78333760982679,77.04746880273852,Robbery,Blunt Object,False
2023-10-14,10:25:40,28.77798914937523,77.03009275696012,Cybercrime,None,True
2024-11-12,12:28:26,28.68708859525733,77.10624062088132,Theft,None,False
2023-07-12,18:36:45,28.730548168495137,77.10887023597658,Cybercrime,None,False
2024-07-19,23:35:43,28.64193172949778,77.05957242081227,Burglary,None,False
2024-06-09,10:57:20,28.679119002337007,77.18221183398411,Fraud,None,False
2023-03-24,09:28:21,28.735597187155534,77.12399828174546,Theft,None,False
2023-09-25,19:00:49,28.76533427287096,77.15926994097376,Assault,None,False
2023-04-10,04:03:07,28.756028618431504,77.16768422030653,Robbery,Firearm,False
2023-01-12,07:07:17,28.746126852905658,77.23299626887905,Theft,None,False
2024-02-09,10:35:52,28.764794260838663,76.91830809210686,Theft,None,False
2023-01-11,15:21:24,28.717148347633195,77.10385176241343,Fraud,None,False
2023-08-31,16:55:52,28.703580452290993,77.1053134834749,Theft,None,False
2024-10-31,17:34:38,28.67065016838043,77.1847702886039,Fraud,None,True
2023-04-07,18:10:03,28.63818123933657,77.07524272258735,Theft,None,False
2024-02-09,20:25:20,28.70296411886379,77.09867416157279,Theft,None,False
2024-08-11,08:05:46,28.664850741842805,77.1851877578915,Theft,None,False
2024-11-18,05:53:32,28.72281071001251,77.14134246136776,Fraud,None,False
2023-09-20,22:22:57,28.663827481124947,77.16648818801188,Burglary,Firearm,True
2024-02-15,01:20:50,28.760355913025066,77.16734641861876,Robbery,Blunt Object,False
2024-02-01,09:06:30,28.743836463776102,77.16839441283562,Fraud,None,True
2024-12-27,17:42:52,28.73249110587364,77.10179370954492,Fraud,None,False
2024-11-08,04:10:06,28.78012451303454,77.01865481980576,Assault,Blunt Object,True
2024-01-18,20:20:23,28.763977285159246,77.14474393638562,Robbery,Firearm,False
2023-01-12,16:50:03,28.66630193324262,77.19241926309887,Theft,None,True
2023-09-10,02:26:19,28.51580165533283,76.95014021893319,Burglary,Rope,False
2023-12-16,06:15:27,28.702286575649193,77.13182844290048,Fraud,None,True
2024-03-09,20:48:12,28.75894734647969,77.14948201506604,Theft,None,False
2024-06-10,00:22:51,28.809403696686417,77.03022107441235,Robbery,Blunt Object,False
2024-07-12,08:24:10,28.78179213847897,77.02453013331187,Vandalism,None,False
2024-10-16,03:00:37,28.705339068165213,77.10864961232048,Robbery,Firearm,False
2023-12-01,03:04:30,28.824457805453346,76.95357157355599,Burglary,Firearm,False
2024-12-07,12:34:00,28.641640046616445,77.0669670361081,Theft,None,False
2023-11-08,01:42:51,28.762805753459453,77.10315486578045,Murder,Knife,False
2023-09-08,06:53:44,28.75834239695321,77.02160361070743,Robbery,Knife,False
2024-12-24,17:33:21,28.719679054323183,77.1124262810298,Fraud,None,True
2023-12-14,21:57:03,28.569607221293484,76.99498969518834,Cybercrime,None,True
2023-03-25,17:41:32,28.66363078249893,77.18927969970898,Fraud,None,False
2024-05-27,16:27:11,28.661252722335824,77.17918975665792,Cybercrime,None,False
2024-12-16,13:54:27,28.788647043964165,77.03183834065455,Theft,None,True
2023-09-17,19:41:32,28.72998875157127,76.99591972886513,Assault,Blunt Object,False
2024-01-30,20:20:18,28.68004854373397,77.17636788107525,Murder,Firearm,False
2024-02-18,16:39:26,28.671638032560207,77.1262731727906,Theft,None,False
2023-01-10,14:07:06,28.714407822153085,77.10489800190156,Theft,None,False
2024-04-10,23:07:13,28.696593731780233,77.09950450588802,Burglary,Knife,True
2023-08-31,01:37:26,28.67412183590837,77.16874914766834,Robbery,Firearm,False
2024-04-07,12:08:10,28.657846703368662,77.14126798790329,Cybercrime,None,False
2023-09-28,12:23:21,28.576356339615465,77.21815816515944,Theft,None,True
2024-06-30,01:34:20,28.796796132625996,77.02004849424041,Burglary,Rope,False
2023-08-11,04:15:44,28.839861963305015,77.08814184112879,Burglary,Firearm,False
2023-10-24,05:54:19,28.78828514559157,77.02753348947873,Cybercrime,None,True
2024-01-04,21:06:25,28.713330448272266,77.10656094018849,Murder,Blunt Object,False
2023-04-18,03:54:50,28.62268467434024,76.98597980000348,Robbery,Blunt Object,False
2024-01-06,10:33:21,28.659496975647908,77.18437941776433,Fraud,None,False
2023-06-03,18:37:54,28.679824714117796,77.1890096567878,Fraud,None,False
2024-11-30,20:59:38,28.672920189053926,77.17093003544336,Assault,None,False
2023-07-28,21:06:57,28.747279252019762,77.16402348638962,Theft,None,False
2024-01-25,19:14:21,28.65563714353999,77.11684176306815,Kidnapping,Rope,False
2024-01-24,21:29:09,28.663343495164252,77.18586583045459,Burglary,Rope,False
2023-05-16,14:55:08,28.69952315438321,77.11296712713776,Fraud,None,False
2024-03-27,16:36:37,28.681835577062067,77.17754294053425,Theft,None,False
2024-08-06,20:34:15,28.642833359726524,77.05698883759959,Fraud,None,False
2024-04-24,21:27:15,28.65990566803455,77.17392557570453,Burglary,Rope,False
2023-02-26,15:56:23,28.75608217327721,77.1557525949823,Fraud,None,False
2024-09-03,15:16:17,28.70558547903593,77.09948266946041,Theft,None,True
2023-10-22,07:20:39,28.65343066605721,77.06313541904561,Burglary,Knife,False
2023-02-23,05:12:36,28.65113253828096,77.04476224867797,Assault,Blunt Object,False
2023-01-24,14:36:17,28.634875997483817,77.18533788027838,Cybercrime,None,True
2024-01-22,20:36:26,28.56162343462785,77.0812548297287,Murder,Knife,True
2024-11-01,04:45:06,28.78107902958975,77.04837400602416,Robbery,Knife,False
2024-09-05,11:07:25,28.648099965529436,77.064158590268,Theft,None,False
2023-02-03,13:55:40,28.762469911546336,77.1561849758684,Cybercrime,None,False
2023-12-11,10:27:32,28.699523230070117,77.11321475930255,Fraud,None,False
2024-08-15,23:00:04,28.74300249872112,77.15573247187534,Assault,Blunt Object,True
2023-12-25,11:19:25,28.768624302058637,77.03453943857517,Cybercrime,None,True
2024-02-25,11:01:13,28.676029896417727,77.19926454961914,Cybercrime,None,False
2024-05-06,20:17:04,28.738450261065584,77.14649112824146,Fraud,None,False
2024-11-26,06:34:08,28.76232682426574,77.15585317256398,Theft,None,False
2023-05-14,06:08:42,28.72213050513375,77.00688642970415,Robbery,Firearm,True
2023-02-05,03:23:13,28.64501816519086,77.22700410082233,Burglary,Rope,False
2023-08-02,21:32:57,28.67358490806246,77.18625359696145,Burglary,Poison,False
2023-06-13,18:54:38,28.672948116712234,77.17066914484751,Theft,None,True
2023-11-14,20:39:28,28.65343810426075,77.06753232384533,Kidnapping,Blunt Object,False
2024-04-30,21:01:25,28.777156368373674,77.1423441862035,Fraud,None,False
2023-01-09,08:32:10,28.682325729212003,77.16938456033964,Assault,Blunt Object,True
2023-11-28,02:51:39,28.755673465676733,77.16226506589064,Assault,None,False
2023-06-03,00:46:19,28.733378648839036,77.15045067525759,Robbery,Firearm,True
2024-01-05,10:50:01,28.66846790265957,77.17548042701705,Theft,None,False
2024-06-26,18:08:31,28.787952126522594,77.04370685706424,Fraud,None,True
2024-02-20,15:06:41,28.782767212847705,77.03455486427562,Theft,None,False
2023-04-11,12:56:37,28.755243087530594,77.15251803506357,Theft,None,False
2023-02-22,08:22:01,28.633206573622882,77.07358444601724,Fraud,None,True
2023-10-27,19:45:52,28.787051953681587,77.03644881490004,Assault,None,False
2023-05-26,08:39:43,28.666034903709743,77.17790779602011,Vandalism,None,False
2024-03-12,01:46:59,28.752338658022893,77.13715875306552,Assault,Knife,False
2023-06-07,08:20:31,28.687219656748024,77.09649252069362,Burglary,Blunt Object,False
2023-12-17,18:12:37,28.709325207664424,77.09596862610071,Fraud,None,False
2023-02-15,03:53:26,28.773911948024093,77.02435314346764,Burglary,Blunt Object,False
2024-09-24,04:42:04,28.749546575768548,77.1489614103718,Robbery,Knife,True
2023-06-08,20:00:51,28.725755214522067,77.11304620628488,Kidnapping,Knife,False
2024-08-01,16:22:57,28.65434774112282,77.07418580364273,Cybercrime,None,False
2024-05-03,21:19:01,28.634111791306662,77.05027635385012,Kidnapping,Poison,False
2023-12-18,19:29:52,28.74303129708466,77.16584506133339,Kidnapping,Firearm,True
2024-09-10,23:31:02,28.638628082111175,77.04998643817761,Burglary,Firearm,False
2024-04-22,12:10:10,28.66100037997802,77.07863944682855,Cybercrime,None,False
2023-11-14,06:40:54,28.756784132736946,77.15500951020712,Murder,Knife,False
2024-08-19,15:00:07,28.62128194361265,77.17106563925138,Theft,None,False
2024-06-13,19:51:28,28.7477080646625,77.15093723663296,Assault,Blunt Object,False
2024-04-26,16:22:01,28.710967740705033,77.09608178596056,Theft,None,False
2024-04-17,17:28:36,28.647164857641886,77.16166680496931,Theft,None,False
2023-07-22,22:55:31,28.775522668233947,77.02865207976397,Assault,Knife,False
2024-09-10,13:42:14,28.649657421780432,77.08304092441436,Theft,None,True
2024-12-29,11:11:29,28.680154045047626,77.1872263976299,Theft,None,True
2024-09-20,20:48:08,28.757180158367273,76.9951809725933,Theft,None,False
2024-10-24,00:40:59,28.7052559673868,77.10220233511664,Burglary,Knife,False
2023-02-21,22:48:34,28.677315845403726,77.18366508052476,Robbery,Firearm,False
2024-03-05,12:54:03,28.75789699677417,77.14938532805101,Theft,None,False
2023-06-21,14:45:51,28.784686089173718,77.02022171433944,Theft,None,False
2024-08-31,05:35:57,28.78090092721997,77.04640833548179,Theft,None,False
2023-08-25,01:55:53,28.707288083396282,77.10229078962618,Burglary,None,False
2024-10-06,02:08:07,28.893712327625437,76.96641650216989,Murder,Knife,False
2024-12-28,04:08:16,28.74300544444554,77.16962711411277,Assault,None,False
2023-09-22,17:53:21,28.75455960936049,77.15007416963711,Cybercrime,None,False
2023-01-12,23:05:17,28.742107956749045,77.15697696266395,Robbery,Firearm,False
2024-09-17,19:12:18,28.789544598695272,77.02155505639166,Murder,Knife,False
2024-07-05,23:12:21,28.702697244144495,77.09914484167967,Robbery,Knife,False
2024-12-11,17:31:24,28.676659771464188,77.1713074975778,Fraud,None,True
2023-09-13,21:40:04,28.829294745451318,77.19408237815976,Theft,None,False
2023-11-05,16:55:44,28.640468244412673,77.06033581288362,Fraud,None,False
2023-02-13,07:23:00,28.752735778497225,77.14471691446994,Burglary,Poison,True
2024-03-18,10:56:42,28.74966570581765,77.14979729632326,Cybercrime,None,False
2023-11-05,05:18:10,28.80022868370707,77.04196618308332,Cybercrime,None,False
2023-11-22,09:27:33,28.793446547073366,77.03619925613006,Fraud,None,True
2023-10-18,06:24:33,28.592367299106876,77.09835088954227,Assault,None,False
2024-03-19,16:07:28,28.763804884596134,77.13991735370634,Cybercrime,None,False
2023-08-19,22:38:43,28.76775532068733,77.33476092252629,Robbery,Blunt Object,False
2023-11-24,07:43:08,28.794718166459894,77.04664029135563,Burglary,Rope,False
2024-07-25,08:05:54,28.67628338750442,77.19217931948765,Kidnapping,Blunt Object,False
2023-04-11,08:03:28,28.69692146785646,77.11045863812342,Assault,None,False
2023-09-12,22:54:13,28.790643881340607,77.03539911174039,Assault,Blunt Object,True
2024-03-09,11:17:41,28.657260074197186,77.05711215162152,Theft,None,False
2023-09-17,00:47:16,28.672229424835262,77.18345462041358,Burglary,Poison,False
2023-06-11,02:00:04,28.663803890289106,77.184769319438,Robbery,Firearm,False
2024-02-14,01:45:17,28.532206958704617,77.20719545344282,Robbery,Blunt Object,False
2024-05-14,03:16:06,28.75456637366566,77.14729107096096,Robbery,Firearm,False
2023-10-01,23:05:06,28.695756263877048,77.10015420970382,Murder,Firearm,False
2023-12-16,14:19:06,28.79098259710772,77.03797738978739,Theft,None,True
2024-01-16,13:33:13,28.637044620527217,77.05403960327372,Cybercrime,None,False
2023-02-06,17:42:22,28.710668987063197,77.09527652595385,Fraud,None,True
2023-12-20,00:46:34,28.644699097740798,77.06373754642524,Robbery,Knife,False
2023-03-12,22:26:42,28.787220621317267,77.04108270430183,Assault,None,False
2024-01-02,18:03:54,28.771470370631324,77.01338840674741,Cybercrime,None,False
2023-06-27,18:44:53,28.638425527187717,77.08051528407832,Fraud,None,False
2024-02-24,08:57:27,28.90631741000874,77.28561771355659,Theft,None,False
2023-05-18,02:42:36,28.672170186322393,77.16467884918016,Burglary,Poison,False
2024-03-18,08:38:42,28.469796089834816,77.04109618384507,Kidnapping,Knife,True
2023-01-01,16:40:57,28.684292636985063,77.2325625401056,Theft,None,True
2023-06-07,01:59:34,28.792778054595423,77.03477405078993,Robbery,Knife,False
2024-11-14,23:44:36,28.775201552290586,77.02289220441756,Burglary,Blunt Object,False
2023-11-10,06:54:43,28.729512768707146,77.17220509788397,Assault,Blunt Object,False
2023-02-13,21:35:07,28.708018812622456,77.09215402040394,Theft,None,True
2024-03-03,03:29:49,28.79060667628792,77.03675910967102,Assault,Blunt Object,False
2024-06-21,18:14:05,28.693393335938097,77.09465679029701,Fraud,None,False
2024-11-03,04:10:18,28.680984959745615,77.18015492464855,Robbery,Firearm,True
2024-04-29,19:30:09,28.719991473016364,77.10751129276065,Kidnapping,None,False
2024-09-02,01:39:56,28.655436881181075,77.10147943996091,Murder,Knife,False
2024-07-24,19:31:34,28.674733833926375,77.17521609686759,Burglary,Blunt Object,False
2023-01-13,17:26:45,28.744974118018224,77.1595138989381,Cybercrime,None,False
2024-10-15,20:10:10,28.762552732970423,77.15853781469553,Robbery,Knife,False
2024-04-14,07:40:27,28.65925318094324,77.05708226763988,Kidnapping,Blunt Object,False
2023-08-17,01:02:52,28.72084270766071,77.09349078881446,Murder,Firearm,False
2024-09-04,21:15:44,28.693973144366314,77.08490041117851,Kidnapping,None,False
2024-09-14,19:58:29,28.77964204686173,77.02746277663172,Assault,None,True
2023-09-27,20:32:43,28.679359372802544,77.1849389094162,Theft,None,False
2024-03-03,16:21:49,28.69217026628981,77.09857273761575,Theft,None,False
2023-04-14,03:03:30,28.66695379789123,76.92490177530382,Burglary,Firearm,False
2024-01-10,14:38:33,28.694290532729866,77.09479186369387,Theft,None,False
2024-05-30,01:46:38,28.76843625019821,77.15441450715957,Murder,Knife,False
2023-01-17,01:10:43,28.650721687539477,77.0475136450285,Robbery,Knife,False
2023-09-03,17:06:07,28.656042144830142,77.07551102063024,Fraud,None,False
2023-01-19,07:17:02,28.504265503285538,77.03196832760842,Robbery,Firearm,False
2024-03-01,03:55:20,28.649057655730157,77.06894388453539,Robbery,Knife,False
2023-05-28,09:33:42,28.74731505269513,77.14944500536947,Fraud,None,False
2023-10-25,12:16:13,28.644361893895486,77.11354180469462,Theft,None,True
2023-10-30,21:28:33,28.823817853146192,77.02539578428589,Theft,None,True
2024-07-17,07:36:05,28.714108204977684,77.09468327927654,Cybercrime,None,False
2024-06-16,18:34:06,28.635623727875032,77.07068594618343,Theft,None,False
2023-08-08,00:28:48,28.683319363780075,77.19101409936764,Robbery,Knife,False
2024-11-18,02:09:50,28.630942025917822,77.05784049021928,Robbery,Knife,False
2024-09-21,11:11:07,28.652329885920036,77.06291541840564,Fraud,None,False
2024-05-18,10:07:15,28.596730715380254,77.14833179391255,Theft,None,False
2024-02-28,14:06:28,28.776951927410085,77.05044524848394,Theft,None,False
2023-04-13,19:00:02,28.79954841462418,77.03854097426357,Fraud,None,False
2024-04-08,11:55:00,28.6577100670477,77.06314791350124,Fraud,None,True
2023-09-13,01:21:36,28.651754374943753,77.07727720295303,Robbery,Blunt Object,False
2024-04-24,16:26:33,28.676554986817944,77.17994812828486,Cybercrime,None,True
2024-11-06,13:26:00,28.73705378041823,77.15166866474279,Fraud,None,True
2023-04-15,18:48:29,28.78644231845623,77.19706334275676,Cybercrime,None,False
2024-06-03,00:26:09,28.754536506571842,77.04837009050378,Robbery,Knife,False
2023-04-28,06:32:32,28.684331784310526,77.09754784901996,Assault,Blunt Object,False
2023-10-10,17:41:29,28.78105655128946,77.02937071032811,Fraud,None,True
2023-07-18,15:09:23,28.68028556356978,77.20235676411015,Theft,None,False
2023-11-27,20:05:06,28.70533529201841,77.10033268210844,Murder,Firearm,False
2023-09-23,20:13:07,28.64150778186996,77.06374384766907,Burglary,Firearm,False
2023-09-08,16:48:08,28.74581706239652,77.15370198558746,Theft,None,True
2023-08-20,02:40:56,28.75860812336332,77.15459686063575,Assault,Knife,True
2024-11-26,13:51:32,28.678675419340045,77.18683747609349,Fraud,None,True
2023-05-05,22:00:04,28.526910331775355,77.16618701583954,Assault,Blunt Object,False
2023-01-26,09:36:02,28.747389851543378,77.14154160836996,Theft,None,True
2024-08-04,04:31:11,28.5936548172145,77.14585416104725,Assault,Knife,False
2024-01-23,23:56:56,28.681842507277516,76.93430312160146,Burglary,Knife,False
2024-02-24,20:23:46,28.75190378151923,76.95853918692012,Vandalism,None,False
2023-08-14,09:31:59,28.755498213585184,77.15488498925673,Theft,None,True
2024-06-12,03:46:24,28.76295577081695,77.17031684786467,Robbery,Blunt Object,True
2023-03-29,08:25:37,28.770453236740995,77.03197526143938,Burglary,Firearm,True
2024-11-15,00:04:51,28.70133664704956,77.10683749685961,Robbery,Knife,False
2023-10-09,01:44:20,28.706256687709338,77.09897453757264,Assault,Knife,False
2024-04-14,19:10:18,28.699690978113892,77.09133549144816,Assault,None,False
2024-02-04,09:53:40,28.793978615824063,77.03709204181601,Theft,None,False
2023-06-06,16:39:54,28.795876819779515,77.07146038635246,Theft,None,False
2024-04-10,09:44:51,28.747531645313057,77.1417168493337,Theft,None,False
2024-04-05,09:40:02,28.739991758374067,76.99852067754718,Theft,None,False
2023-09-10,22:09:11,28.662586630689667,77.04942357418906,Robbery,Firearm,False
2023-11-04,02:34:40,28.676836601192125,77.19816854707214,Robbery,Firearm,False
2023-12-26,08:30:37,28.68009089759264,77.18425673712493,Robbery,Knife,True
2023-09-05,03:11:20,28.66441516353038,77.16868230811433,Burglary,None,True
2024-09-09,14:47:01,28.711800501089176,77.11756147240776,Fraud,None,False
2023-06-19,11:43:40,28.74971150009522,77.14110938492384,Theft,None,True
2023-01-22,02:14:12,28.75951830569451,77.02269235156339,Robbery,Firearm,False
2024-07-28,13:47:00,28.78296343157501,77.04849123240838,Fraud,None,False
2023-03-13,17:00:49,28.71083133692233,77.10555085404707,Theft,None,False
2023-01-26,01:56:59,28.75009880338699,77.14666834282744,Murder,Knife,False
2024-03-31,17:42:18,28.76815647597508,77.15450738540758,Cybercrime,None,False
2024-08-10,11:17:04,28.763073993080788,77.02576460352104,Fraud,None,False
2023-02-07,16:10:15,28.618278396822838,77.04787359908227,Fraud,None,True
2023-03-17,16:06:19,28.760391066028507,77.09175551182058,Theft,None,False
2023-02-07,10:07:22,28.696413459299634,77.23384731613253,Fraud,None,False
2023-10-02,10:26:07,28.63445389102133,77.28891995258874,Theft,None,False
2024-03-09,16:18:06,28.697386924086288,77.10339198196613,Theft,None,False
2023-11-07,20:33:29,28.701287964045974,77.10373419133502,Fraud,None,False
2023-08-23,20:39:49,28.648545919950735,77.0668383524009,Robbery,Knife,True
2023-08-28,13:06:51,28.628788266937942,76.99020853225525,Theft,None,True
2023-02-26,11:19:38,28.954417179090573,77.05410156603995,Fraud,None,False
2023-12-23,07:48:27,28.68109212438672,77.16642358689477,Fraud,None,True
2024-09-20,17:23:22,28.676138728009533,77.08978006160176,Fraud,None,False
2023-08-10,20:40:39,28.678828150699278,77.15527545859008,Murder,Knife,False
2023-06-05,07:08:20,28.675761406130782,77.17100258544633,Vandalism,None,False
2024-01-21,11:59:57,28.736534571119492,76.99886708031619,Cybercrime,None,False
2023-06-07,17:26:44,28.618551730407443,77.07513723896068,Fraud,None,False
2023-09-25,02:50:55,28.74357670530397,77.14774465553265,Murder,Blunt Object,False
2024-05-08,22:10:17,28.742166242314568,77.13416829548302,Robbery,Blunt Object,False
2024-07-26,23:20:28,28.794279570524292,77.01953951307178,Robbery,Blunt Object,False
2023-05-02,04:25:16,28.64231319112392,77.07002891081494,Robbery,Firearm,False
2024-07-24,22:17:42,28.69795055897484,77.09424834100255,Robbery,Blunt Object,False
2023-08-02,21:34:24,28.676362380886673,77.19367933822727,Vandalism,None,False
2024-11-09,22:52:44,28.772406847349135,77.03099852167983,Burglary,Firearm,False
2024-09-05,08:38:28,28.626775054050327,77.05856798996318,Murder,Knife,False
2024-07-07,14:23:09,28.754442046845384,77.14395375358245,Theft,None,False
2024-09-10,23:36:33,28.63953008166175,77.04841773231692,Robbery,Firearm,False
2023-01-08,01:44:39,28.754870786113816,77.16305694248884,Burglary,None,True
2024-03-10,02:41:13,28.773128561302293,77.02627328233449,Burglary,Poison,False
2023-09-16,22:42:01,28.78912546246454,77.04462090719323,Burglary,None,False
2023-08-25,00:02:38,28.554781018779106,77.08562152625841,Robbery,Knife,False
2024-06-27,11:01:48,28.6469313082232,77.0614794360937,Fraud,None,False
2024-10-01,01:51:55,28.45642079331229,77.15260900093088,Assault,Blunt Object,False
2024-11-21,07:56:20,28.65929336351091,77.0636666175117,Robbery,Firearm,False
2024-11-23,16:58:26,28.663788939467057,77.17736872753636,Cybercrime,None,False
2024-01-07,11:32:31,28.691799130676554,77.19159962540861,Fraud,None,True
2023-03-15,19:18:28,28.650500266183844,77.06606412583534,Vandalism,None,False
2023-01-22,14:57:06,28.637986288780905,77.08244288193443,Theft,None,True
2023-10-22,04:25:33,28.673320772643216,77.18799574316066,Burglary,None,False
2023-06-09,06:54:09,28.854991889426692,77.21433381367932,Fraud,None,False
2024-12-07,22:51:25,28.562161564420396,77.12489949689011,Burglary,Knife,False
2024-10-02,22:11:26,28.791467633451678,77.03868860330147,Burglary,Blunt Object,False
2023-09-07,05:21:52,28.747807662366128,77.18164109215769,Assault,Blunt Object,True
2023-08-22,23:58:42,28.57639154376689,76.99418115533341,Robbery,Firearm,False
2024-10-12,14:38:52,28.72745950812616,77.3141803054964,Cybercrime,None,True
2023-09-04,16:47:16,28.69573805149296,77.09984171634353,Fraud,None,False
2023-06-19,06:47:24,28.81182936730157,77.10071378451123,Kidnapping,Knife,False
2023-09-22,10:58:09,28.67063961454697,77.15906329018868,Fraud,None,False
2023-09-12,22:55:48,28.73135179902296,77.20554387856369,Burglary,Rope,False
2023-03-18,11:15:15,28.767014688890654,77.15557003060006,Fraud,None,False
2023-09-21,00:53:06,28.677017327253782,77.18464110982286,Burglary,Poison,True
2024-05-05,03:06:03,28.67899130556649,77.18305170637872,Assault,None,False
2024-10-17,14:09:01,28.754093915176778,77.16446627120827,Fraud,None,False
2024-06-27,17:26:11,28.855711618035503,76.95174470553667,Cybercrime,None,True
2024-08-13,03:34:00,28.784200211517405,77.02561305566556,Burglary,None,False
2023-08-30,17:02:16,28.67300285335139,77.14275162097354,Theft,None,False
2024-02-09,00:49:07,28.680794383715423,77.1813787355639,Robbery,Firearm,False
2023-06-29,22:39:50,28.73496659665277,77.14284954419423,Robbery,Knife,False
2024-04-11,20:47:54,28.653064996702003,77.03509573577965,Assault,Blunt Object,False
2024-08-15,11:29:58,28.8228427151682,77.15462299906446,Fraud,None,True
2023-09-18,16:26:11,28.657261760815302,77.06051430813119,Theft,None,True
2024-11-22,07:53:06,28.65348594575977,77.18680362641507,Fraud,None,False
2024-03-11,05:24:13,28.716846531240385,77.11174721805514,Kidnapping,Blunt Object,False
2023-04-17,03:45:54,28.6378308516512,77.11117610754627,Robbery,Blunt Object,False
2023-06-14,07:28:27,28.65081637312201,77.02057335358107,Assault,None,True
2024-02-12,09:04:29,28.793653885711798,77.02052467688736,Theft,None,False
2024-10-05,09:12:07,28.635161835694184,77.05145974366528,Cybercrime,None,False
2023-06-25,04:01:40,28.62919752476701,77.06396414291842,Robbery,Knife,False
2023-08-24,15:32:16,28.68571503048482,77.18065123243755,Cybercrime,None,False
2023-07-08,00:05:49,28.62904252199436,77.07089944539742,Burglary,None,True
2024-07-17,10:44:16,28.77095701754035,77.14603757675853,Theft,None,False
2024-03-23,05:49:53,28.749314457332822,77.15765660630083,Cybercrime,None,False
2023-08-03,22:54:34,28.866287374778505,77.05051658542749,Robbery,Firearm,False
2024-12-01,00:42:33,28.74077550219002,77.15881418606273,Robbery,Firearm,True
2024-09-25,11:03:10,28.762090680731426,77.15256131450435,Fraud,None,False
2023-05-12,15:37:45,28.648286674034257,77.20193787309921,Cybercrime,None,False
2023-08-03,15:13:52,28.75938036004548,77.14481564483097,Theft,None,False
2023-11-26,01:23:38,28.64459094731306,77.04898292467975,Robbery,Knife,False
2024-11-16,09:53:34,28.65095890456438,77.05987766430617,Fraud,None,False
2023-12-05,07:27:11,28.66974289167615,77.18217125514848,Robbery,Blunt Object,False
2024-07-27,01:05:49,28.708130769933025,77.19199300615657,Assault,None,False
2023-08-15,04:30:48,28.763209053132524,77.08685907212073,Burglary,Blunt Object,False
2024-04-27,11:07:28,28.7804668149719,77.14257372536916,Theft,None,False
2023-09-18,13:36:36,28.661440036371395,77.09002818417636,Theft,None,False
2024-02-03,03:37:33,28.75261777111157,77.15755261343175,Burglary,Firearm,False
2023-10-22,10:33:50,28.700429773852782,77.09859590813579,Fraud,None,False
2023-12-04,23:52:48,28.773787573094342,77.16189735481747,Robbery,Knife,False
2024-12-10,06:11:16,28.666493993355747,77.18820940993943,Vandalism,None,True
2023-04-09,04:19:59,28.78528350065655,77.03641551175261,Robbery,Firearm,True
2024-09-22,20:52:03,28.67547341324565,77.19439642645486,Fraud,None,True
2023-07-19,04:26:52,28.738662034465143,77.09629113017857,Robbery,Firearm,False
2024-12-14,05:55:18,28.654521905769833,77.06483285041088,Burglary,Rope,True
2023-07-17,16:36:12,28.70531478579329,77.10564022602486,Fraud,None,False
2023-02-28,11:08:36,28.783163909766333,77.03259226992996,Theft,None,False
2024-11-23,07:13:34,28.77823305411238,77.02498832780377,Kidnapping,None,True
2023-06-12,11:49:09,28.774114296135174,77.01858016713204,Theft,None,False
2024-04-19,16:12:49,28.616128263861544,77.08507329655332,Fraud,None,False
2023-03-26,16:12:25,28.645131175824456,77.05978703436853,Theft,None,True
2023-01-21,09:16:27,28.468529650987264,77.25995863577624,Cybercrime,None,False
2024-06-30,18:28:38,28.81274801228904,77.14707598512172,Theft,None,False
2024-03-18,02:27:15,28.723174906725532,77.09272635882517,Assault,Knife,False
2023-05-15,06:29:02,28.8928625120626,77.00597859232495,Assault,None,False
2023-10-30,13:16:11,28.727973792529134,76.97511626748658,Fraud,None,False
2024-07-31,14:48:35,28.78424694095544,77.03636166497999,Theft,None,False
2023-04-01,03:53:41,28.702553096688654,77.10963877444091,Burglary,Blunt Object,False
2023-12-06,17:01:47,28.78509014449487,77.02727585271624,Theft,None,False
2023-11-29,03:47:21,28.778431866821975,77.04060913772616,Robbery,Firearm,False
2024-08-07,16:55:16,28.638725797019305,77.1940402970485,Cybercrime,None,True
2023-04-22,12:41:35,28.826371179283193,76.93562861376539,Fraud,None,False
2023-07-26,13:47:45,28.65542926387301,77.08310422698445,Fraud,None,False
2023-07-20,09:54:50,28.70662003761202,77.10849084185296,Theft,None,True
2024-10-12,21:02:09,28.71447005324369,77.09974517684822,Vandalism,None,False
2023-10-15,14:12:52,28.675922802235377,77.16935800470377,Cybercrime,None,True
2024-08-08,22:00:06,28.717963502853046,77.15231119956447,Assault,None,False
2024-12-13,14:20:35,28.789261630229262,77.04315424723599,Cybercrime,None,False
2024-07-07,18:53:52,28.666351978218643,77.17717393243326,Fraud,None,False
2024-09-21,18:38:42,28.723055073459914,77.10099671626237,Theft,None,True
2023-08-29,20:56:56,28.786100337873123,77.03182989958276,Cybercrime,None,False
2024-12-29,20:41:50,28.74588319173695,77.16873529210892,Theft,None,True
2024-08-24,10:21:38,28.668822985880794,77.17122714476294,Fraud,None,False
2023-11-17,16:50:27,28.659025972269724,76.90232939982745,Fraud,None,False
2023-11-14,10:05:20,28.638971253501683,77.00568714021477,Theft,None,True
2023-06-24,15:30:42,28.710274286309275,77.0957658576044,Theft,None,False
2023-11-01,16:27:14,28.65297803935579,77.0764848399307,Cybercrime,None,True
2023-09-23,09:05:00,28.761911753362877,77.1503461171114,Theft,None,False
2024-06-12,11:59:33,28.71821144967056,76.9500015059856,Cybercrime,None,True
2024-12-21,20:50:12,28.702762206274787,77.09389561531934,Fraud,None,False
2024-04-06,18:28:23,28.791043263811492,77.05822752389246,Fraud,None,False
2023-03-15,13:46:39,28.709098216359738,77.08258859851045,Theft,None,False
2023-08-12,11:09:44,28.667976980708563,77.11474909253745,Fraud,None,False
2024-12-11,07:39:52,28.71283574252603,77.02941868743913,Theft,None,False
2024-12-04,16:57:55,28.75655291742637,77.14007499163081,Theft,None,False
2023-11-20,23:56:31,28.63465091277315,77.06895797641604,Robbery,Knife,False
2024-02-02,21:15:28,28.633943367691202,77.06788211605492,Burglary,Knife,False
2023-11-26,10:17:10,28.69040536225344,77.12014825883793,Theft,None,False
2024-09-10,12:22:53,28.69635730077596,77.10026333428198,Theft,None,False
2023-07-11,08:09:47,28.757406132610907,77.146846500475,Robbery,Knife,False
2024-11-30,14:17:37,28.71844059610713,77.16003567245203,Theft,None,False
2024-12-12,12:03:06,28.793706132325035,77.04041497435975,Cybercrime,None,False
2023-09-26,21:38:07,28.642381895361975,77.06103368225956,Theft,None,False
2023-09-09,09:45:06,28.667591085580252,77.0719988906825,Theft,None,True
2023-12-04,01:12:55,28.694881763436797,77.10349988163766,Burglary,Rope,False
2024-12-12,16:26:16,28.780748568612218,77.03114665766078,Cybercrime,None,True
2023-06-02,01:20:16,28.58115048422919,77.06130767656141,Robbery,Firearm,False
2023-11-13,09:39:55,28.692215557731938,77.18829076300877,Cybercrime,None,False
2024-02-06,04:02:49,28.649188385918485,77.19466723492498,Assault,None,False
2024-09-03,03:23:41,28.813062952290917,77.06657146956937,Murder,Firearm,True
2023-11-29,01:04:48,28.77582635437832,77.01656007891829,Burglary,Blunt Object,True
2023-06-22,05:26:25,28.657074428373363,77.252354636067,Vandalism,None,False
2024-01-09,14:03:40,28.751382699601304,77.13380268338045,Theft,None,False
2023-09-12,00:09:32,28.783466967772185,77.03171411607087,Murder,Firearm,False
2023-12-15,21:08:24,28.823936856937348,77.10393364221758,Kidnapping,None,False
2023-08-06,12:07:04,28.66194176885597,77.20700561452313,Theft,None,False
2024-09-12,11:20:43,28.70530790232501,77.09499977318436,Cybercrime,None,False
2024-05-14,14:55:31,28.655649975605417,77.06443661764517,Cybercrime,None,False
2023-03-05,09:34:12,28.704129259666797,77.10427908391412,Fraud,None,False
2023-07-02,08:53:27,28.693393316285835,77.09722346223822,Fraud,None,False
2023-05-26,15:26:26,28.70445826018328,77.08303363049754,Cybercrime,None,True
2023-06-03,02:15:35,28.65682428382817,77.06467405852727,Burglary,Firearm,False
2023-04-17,16:40:19,28.682649039226362,77.18259395354576,Fraud,None,True
2023-01-25,02:26:39,28.68466288483746,77.18647527756573,Murder,Knife,False
2024-08-21,07:36:05,28.644234204853888,77.06236716911042,Murder,Firearm,True
2024-05-02,05:57:22,28.69455561373709,77.10756915720137,Robbery,Firearm,True
2024-12-03,08:39:11,28.643697952654637,77.0574800803982,Assault,Blunt Object,True
2023-06-11,21:02:38,28.814746177081208,76.97747839741052,Fraud,None,False
2023-08-18,00:54:22,28.779875041045674,77.04277718748781,Burglary,Knife,False
2023-02-13,02:01:34,28.735652294092027,77.09771410723474,Assault,None,False
2024-03-31,10:11:04,28.6766100354315,77.1842941417105,Theft,None,True
2024-07-27,11:48:07,28.68893337453714,77.09900738114652,Theft,None,False
2024-07-14,05:17:23,28.865752165451376,77.0365675865223,Theft,None,False
2024-12-10,18:52:47,28.640916989858958,77.05708379236691,Cybercrime,None,True
2023-06-21,15:20:32,28.695398477668185,77.04418771686758,Cybercrime,None,True
2023-09-22,15:08:40,28.752774150215807,77.12223134122904,Fraud,None,False
2023-05-21,09:51:27,28.791835476151068,77.02199058833813,Theft,None,True
2024-03-02,00:42:29,28.67006595171171,77.0799277368388,Burglary,Firearm,False
2023-12-17,06:26:24,28.788656469100886,77.02456778802794,Kidnapping,Blunt Object,False
2024-12-12,09:07:27,28.68325653804258,77.19436415590518,Theft,None,False
2024-12-14,22:03:49,28.744211276523647,77.14759127105107,Robbery,Firearm,False
2024-03-20,03:08:46,28.74878068491708,77.17882386204678,Robbery,Knife,False
2023-06-06,19:52:13,28.66110998947921,77.27026254421563,Murder,Firearm,True
2023-05-20,18:39:53,28.57743680048934,77.00353490338357,Fraud,None,False
2024-12-04,02:35:32,28.63543954681518,77.01793106885535,Assault,Blunt Object,False
2023-01-02,12:26:14,28.751421012658415,77.14541221797279,Theft,None,False
2024-03-10,01:12:41,28.695906584072656,77.11408471996474,Robbery,Knife,False
2023-07-26,02:42:14,28.76633793622513,77.16199296498375,Burglary,Rope,False
2024-08-14,13:23:12,28.679339989555842,77.1834274306578,Fraud,None,False
2023-07-15,04:29:09,28.69912969309334,77.09296842495246,Assault,Blunt Object,False
2023-09-01,13:35:00,28.787729957034326,77.02076369607454,Fraud,None,False
2023-01-19,03:05:07,28.664160790708245,77.19402913256205,Burglary,None,False
2024-03-26,00:06:02,28.723106490417223,77.10643295138168,Murder,Firearm,True
2024-05-12,03:44:30,28.685164571522947,77.18004151682557,Robbery,Firearm,False
2024-04-27,10:23:05,28.740723258139123,77.15862171618619,Theft,None,False
2024-08-15,13:34:48,28.709792893232702,77.10321668553881,Fraud,None,False
2024-10-25,10:41:32,28.64167624541895,77.07212210578581,Theft,None,True
2023-04-04,01:16:25,28.744242669665727,77.1447621942111,Murder,Knife,True
2023-02-22,03:51:51,28.664018934932393,77.18334972962636,Burglary,Rope,False
2023-01-13,13:33:08,28.63322106987891,77.05565757819485,Theft,None,False
2024-04-29,05:57:06,28.69704244437773,77.09989391667666,Assault,Blunt Object,False
2024-11-21,06:16:03,28.73922625553596,77.15337204992038,Cybercrime,None,False
2024-09-09,17:14:05,28.82883036506647,77.11604913723168,Theft,None,False
2024-10-17,08:22:35,28.799513211448012,77.04583998185878,Fraud,None,False
2023-11-13,09:15:45,28.68187735047248,77.18324685842637,Cybercrime,None,False
2024-11-10,22:24:38,28.674325003882455,77.19013799772364,Assault,None,False
2024-02-19,10:20:52,28.75018329390496,77.13367479248532,Theft,None,False
2024-11-27,13:20:23,28.75902004054103,77.14118931370065,Theft,None,False
2023-08-24,16:10:14,28.694478587718095,77.10250223947996,Fraud,None,False
2024-12-04,22:08:01,28.694587512244652,76.96129243936845,Burglary,Poison,True
2024-01-21,00:10:28,28.720649156413316,77.19911396608612,Assault,None,False
2024-04-13,10:57:56,28.59126584297342,77.22974833308488,Fraud,None,True
2024-06-17,10:51:35,28.548082917487005,77.3142324144371,Fraud,None,False
2023-10-09,09:56:05,28.749987395695165,77.15395616996827,Fraud,None,True
2023-12-12,18:19:30,28.625179664275144,77.0618786393353,Theft,None,False
2024-11-21,12:56:34,28.72694821777182,77.09388378959005,Theft,None,False
2024-09-24,21:01:41,28.698469189229478,77.09303435481473,Vandalism,None,False
2024-01-18,08:51:54,28.79540526619537,77.03280807134999,Kidnapping,Knife,False
2023-04-22,03:32:16,28.85817523765168,77.04985176452051,Murder,Firearm,True
2024-06-14,13:32:31,28.66062053066278,77.18405942445962,Cybercrime,None,True
2023-09-14,14:56:26,28.541802503799644,76.98115366398471,Fraud,None,False
2023-03-20,08:50:19,28.655074849713532,77.05078066070777,Kidnapping,Poison,False
2023-02-23,23:59:46,28.625909489846975,77.08118527188073,Burglary,Rope,False
2023-01-09,01:27:07,28.690161823521258,77.10434119398329,Assault,None,False
2024-09-22,18:02:05,28.78479085192724,77.00439371683383,Fraud,None,False
2023-10-31,19:54:10,28.78142682976832,77.03698413249481,Burglary,Poison,False
2024-07-15,03:42:46,28.739530938151887,77.19285206838036,Assault,None,True
2023-10-16,17:07:46,28.665350868509456,77.17375044420922,Cybercrime,None,False
2023-10-14,16:16:10,28.6972067093192,77.08839532583588,Theft,None,True
2023-09-11,16:35:25,28.69112271624319,77.08787889544806,Cybercrime,None,False
2023-09-16,17:16:25,28.80505859678912,76.95104264909415,Cybercrime,None,False
2023-03-22,16:40:32,28.676840388406493,77.17984075805929,Theft,None,False
2023-12-19,05:14:41,28.783073514265492,77.04613607295201,Burglary,Blunt Object,False
2024-03-14,22:33:41,28.660257263278474,77.16366015615498,Murder,Knife,False
2024-06-21,16:47:07,28.704475633513812,77.10097981094368,Cybercrime,None,False
2024-06-09,09:23:34,28.807099691243863,77.01808658254286,Cybercrime,None,False
2023-08-30,10:06:30,28.833013183543745,77.168140656549,Theft,None,False
2024-08-18,07:45:22,28.65614750053682,77.26543185174417,Fraud,None,True
2024-03-21,06:37:34,28.685618898876115,77.09728233342702,Cybercrime,None,False
2024-12-16,21:10:08,28.74201517795731,77.15662083464872,Assault,None,False
2023-04-24,05:34:39,28.74296935898813,77.15683063946742,Murder,Blunt Object,False
2024-05-05,21:59:33,28.685456358417845,77.0545646057344,Assault,None,False
2024-01-04,14:54:45,28.757986472460335,77.14981378376062,Fraud,None,False
2024-12-19,08:44:16,28.63321365156941,77.09051372989634,Theft,None,False
2023-12-10,22:19:45,28.66922832816971,77.16032390919848,Robbery,Firearm,False
2023-04-15,13:47:25,28.619890131027862,76.97577233116273,Theft,None,False
2023-09-05,09:01:55,28.792361456160403,77.03571652659593,Theft,None,False
2023-06-30,23:41:11,28.743971280179036,77.06549775341628,Assault,Knife,True
2023-10-19,10:51:32,28.64130649752943,77.05879068896392,Theft,None,False
2023-04-18,04:44:07,28.753288068158646,77.16085333435365,Burglary,Knife,True
2024-07-24,17:46:38,28.647460754125056,77.06750112829621,Fraud,None,True
2024-03-02,02:49:27,28.754055890824922,77.19094424373819,Robbery,Blunt Object,False
2023-12-06,18:41:58,28.706981500415402,77.1060884807268,Theft,None,False
2024-12-26,10:47:36,28.79598806241193,77.02584954081998,Theft,None,True
2024-11-27,19:00:52,28.695542574200484,77.09064078400814,Burglary,Firearm,False
2024-11-09,19:03:11,28.645929145636206,77.04396267758781,Vandalism,None,False
2023-11-20,22:20:06,28.758721540960597,77.151408069055,Robbery,Knife,False
2023-06-10,19:23:30,28.71544639699821,77.09578082689535,Murder,Knife,True
2023-09-06,02:53:06,28.752066817145828,77.16372203333293,Burglary,Rope,False
2024-07-07,20:13:28,28.842413564677816,77.03448476342483,Cybercrime,None,True
2023-06-21,07:37:53,28.722278123258718,77.13194189776841,Burglary,None,False
2024-01-26,19:02:24,28.741465340562115,77.07624243406845,Fraud,None,False
2024-05-07,19:50:52,28.686913833981237,77.16360296516379,Fraud,None,False
2024-12-20,12:18:12,28.69988869765199,77.10697930732773,Theft,None,False
2023-01-30,08:51:16,28.678672248119494,77.19602759030616,Burglary,None,False
2023-10-03,15:56:01,28.656082253932013,77.05964458374693,Cybercrime,None,True
2023-08-22,08:04:40,28.717098712435305,77.09535958256224,Murder,Knife,False
2024-10-13,13:24:31,28.797188738279186,77.28355224784211,Theft,None,False
2023-06-27,07:01:20,28.825594410685497,77.11307703835242,Burglary,Blunt Object,False
2023-02-27,09:16:22,28.75078221228228,77.1372140870374,Theft,None,False
2024-04-26,07:56:56,28.70720539637914,77.0913478277203,Theft,None,False
2023-08-14,23:09:25,28.624786533638606,76.98342541992633,Burglary,Knife,False
2023-01-24,11:21:57,28.669496076673433,77.18222030585514,Fraud,None,False
2023-12-06,12:27:30,28.64683614581166,77.05649493364587,Theft,None,False
2024-08-15,16:22:45,28.654792837063955,77.0604179474201,Cybercrime,None,False
2023-04-17,03:47:11,28.776222775667343,77.03476292267244,Burglary,Poison,True
2024-03-07,23:12:55,28.72373552833544,77.10585160566536,Assault,None,False
2023-12-18,13:50:22,28.670471443726264,77.16722538643882,Fraud,None,False
2023-10-13,18:44:48,28.682158767902795,77.12599281250881,Fraud,None,False
2024-03-17,18:11:05,28.665341910874442,76.93596153617591,Fraud,None,False
2024-09-30,02:34:07,28.635594346104966,77.07704538460888,Murder,Firearm,False
2024-12-07,15:56:10,28.688440010037304,77.17363360830795,Theft,None,False
2023-09-02,22:23:24,28.77137567871994,76.98464272152299,Robbery,Firearm,False
2024-03-07,09:59:50,28.844531628199494,77.12702358478943,Theft,None,False
2024-08-31,11:45:40,28.713596414986167,77.08534906652818,Theft,None,True
2023-08-19,08:55:04,28.76087637101925,77.15242325936316,Vandalism,None,True
2024-05-31,18:09:38,28.65261929070791,77.07164867798097,Theft,None,False
2023-09-11,12:57:22,28.64475784689475,77.05649170360904,Theft,None,True
2023-03-19,01:23:25,28.711896961821797,77.10189845500595,Burglary,None,True
2023-07-31,16:38:24,28.635372150464725,77.05329847768542,Theft,None,False
2023-01-22,04:42:27,28.659328355836877,77.17739708840438,Burglary,Blunt Object,False
2023-03-14,11:36:21,28.685126920460743,77.18427829799705,Cybercrime,None,False
2024-01-12,16:50:44,28.69880232294077,77.11054855938181,Fraud,None,False
2023-12-15,20:41:34,28.665775233782764,77.18345350274333,Kidnapping,Poison,False
2023-01-27,12:28:25,28.68613696272745,77.18041306255884,Theft,None,False
2023-05-18,20:30:12,28.658327716290803,77.17399802254185,Robbery,Knife,False
2023-03-18,20:21:29,28.767717543409052,77.02990403278191,Assault,Blunt Object,False
2024-11-09,13:21:39,28.656214275036326,77.05744552790347,Theft,None,True
2024-11-15,19:16:54,28.653031606180434,77.18967244241841,Vandalism,None,False
2023-03-18,14:21:29,28.81095495584553,77.09364289327313,Fraud,None,True
2024-09-16,22:54:24,28.77257148540499,76.99480454591222,Assault,None,False
2023-11-24,05:25:21,28.79787974333925,77.05398706293938,Theft,None,False
2024-04-29,22:57:43,28.64931215791189,77.04165668378657,Robbery,Knife,False
2024-06-09,19:54:46,28.748517697376023,77.15862825321669,Burglary,Firearm,True
2024-11-30,08:48:35,28.779885170028336,77.04522198554251,Burglary,Rope,True
2023-10-19,10:24:11,28.762915726443588,77.03185244992342,Theft,None,False
2023-08-28,10:32:33,28.67442264810771,77.17356166779362,Fraud,None,True
2023-06-30,03:13:26,28.752274151215875,77.14695406759567,Assault,Knife,False
2024-11-06,05:59:56,28.821576180023303,77.3141012056831,Kidnapping,Blunt Object,False
2024-12-25,00:58:47,28.739788116667643,77.13326783713791,Robbery,Blunt Object,False
2023-06-07,11:49:47,28.64164827578149,77.04731584301172,Theft,None,True
2023-03-31,04:08:42,28.70456211603671,77.10998936113806,Robbery,Firearm,False
2024-12-28,13:21:28,28.71904141897267,77.10451394558716,Theft,None,False
2024-03-18,06:24:15,28.702168447751504,77.08271615083427,Cybercrime,None,False
2023-07-10,17:58:13,28.754361851491858,77.1532128726055,Theft,None,False
2023-06-04,00:56:37,28.760489568142127,77.14541511898472,Assault,Blunt Object,False
2023-02-10,03:21:33,28.639749473997643,77.04771997744696,Robbery,Blunt Object,True
2024-09-08,01:50:50,28.68118707193116,77.09141502909203,Burglary,Rope,True
2023-11-06,13:07:26,28.65839674185747,77.1858671229542,Theft,None,True
2023-04-21,20:57:40,28.652286594333315,77.04867628699253,Theft,None,False
2023-07-16,11:41:05,28.63425586953825,77.03017434567488,Theft,None,False
2023-08-28,15:41:37,28.659183107487475,77.05249729477224,Cybercrime,None,False
2024-12-29,02:31:10,28.7799757993015,77.01795107834712,Murder,Firearm,False
2023-04-05,22:30:52,28.713819303434406,77.10393428937039,Robbery,Knife,False
2023-01-31,04:04:41,28.77583634714734,77.02857770388657,Robbery,Firearm,False
2023-10-06,09:35:37,28.66088179922125,77.0617703056812,Fraud,None,False
2023-03-20,09:19:27,28.67228266462384,77.17308618513862,Cybercrime,None,False
2023-12-20,02:06:46,28.51464188495277,77.08649613264207,Assault,None,False
2023-06-07,13:02:17,28.736648511232463,77.21245844643278,Fraud,None,False
2024-01-22,07:36:29,28.731615034655004,77.14124903672977,Robbery,Firearm,False
2023-03-20,03:22:46,28.698292589094436,77.10246519151427,Burglary,Rope,True
2023-02-01,06:50:36,28.672649663084716,77.18128311314314,Fraud,None,False
2024-04-17,00:49:36,28.6781809605857,77.17346706889221,Robbery,Knife,False
2024-02-11,14:27:43,28.713441414422338,77.106834524417,Fraud,None,False
2023-05-21,09:01:22,28.67211677358719,77.2625907991889,Theft,None,False
2023-04-21,11:35:17,28.68966416035572,77.19182895355195,Fraud,None,True
2024-08-16,18:02:23,28.402244322943222,77.2603945092718,Cybercrime,None,True
2024-07-26,15:19:22,28.76204758522472,77.17256408637714,Theft,None,False
2023-02-01,14:47:24,28.65647464591734,77.07828342677497,Theft,None,False
2024-12-11,19:09:21,28.712886548501803,77.11598693198646,Vandalism,None,False
2023-09-07,17:02:37,28.664041237407346,77.06466554738378,Theft,None,True
2024-05-19,06:47:25,28.54687694559219,77.07175390999849,Burglary,Poison,False
2024-12-10,05:08:50,28.743094559938346,77.10998875843717,Kidnapping,Poison,False
2023-12-31,11:31:06,28.57944380338406,76.9393932374805,Cybercrime,None,True
2024-08-12,15:19:19,28.746688373313653,77.16057739555984,Fraud,None,False
2024-06-15,06:00:39,28.862133977082298,77.19415676137777,Assault,None,False
2023-07-20,14:25:54,28.684674272871142,77.18169184426837,Cybercrime,None,False
2024-06-28,00:37:07,28.626679175422943,77.05794779419118,Robbery,Knife,False
2024-06-15,11:19:49,28.781512355881276,77.02752947513166,Theft,None,False
2024-12-29,09:40:32,28.674646948653745,77.18691419759894,Theft,None,False
2023-05-14,01:24:18,28.762630151882437,77.14971880135634,Burglary,None,False
2024-08-11,16:06:08,28.625062405943556,77.05767122280709,Theft,None,True
2024-06-09,10:59:31,28.784537103969917,77.04472807922134,Theft,None,True
2023-09-17,02:53:36,28.778421921578158,77.037625436284,Robbery,Firearm,True
2024-12-29,07:47:52,28.733108789963545,77.10689005331234,Fraud,None,True
2024-01-26,04:18:20,28.713405333193247,77.09589158803249,Robbery,Firearm,True
2024-01-20,02:46:18,28.64658135503565,77.10130991769059,Robbery,Knife,False
2023-01-23,12:07:06,28.64008534949063,77.15330122910547,Theft,None,False
2023-09-22,06:23:16,28.776968076956337,77.03476304207746,Fraud,None,False
2023-08-26,18:11:53,28.78309827231213,77.03464925964778,Theft,None,False
2023-07-23,10:33:39,28.658125860493698,77.06859117054732,Cybercrime,None,False
2023-10-15,12:18:17,28.78506009267997,77.03452074506163,Cybercrime,None,False
2023-01-30,00:19:22,28.674057980846086,77.19955362356514,Robbery,Firearm,True
2024-10-20,05:00:44,28.664192630812586,77.18185796205047,Burglary,Blunt Object,False
2024-06-19,13:42:16,28.546737097788302,77.13970814786674,Fraud,None,False
2024-12-04,04:34:36,28.59257534636232,77.07466897441235,Burglary,Rope,False
2023-08-01,14:13:13,28.666893567466868,77.13058911266012,Fraud,None,False
2024-08-17,11:49:37,28.74857209082455,77.14654694302307,Cybercrime,None,False
2023-07-18,09:25:00,28.71845856464086,77.10534566790476,Theft,None,True
2023-02-03,19:47:30,28.778489491479775,77.0299916632819,Robbery,Firearm,False
2023-09-23,00:42:04,28.868635495227075,77.0789835121749,Robbery,Blunt Object,False
2024-04-30,16:52:18,28.63720723376848,77.05565003849874,Theft,None,False
2024-08-07,12:02:28,28.668608735190105,77.17655502277574,Fraud,None,False
2023-05-08,11:06:01,28.576135215165078,76.9900799903053,Cybercrime,None,False
2024-02-01,15:34:25,28.695806796256388,77.10841571018453,Fraud,None,False
2024-12-14,17:19:47,28.75028762712727,77.15042838310906,Cybercrime,None,False
2023-05-14,17:16:53,28.831108802525492,77.23200071499384,Theft,None,True
2023-04-25,15:06:22,28.675887505686227,77.03941364893167,Cybercrime,None,True
2023-07-29,09:51:47,28.665455696863265,77.18942775769709,Theft,None,False
2024-08-22,06:42:13,28.782052927664775,77.02863505109678,Assault,None,True
2024-12-29,07:44:59,28.622733542486245,77.02553335909887,Vandalism,None,False
2024-03-08,10:08:23,28.736105819149326,76.97095617341128,Cybercrime,None,False
2024-12-04,01:40:53,28.803586869378794,77.04911553561851,Robbery,Knife,False
2023-05-09,22:40:52,28.75260364055748,77.1391302204186,Robbery,Knife,False
2023-09-03,01:29:27,28.753976340617577,77.14921679057309,Assault,Knife,False
2024-12-16,10:30:03,28.753599194011436,77.16721708898362,Theft,None,False
2023-06-03,19:43:37,28.7858769804579,77.02455340815855,Assault,Blunt Object,False
2024-04-28,13:04:41,28.696986800894535,77.10845131185914,Cybercrime,None,False
2023-05-08,07:34:38,28.717086932909936,77.10531918020752,Theft,None,False
2024-01-23,09:58:23,28.790987127445547,77.03859737723339,Fraud,None,False
2023-12-16,18:50:49,28.768290644133575,77.13300409827275,Fraud,None,True
2024-04-24,01:21:57,28.770821893930453,77.20087360439037,Burglary,Poison,False
2024-05-14,21:00:09,28.740712762938646,77.14364331815995,Robbery,Firearm,False
2024-02-15,09:23:09,28.77559217251372,77.02521209803623,Theft,None,True
2024-08-19,18:22:50,28.65592829490645,77.1267602813055,Theft,None,False
2023-06-26,10:59:40,28.79275674651167,77.0433131695777,Cybercrime,None,False
2024-07-13,23:43:17,28.69572176938832,77.09405297001298,Assault,Knife,False
2023-10-27,20:22:23,28.68725821840016,77.18896743935419,Cybercrime,None,False
2024-07-27,20:24:27,28.67492864841869,77.18723336675555,Robbery,Knife,False
2023-04-08,05:42:35,28.783801962181485,77.03774584683049,Robbery,Knife,True
2023-06-19,14:47:18,28.640739333034944,77.06518804934439,Theft,None,True
2024-02-26,00:42:39,28.658994539496305,77.17562215705175,Robbery,Knife,False
2024-08-07,23:32:29,28.6373298882321,77.05875609966793,Murder,Knife,False
2023-05-17,03:56:50,28.694834867452204,77.09716456374177,Assault,None,True
2023-01-10,21:37:01,28.658955859376018,77.18798700476395,Theft,None,False
2024-05-14,18:56:21,28.643274864810888,77.04544792392224,Fraud,None,False
2024-12-22,15:49:29,28.620617008945334,77.13616014275622,Fraud,None,False
2024-12-24,01:16:43,28.668669780536142,77.17553058539862,Burglary,Poison,False
2024-08-31,05:37:37,28.78335407322992,77.03593597535179,Fraud,None,False
2024-07-07,16:01:45,28.560464754296085,77.1575128481218,Cybercrime,None,False
2023-03-02,17:17:09,28.776097067183926,77.03232072031751,Fraud,None,False
2024-02-09,11:31:45,28.70055798593085,77.04979338817603,Theft,None,False
2024-11-24,10:03:19,28.77386340253869,77.02964313451909,Theft,None,False
2024-08-23,09:52:59,28.690353303090752,77.16888324969537,Theft,None,False
2023-07-18,11:11:22,28.77102313019105,77.14990278828924,Theft,None,False
2023-03-04,06:46:06,28.707637141708865,76.99382891886154,Fraud,None,False
2023-03-01,07:53:24,28.636387305833228,77.05747090349962,Burglary,Rope,False
2023-12-20,06:15:22,28.77364305029122,77.0304108204263,Kidnapping,Blunt Object,False
2023-02-03,16:48:02,28.700029841081932,77.12100781142436,Fraud,None,False
2023-02-10,13:52:31,28.587502581431956,77.11276905167486,Theft,None,True
2023-05-31,23:34:02,28.786578462819016,77.02179679451349,Robbery,Knife,False
2023-12-17,20:18:55,28.65096827495453,77.05851672987119,Assault,None,True
2023-08-03,14:32:35,28.75917610348417,77.03909849612106,Fraud,None,False
2023-07-18,04:57:06,28.632930591158978,77.05202225053861,Burglary,Knife,False
2023-05-13,05:26:28,28.77289020828924,77.06778385175816,Vandalism,None,False
2024-06-16,08:24:21,28.653277721505518,77.07460166095365,Cybercrime,None,False
2023-08-13,18:06:21,28.63960715396777,77.1818262495955,Fraud,None,False
2023-08-01,03:42:50,28.69654539198607,77.12483115917132,Robbery,Blunt Object,False
2024-12-16,01:56:13,28.63480429954688,77.20510874409601,Robbery,Knife,False
2023-09-15,01:14:20,28.652537900258817,77.0656608782211,Robbery,Knife,False
2023-07-21,04:30:25,28.637394568385833,77.06098602508058,Burglary,Poison,False
2024-02-13,23:06:20,28.762564118870554,77.03474420038384,Assault,None,False
2024-10-02,00:27:36,28.707596153310284,77.10383499419062,Robbery,Firearm,True
2024-12-04,04:08:19,28.754366938287074,77.01984363554911,Burglary,Blunt Object,False
2023-10-30,13:27:14,28.666619090171512,77.1854165893319,Cybercrime,None,False
2023-04-09,13:23:08,28.64699338905643,77.06079776208028,Theft,None,False
2024-03-21,10:32:07,28.65045245536604,77.05223757624697,Theft,None,False
2024-10-06,16:23:42,28.7651235005694,77.14997421048399,Theft,None,False
2024-09-23,07:26:02,28.787875547328376,77.03067959568915,Murder,Knife,False
2023-08-07,23:08:37,28.722407438248315,77.10743195688491,Assault,None,False
2024-04-24,18:51:19,28.694416641367464,77.10498305475737,Cybercrime,None,False
2023-01-24,08:39:58,28.79162483377074,77.02661891401077,Burglary,None,False
2024-11-21,15:18:49,28.81302722469311,77.1407033705716,Cybercrime,None,False
2024-11-28,01:05:12,28.469852166233466,77.1324671977338,Robbery,Firearm,False
2024-02-19,23:13:30,28.700039708455872,77.10787179814542,Burglary,None,False
2023-11-01,17:59:37,28.65354214840252,77.06445162047142,Theft,None,True
2024-08-04,21:00:29,28.87062522339447,77.08462931154365,Vandalism,None,False
2024-08-20,13:02:52,28.71034817823054,77.11054942573638,Fraud,None,True
2023-01-01,08:24:52,28.694365403110726,77.18037743079779,Vandalism,None,False
2024-04-25,13:52:35,28.63815327012838,77.05827431580978,Theft,None,True
2024-02-15,08:48:41,28.690975113096638,77.1049140911637,Cybercrime,None,False
2023-08-22,21:43:13,28.677352516758543,77.1942926315858,Murder,Knife,False
2024-07-30,12:39:55,28.712011400043558,77.09965204443353,Theft,None,False
2024-11-09,23:46:19,28.662318203126656,77.1868285040252,Robbery,Firearm,True
2023-02-02,01:57:02,28.655207531724148,77.07005184973804,Robbery,Blunt Object,True
2023-07-28,13:50:29,28.68494477524857,77.18038110468802,Fraud,None,False
2023-12-26,14:13:06,28.639433810318245,77.05513098647768,Fraud,None,False
2023-06-24,07:26:44,28.643541035333865,77.06171409204032,Murder,Blunt Object,False
2024-09-04,02:22:40,28.646166776285394,77.06120702542964,Burglary,Blunt Object,True
2024-08-17,04:30:32,28.690737227027324,77.02483059470279,Robbery,Firearm,False
2024-03-28,07:34:06,28.763516190135515,77.15326518062244,Burglary,Blunt Object,False
2024-07-25,20:47:24,28.672355560657145,77.17502570746751,Assault,Blunt Object,False
2023-04-04,17:38:03,28.77078086889609,77.0455796419255,Cybercrime,None,True
2024-09-23,00:50:42,28.75956387081318,76.94010821574301,Burglary,Blunt Object,True
2023-10-27,23:55:05,28.780414230070967,77.19474811702332,Burglary,Rope,True
2024-05-17,08:59:24,28.785343761223007,77.04848110895753,Murder,Knife,False
2023-08-07,08:30:45,28.67626719642123,77.1683317647205,Vandalism,None,False
2023-02-28,11:51:14,28.740616900104833,77.12698973017127,Theft,None,True
2024-03-23,12:33:09,28.66806703151222,77.18823558836878,Cybercrime,None,True
2024-07-09,11:01:47,28.657423347338092,77.19240566827443,Fraud,None,False
2024-07-06,18:17:38,28.695318782963945,77.09265053874884,Theft,None,False
2023-12-30,01:34:48,28.782961752276925,77.03682972928046,Burglary,Blunt Object,False
2023-02-11,14:23:02,28.705739240635936,77.09507340834229,Theft,None,False
2023-02-16,18:37:23,28.639039107088085,77.05116957652622,Cybercrime,None,False
2024-10-17,06:01:19,28.701853200983702,77.11325021214512,Murder,Blunt Object,False
2023-08-26,13:02:46,28.703673706235612,77.18844142547596,Theft,None,False
2023-04-25,06:47:46,28.658654013377262,77.05661981480964,Robbery,Knife,False
2024-05-31,16:27:07,28.642234267469448,77.08421192861063,Theft,None,True
2024-03-05,22:38:33,28.798543434119797,77.01577595474188,Robbery,Knife,False
2023-08-06,17:21:53,28.75797148316061,77.1525055999234,Theft,None,False
2024-08-19,04:27:39,28.682364531108586,77.17505021232516,Burglary,None,False
2023-04-29,12:18:26,28.635703916279596,77.05573929284706,Theft,None,False
2024-11-27,14:44:52,28.64690714538016,77.1840324166809,Fraud,None,False
2024-12-28,18:18:11,28.66228798826851,77.17627386100041,Fraud,None,True
2023-02-13,11:01:15,28.736209876094986,77.16257117823413,Theft,None,False
2023-05-15,19:47:58,28.79681030099431,77.02922926569137,Fraud,None,False
2024-06-11,11:25:29,28.641120506351868,77.06703221902283,Theft,None,True
2023-01-27,06:05:34,28.851548200737827,77.1433610747564,Kidnapping,Blunt Object,False
2023-01-12,03:51:24,28.63434580575249,76.94061774280136,Murder,Blunt Object,True
2023-12-29,16:57:19,28.772948737373365,77.03323219450314,Theft,None,True
2024-07-26,01:59:42,28.63856724767992,77.12199677059908,Robbery,Blunt Object,True
2024-08-04,21:03:31,28.698570759837637,77.09191853568706,Robbery,Firearm,False
2023-02-07,12:58:13,28.772329683685467,77.04812354509374,Theft,None,True
2023-08-16,20:59:08,28.712989877491836,77.11980517951828,Fraud,None,False
2024-11-07,17:55:47,28.67949950900755,77.17820008591386,Theft,None,True
2024-09-16,05:22:26,28.797333409224898,77.0321693199864,Assault,Blunt Object,False
2024-09-06,15:23:06,28.756308417702904,77.15207175620925,Theft,None,False
2023-03-18,07:05:21,28.61463095780716,77.07854735012295,Murder,Knife,False
2023-02-13,20:28:52,28.753200394595776,77.13548230608686,Murder,Firearm,True
2023-08-07,17:24:12,28.697922393772945,77.11884278203861,Cybercrime,None,True
2024-04-27,18:03:35,28.644372106415375,77.16415793523073,Theft,None,False
2023-09-19,19:41:37,28.661029016556007,77.18436068432472,Theft,None,False
2024-12-08,06:36:05,28.75971573470571,77.15051330866177,Fraud,None,False
2024-10-27,08:21:27,28.7411867792471,77.00336656077658,Theft,None,False
2023-03-17,15:37:52,28.774441732291038,77.03486717121028,Theft,None,True
2024-07-21,15:42:53,28.760885496546212,77.13375134344498,Theft,None,True
2024-11-14,04:47:50,28.75932020635111,77.14706798499624,Assault,Blunt Object,False
2024-09-21,22:09:43,28.684819391269258,76.96854820764351,Murder,Firearm,False
2024-06-04,18:02:02,28.695583827598135,77.11216125325531,Fraud,None,False
2023-08-15,04:11:16,28.644428633739803,77.05867221598291,Assault,Knife,False
2024-11-04,18:22:57,28.70293511647369,77.10739211824665,Fraud,None,True
2024-08-19,14:05:12,28.748149449616335,77.09499729996033,Fraud,None,False
2023-02-19,10:29:35,28.813395911089668,77.19954626369068,Theft,None,False
2023-05-25,01:46:56,28.758233720291305,77.1530461178291,Assault,Blunt Object,True
2023-10-08,03:45:29,28.680673210951195,77.18564267421802,Murder,Blunt Object,True
2023-02-13,19:42:05,28.684708000718057,77.19149561376739,Robbery,Knife,False
2023-09-20,01:23:19,28.602274609858227,76.99390368292583,Assault,Blunt Object,False
2023-11-30,09:35:52,28.69708750455596,77.11226138690067,Theft,None,False
2023-01-12,21:30:14,28.658336910032286,77.18644757389109,Kidnapping,Poison,True
2024-12-09,16:37:44,28.64772543091093,77.07412648058686,Theft,None,False
2023-08-14,22:30:33,28.705903386906638,77.08906790609417,Burglary,Firearm,True
2024-09-14,09:58:57,28.63450645039352,77.05068004478102,Theft,None,False
2023-10-25,22:35:03,28.74872056033667,77.15067098432577,Robbery,Blunt Object,False
2023-07-03,11:30:44,28.587555847377896,77.24956619906524,Cybercrime,None,False
2024-09-11,03:06:56,28.660847186280474,77.19596103423864,Assault,Knife,False
2023-10-20,18:02:09,28.685951630314392,77.1914830254969,Theft,None,False
2024-11-19,13:39:54,28.77716233392503,77.03592450879178,Cybercrime,None,False
2023-05-18,14:06:19,28.741326288664496,77.16160907035034,Theft,None,False
2023-03-28,04:24:14,28.696701521846375,77.06156797854133,Assault,None,False
2023-11-12,21:43:39,28.631862551533438,77.03772493881371,Vandalism,None,False
2024-07-15,21:38:41,28.663714591429642,77.19362798195614,Fraud,None,False
2024-02-10,13:27:21,28.750071665715254,77.15080671142886,Theft,None,False
2024-12-01,10:45:12,28.769655435828845,77.28306688781163,Theft,None,True
2024-05-24,04:48:39,28.836600465494563,77.00526649961839,Robbery,Knife,False
2023-07-03,07:23:37,28.764674294285626,77.05609614259102,Kidnapping,Knife,False
2024-02-04,01:13:56,28.930999161165946,77.12134535964293,Robbery,Firearm,False
2024-04-08,06:32:40,28.741395117544183,77.16213226533894,Robbery,Firearm,True
2023-01-09,22:47:22,28.643020163139877,77.06137018876893,Robbery,Knife,False
2023-07-12,04:20:01,28.763044588431054,77.15584374746874,Burglary,Firearm,False
2024-09-30,08:22:18,28.69224185088985,77.09925258064919,Murder,Knife,False
2023-01-07,22:00:37,28.760711529286613,77.15760252222405,Robbery,Firearm,False
2023-08-20,03:58:07,28.73030165743585,77.19584229544759,Assault,None,True
2024-07-05,17:40:32,28.75048283012183,77.1542866977522,Fraud,None,False
2024-11-28,23:07:33,28.610344208998225,77.05800349806157,Burglary,Blunt Object,False
2023-02-16,05:24:35,28.791739029085754,77.02859605532885,Robbery,Blunt Object,False
2023-05-31,08:18:15,28.65747726082829,76.99835470482252,Robbery,Firearm,True
2023-02-13,20:38:19,28.764133658927292,77.1579846327354,Fraud,None,False
2023-06-16,14:52:09,28.78664145978231,76.92987860380421,Theft,None,False
2024-03-21,07:54:08,28.702495499567345,77.09969888992251,Kidnapping,Firearm,False
2023-12-22,04:38:31,28.781294282934013,77.02633972456283,Burglary,Rope,False
2023-05-28,07:06:54,28.7006389572822,77.11099644782708,Cybercrime,None,False
2023-07-10,04:40:11,28.76497148646652,77.05027294768031,Burglary,Knife,False
2024-06-23,20:17:00,28.678938411250265,77.1820766810434,Burglary,Poison,True
2023-09-15,12:14:53,28.65316834146373,77.04798165254832,Theft,None,False
2023-06-12,00:15:32,28.66745299094849,77.1812892456761,Murder,Knife,False
2024-12-26,01:36:41,28.68775560370432,77.18203503418874,Burglary,Poison,False
2024-04-02,02:52:38,28.708600546711853,77.09660421004064,Assault,None,False
2024-12-01,07:49:59,28.758968420689676,77.16927239592975,Fraud,None,False
2024-01-16,04:57:40,28.764055266916742,77.15168544012222,Robbery,Firearm,True
2024-12-29,02:59:34,28.790854908472653,77.03827516954608,Robbery,Blunt Object,False
2023-01-16,14:06:55,28.759165876716974,77.16361953360861,Theft,None,False
2024-09-03,13:54:23,28.715144777038375,77.10122841403125,Cybercrime,None,False
2023-11-16,09:52:29,28.768287906147776,77.06419050788402,Cybercrime,None,False
2024-05-05,03:31:12,28.694869276036844,77.09980506244297,Assault,Blunt Object,False
2023-10-11,21:08:24,28.643337218482607,77.04588419010823,Cybercrime,None,False
2024-04-23,01:02:14,28.712703325594166,77.07482674577398,Robbery,Knife,False
2023-11-06,08:14:19,28.975581693948634,77.25268791337963,Murder,Firearm,False
2024-12-18,12:57:34,28.701489912758277,77.10259426360564,Cybercrime,None,False
2024-06-20,18:26:39,28.707129718735874,77.09660839612012,Theft,None,False
2024-12-28,04:45:48,28.756026191475872,77.15106000022298,Robbery,Knife,False
2023-08-11,16:36:53,28.78315727282769,77.03431461063482,Theft,None,False
2023-10-23,21:14:23,28.66096472201646,77.18289569724134,Theft,None,False
2023-06-21,06:46:47,28.645734477466178,77.06378849621356,Assault,Knife,False
2024-03-25,00:30:06,28.75194169244564,77.1638785777597,Robbery,Firearm,True
2024-06-21,07:56:58,28.668734744511845,77.12523259068233,Fraud,None,False
2024-05-23,09:18:53,28.687072975339255,77.1817062385998,Theft,None,True
2024-02-25,12:51:41,28.676244632674674,77.18153615363686,Theft,None,True
2024-01-22,05:04:11,28.686473697935636,77.17992275438414,Burglary,Poison,False
2024-12-04,23:29:03,28.656933545772883,77.06146412105353,Burglary,None,False
2024-05-30,15:07:19,28.618154027655198,77.17043731705742,Cybercrime,None,False
2024-03-26,04:51:59,28.78105332166244,77.038705008991,Burglary,Rope,False
2023-01-12,10:53:58,28.616805956150763,77.06255205261895,Fraud,None,False
2024-08-06,06:02:51,28.669503947012423,77.17186741313469,Theft,None,False
2023-02-03,09:56:44,28.668567589981603,77.17676296855707,Fraud,None,False
2023-09-16,23:47:26,28.643620142051496,77.04882673538715,Murder,Firearm,False
2024-08-15,20:28:37,28.787262737802596,77.04616214785207,Robbery,Firearm,False
2024-03-19,12:47:49,28.732192849694783,77.1833988609229,Theft,None,False
2024-02-03,08:33:27,28.76504562454614,77.16486489512185,Cybercrime,None,True
2023-11-11,20:21:23,28.772801386928215,77.14750798001724,Assault,Blunt Object,False
2023-04-08,03:01:40,28.69691516014839,77.11033465648326,Burglary,Rope,False
2024-07-19,22:46:15,28.791182662196572,77.04025675299617,Assault,Blunt Object,False
2023-09-10,18:11:28,28.7229928245425,77.102613699088,Fraud,None,False
2023-08-02,14:55:54,28.746715655964618,77.00446117485166,Theft,None,False
2023-07-01,17:47:56,28.69545321123976,77.17913455078791,Theft,None,False
2024-05-14,13:19:46,28.67101784071839,77.17903250108992,Fraud,None,False
2024-03-11,02:37:04,28.639610414135568,77.02955629511524,Robbery,Knife,True
2023-03-16,21:17:34,28.698862957171105,77.0888420407195,Kidnapping,Knife,True
2024-10-30,19:49:18,28.625568207973675,77.29739631114477,Murder,Firearm,False
2023-07-16,07:17:57,28.777665514364138,77.19509041767277,Theft,None,False
2023-04-28,13:13:41,28.821820878741693,77.28591345643625,Cybercrime,None,True
2023-08-18,22:12:06,28.736385774485562,77.14020116884714,Robbery,Firearm,True
2023-07-23,15:01:33,28.636062763391056,77.0578027020351,Cybercrime,None,False
2023-09-25,21:18:00,28.75109430609415,77.14803022447194,Theft,None,True
2024-02-08,03:32:26,28.70629308913132,77.10285295390746,Assault,None,False
2024-12-21,22:02:57,28.631816520482175,76.88494512230125,Robbery,Blunt Object,True
2023-08-18,19:18:29,28.664171312946213,77.17700761346688,Theft,None,False
2024-01-26,16:48:47,28.701629205631924,77.0912033254069,Fraud,None,False
2024-08-21,14:21:35,28.749191935335038,77.14119012611515,Theft,None,False
2024-04-14,06:35:50,28.691518064845166,76.99519086716374,Fraud,None,False
2023-02-28,13:14:48,28.6356109534363,77.04941315869011,Fraud,None,False
2023-06-12,09:43:10,28.6725649930443,77.17383552230048,Cybercrime,None,False
2024-01-06,16:09:46,28.793167842666755,77.03655850266694,Fraud,None,False
2024-05-15,16:59:58,28.697114813181635,77.02275145026563,Theft,None,True
2024-11-25,22:31:18,28.78790520305316,77.0394070088935,Robbery,Blunt Object,False
2024-02-28,00:10:03,28.645526884122017,77.07853701855467,Assault,Blunt Object,False
2024-12-05,19:30:59,28.70869637318075,77.11163607217568,Vandalism,None,False
2023-02-05,19:04:08,28.7174565415536,77.1700664453257,Kidnapping,Rope,False
2024-05-27,13:46:51,28.77613218767331,77.02791601636788,Cybercrime,None,False
2024-08-28,10:40:49,28.739036355348237,77.13670994815574,Cybercrime,None,False
2024-02-25,09:58:08,28.754861182294324,77.21253928922788,Theft,None,False
2023-07-25,05:28:30,28.659850288281845,77.1727554745239,Cybercrime,None,False
2024-11-04,15:26:53,28.727057264107426,77.03006363681966,Cybercrime,None,False
2023-12-09,18:52:07,28.81787768241289,77.03765719619172,Theft,None,False
2024-08-20,23:02:50,28.7833166915107,77.02734530726917,Robbery,Knife,True
2023-10-09,16:08:31,28.63929837716807,77.06280140661315,Cybercrime,None,False
2023-09-17,00:51:22,28.645219819326215,77.05793300855306,Assault,None,False
2024-07-26,09:56:08,28.7513684775348,77.16594284575235,Fraud,None,False
2024-10-19,22:42:35,28.657945049626512,77.06502033979935,Robbery,Blunt Object,False
2023-10-14,20:10:09,28.77068740272763,77.0378850315664,Theft,None,False
2023-08-24,19:22:22,28.799642824416107,77.04619781101964,Assault,None,False
2024-08-17,06:51:45,28.777542585280965,77.24474229552858,Burglary,Rope,True
2024-01-24,11:01:47,28.70463384272479,77.10878102969835,Cybercrime,None,True
2023-01-30,17:17:02,28.777292244336746,77.03542265456157,Theft,None,False
2023-03-31,12:48:24,28.797395342439703,77.02660576588515,Theft,None,False
2023-01-31,11:26:26,28.775485565705356,77.03347488939025,Theft,None,False
2023-08-24,19:24:16,28.70183337796276,77.10899147721071,Cybercrime,None,False
2024-02-09,17:00:47,28.77956740474053,77.04968439615604,Theft,None,False
2024-03-18,01:21:34,28.661203239020388,77.1950373478622,Robbery,Blunt Object,False
2023-07-21,20:46:00,28.62761507716919,76.92290172654161,Cybercrime,None,False
2023-05-31,01:57:16,28.706478751563488,77.09995392013987,Assault,Blunt Object,False
2023-03-13,01:56:35,28.593139063209698,76.93436231082848,Assault,None,False
2024-06-30,04:00:40,28.674016392127285,77.19225836891624,Burglary,Poison,False
2024-06-14,09:33:09,28.789949534930862,77.0330670664884,Fraud,None,False
2023-07-27,18:52:23,28.678888475732176,77.18222785867623,Theft,None,False
2023-01-23,15:33:02,28.561127575696965,76.96041060147766,Theft,None,False
2024-04-02,23:51:31,28.782068314710152,77.03089346713635,Robbery,Knife,False
2023-12-16,00:50:05,28.65260982678507,77.07007304223775,Murder,Blunt Object,False
2024-04-23,01:03:20,28.65015133015759,77.05969717286924,Assault,Knife,False
2023-03-03,17:30:30,28.660293478298897,77.18662071137067,Theft,None,True
2024-09-06,06:38:18,28.756616931326217,76.86364685375224,Assault,Knife,False
2023-08-12,20:45:09,28.620666181341733,77.03339456226061,Robbery,Firearm,False
2024-09-04,23:28:10,28.785283502011232,77.02446639567236,Burglary,Firearm,True
2023-09-12,18:08:23,28.643718654311755,77.06039465059646,Theft,None,False
2023-01-12,17:48:50,28.702508505284623,77.095336057063,Fraud,None,True
2024-10-18,13:13:47,28.66771014945933,77.17169732940219,Theft,None,True
2023-10-01,01:29:11,28.742106744057384,77.15961026285915,Burglary,Blunt Object,False
2024-11-28,23:30:05,28.627038204987468,77.25456400960171,Robbery,Knife,False
2023-01-11,08:18:04,28.64095398552558,77.07780185623797,Murder,Knife,False
2023-12-03,10:22:02,28.667678728261684,77.162234222234,Fraud,None,True
2023-09-26,22:34:49,28.744319782491235,77.1273545105119,Robbery,Firearm,True
2023-05-01,16:26:43,28.644443937953078,77.05607767521556,Fraud,None,False
2024-02-04,09:19:57,28.700642777451417,77.05137405421306,Theft,None,True
2023-11-30,22:43:31,28.701076504336683,77.11091632255766,Burglary,Firearm,False
2023-02-12,20:03:17,28.722521722953008,77.16349513873321,Vandalism,None,False
2024-08-24,07:51:00,28.68091314933742,77.06829826541953,Theft,None,False
2024-10-02,01:13:33,28.588751746911136,77.06549633874319,Burglary,Firearm,False
2023-06-08,15:24:46,28.750888854444106,77.02659778033696,Fraud,None,True
2023-06-12,07:31:35,28.78328125822809,77.03813673654271,Theft,None,False
2024-11-05,22:39:45,28.70141322122475,77.10597673542246,Burglary,Knife,False
2023-06-19,08:57:08,28.682302113386097,77.10193163147794,Kidnapping,Blunt Object,False
2023-09-08,01:04:07,28.737304972070866,77.14041696484341,Burglary,Rope,True
2023-10-09,02:11:20,28.685383445213613,77.23012639878736,Assault,Blunt Object,False
2023-01-27,04:16:37,28.741220676347005,77.10432309971372,Robbery,Blunt Object,False
2023-12-01,00:09:33,28.70390469610533,77.09536371106796,Robbery,Firearm,True
2023-05-24,01:25:09,28.698660165866272,77.10677376045471,Assault,Blunt Object,False
2023-05-10,02:01:10,28.56556394815555,77.1618054050283,Robbery,Blunt Object,True
2023-12-21,10:49:30,28.750214929328813,77.1607555707487,Fraud,None,False
2024-01-03,16:08:45,28.713710934572322,77.08576915987494,Fraud,None,False
2024-08-23,19:07:49,28.63828419236773,77.0539447231206,Burglary,Firearm,False
2023-08-31,19:09:38,28.765972720349268,77.02217466723792,Robbery,Firearm,True
2023-05-29,06:50:14,28.698512558452652,77.18859509896213,Vandalism,None,False
2023-05-15,21:22:03,28.803272879686055,77.0407909844002,Kidnapping,None,False
2024-01-09,23:32:20,28.776681568389915,77.02868228803327,Burglary,Blunt Object,True
2024-08-28,01:29:36,28.7899843618024,77.03687506203474,Robbery,Blunt Object,True
2023-12-03,11:02:38,28.698326579842917,77.08740006829422,Theft,None,False
2023-01-16,10:42:37,28.816977611873885,77.03108850327658,Fraud,None,False
2024-12-31,11:50:42,28.750842611068176,77.15363334463906,Fraud,None,False
2024-02-21,10:34:33,28.78167271410689,77.03372728907706,Theft,None,False
2024-09-01,13:08:51,28.686969472861165,77.18125451520314,Theft,None,False
2024-01-13,12:06:39,28.632472895606725,77.06088356205521,Fraud,None,True
2024-06-03,04:52:57,28.65765982185901,77.24488989372469,Burglary,Blunt Object,False
2023-11-04,16:16:32,28.821211906473756,77.11325250004309,Fraud,None,False
2023-10-06,13:32:52,28.661312641451808,77.1702410773656,Fraud,None,False
2023-05-10,07:53:39,28.754251232615847,77.15586322969321,Vandalism,None,False
2024-08-23,09:02:27,28.780353771806737,77.02769830415794,Theft,None,False
2024-05-20,02:15:42,28.748172007668213,77.15226606039757,Assault,Knife,False
2024-07-14,11:18:23,28.760272376479268,77.02148673371232,Fraud,None,False
2023-04-19,15:53:16,28.777829491545525,77.04457503194953,Theft,None,False
2024-03-07,23:59:35,28.775961863580708,77.03430468141832,Assault,None,False
2023-12-18,01:05:15,28.646365427509313,77.0754791650566,Murder,Knife,False
2023-01-22,13:40:31,28.71672577406964,77.10192497031206,Theft,None,False
2023-06-06,17:52:12,28.656551525881056,77.03611668971743,Theft,None,False
2023-03-06,10:18:16,28.641689367775342,77.05815966645676,Cybercrime,None,True
2023-10-10,03:45:29,28.649636274093584,77.06670309817486,Burglary,Rope,True
2024-01-09,12:14:51,28.79001801191145,77.04509283711438,Fraud,None,False
2023-12-11,13:14:08,28.722728691214,77.10374663393408,Cybercrime,None,False
2024-03-10,20:19:30,28.814046377139565,77.06733398161658,Assault,None,False
2024-02-29,18:31:52,28.68595006983583,77.19311509157177,Theft,None,False
2023-11-05,21:08:11,28.8049415969943,77.11190698411916,Robbery,Firearm,False
2023-02-22,10:41:36,28.637264183600912,76.96304715621346,Theft,None,False
2024-11-27,17:10:06,28.783699627924786,77.04783012542251,Fraud,None,False
2024-04-12,21:13:44,28.70100155098636,77.1103512658546,Assault,None,False
2024-09-22,08:49:54,28.788495140051893,77.07413137790729,Robbery,Knife,False
2024-06-14,18:25:46,28.717263448375196,77.0734133925552,Fraud,None,True
2023-02-04,13:25:07,28.58182497212618,77.01093677036415,Theft,None,False
2023-04-21,13:27:01,28.745902849771326,77.15586262951186,Cybercrime,None,False
2023-10-19,01:45:55,28.677000378030538,77.18643990572176,Robbery,Knife,False
2024-08-07,15:46:50,28.763708149413247,77.00748954308544,Theft,None,True
2024-11-12,08:35:59,28.741918239331927,77.15646319682008,Vandalism,None,False
2024-07-27,19:22:49,28.747797679263538,77.13679524954632,Assault,Blunt Object,False
2024-04-05,18:55:22,28.801234428454148,77.24201019065023,Theft,None,False
2024-03-18,14:42:56,28.859816088969865,77.12120077214747,Theft,None,False
2023-05-19,00:17:15,28.76669320959729,77.2394868223362,Burglary,Firearm,True
2024-02-19,15:50:11,28.637685842099767,77.07360677684053,Theft,None,False
2023-11-11,10:00:20,28.676853962341433,77.19163711652342,Cybercrime,None,False
2023-07-18,06:03:37,28.70596093020876,77.11546256709748,Cybercrime,None,False
2024-08-31,23:42:34,28.676335237625416,77.16766020940533,Robbery,Firearm,False
2023-10-07,22:11:13,28.798619266323147,77.0230246925903,Burglary,Firearm,False
2023-11-10,09:21:57,28.76663058210244,77.1515975711856,Theft,None,False
2024-08-05,22:26:59,28.82170109851977,77.21597686148668,Assault,None,False
2024-02-18,11:19:17,28.678401429743154,77.18758535317627,Fraud,None,False
2023-06-06,22:48:50,28.758326286171926,77.13236175243719,Robbery,Knife,True
2024-08-01,13:39:16,28.71593302188982,76.99089358239281,Theft,None,False
2023-03-07,04:25:56,28.705811871437458,77.09107057453618,Burglary,Poison,False
2024-08-13,05:18:42,28.58560480587739,77.2629934501754,Assault,Blunt Object,False
2024-05-17,05:00:05,28.71479447388124,77.10245857415056,Burglary,None,False
2024-05-12,20:18:57,28.645947686502492,77.06002083974256,Murder,Firearm,False
2023-07-28,18:44:20,28.759798763759797,77.14573945633451,Theft,None,False
2024-06-17,11:53:51,28.803474026286796,77.07719131589859,Theft,None,False
2023-12-04,11:56:13,28.779901530041688,77.03271713018486,Fraud,None,False
2024-11-09,14:32:29,28.668188531700743,77.18578682349496,Fraud,None,False
2024-04-16,18:17:32,28.65036374106866,77.1493523602819,Theft,None,True
2023-12-12,02:26:35,28.796260065389113,77.02530678313192,Assault,None,False
2024-10-29,15:27:00,28.67279424542705,77.18711330713036,Theft,None,False
2023-09-28,07:49:18,28.66051426450186,77.14893205608267,Fraud,None,False
2024-01-12,14:58:01,28.75965398860652,77.16333261776295,Theft,None,False
2023-09-17,06:27:54,28.77804009953915,77.02307224759771,Theft,None,True
2024-12-02,18:34:20,28.751024226104363,77.14282247660454,Theft,None,False
2024-01-13,04:59:54,28.759744982040477,77.14088248699824,Robbery,Firearm,True
2023-12-22,23:56:06,28.72743016418253,77.11545927861575,Robbery,Firearm,False
2023-08-18,11:31:37,28.644225757696006,77.07117394492998,Cybercrime,None,False
2024-10-02,09:34:46,28.737731981356895,77.177733733314,Cybercrime,None,False
2024-12-27,20:29:08,28.645078538779952,77.09045025861008,Vandalism,None,False
2024-02-25,07:27:25,28.518506671281155,77.1511287304741,Burglary,Blunt Object,True
2023-05-12,07:32:39,28.59346558429229,77.11266557615662,Assault,Blunt Object,True
2024-09-22,02:49:07,28.698657255670756,77.09172256065071,Assault,None,True
2024-09-09,02:58:05,28.636056384982375,77.06475788034085,Burglary,Firearm,False
2024-11-01,10:45:28,28.575950902713117,77.02761883289764,Fraud,None,False
2023-01-22,12:09:05,28.710732733812645,77.12852479874874,Cybercrime,None,False
2023-12-26,22:26:35,28.648875888195533,77.05332738357822,Burglary,None,True
2023-08-09,11:31:28,28.667388582992768,77.10565890061527,Cybercrime,None,False
2024-10-04,17:37:16,28.750605750493644,77.16153058166738,Theft,None,False
2024-03-14,02:47:47,28.756274734830143,77.1615785238491,Robbery,Knife,False
2024-08-24,16:35:39,28.700955562097025,77.11575500219722,Theft,None,False
2023-04-23,10:17:09,28.687451441571845,77.00538101308621,Cybercrime,None,False
2023-06-08,01:35:31,28.921832038104224,76.92000222530389,Robbery,Firearm,False
2023-03-31,06:32:22,28.63671261274695,77.0562297214817,Fraud,None,False
2023-02-14,06:23:27,28.699183062730565,77.20056858884146,Assault,None,True
2023-12-31,12:22:12,28.85349281436422,77.06943413376237,Fraud,None,False
2023-09-14,16:31:05,28.946717800384178,77.13933520038411,Theft,None,False
2023-05-23,01:58:16,28.68387263370303,77.18429695381107,Burglary,Blunt Object,False
2023-05-28,16:33:17,28.699153342867675,77.07732213260736,Fraud,None,True
2024-12-02,15:53:49,28.782003600065806,77.0385849164868,Fraud,None,True
2023-11-23,16:50:02,28.757771997987756,77.15218528629796,Cybercrime,None,True
2023-03-27,19:01:31,28.855052399269887,76.80582469312593,Robbery,Blunt Object,False
2024-09-05,07:22:36,28.75508872479212,77.1742738706659,Burglary,Knife,False
2023-07-12,20:54:41,28.818796286825517,77.09601285589467,Assault,Blunt Object,False
2023-10-07,19:17:12,28.78617920067384,77.04235948383317,Murder,Knife,False
2024-03-04,12:02:44,28.85321664042802,77.07244640148213,Theft,None,True
2024-08-18,10:48:22,28.730797578312757,77.27035739643489,Theft,None,True
2023-08-21,01:10:03,28.491697292412116,77.03349874001854,Robbery,Firearm,False
2023-12-09,22:52:03,28.71875835978603,77.11342537833609,Murder,Firearm,True
2023-02-05,11:05:22,28.64932445210927,77.05801403126891,Theft,None,True
2024-07-11,18:21:55,28.775281815010146,77.02658784380759,Theft,None,False
2023-08-15,06:55:51,28.719580082208186,77.09621557310845,Murder,Firearm,False
2023-08-18,15:10:10,28.714242296423965,77.02712923551383,Theft,None,False
2024-12-26,13:24:34,28.68252774030099,77.17711273719654,Fraud,None,False
2023-01-03,21:01:52,28.753124061098458,77.13566617866958,Vandalism,None,False
2023-08-27,16:24:52,28.76796631763795,77.03257673193323,Cybercrime,None,True
2023-04-09,16:50:10,28.630848428448026,77.08355086639334,Theft,None,False
2023-07-08,12:24:56,28.733484768878878,77.14449824701336,Fraud,None,False
2023-08-06,22:50:58,28.644267008672678,77.05884867062204,Assault,Blunt Object,True
2024-01-19,13:51:36,28.69305854543336,77.09292072160505,Fraud,None,False
2024-01-19,01:20:24,28.664193459225007,77.1796327830518,Robbery,Firearm,False
2024-07-30,08:42:03,28.899292908951743,77.11029372965582,Theft,None,True
2024-12-03,12:38:23,28.822390048938754,77.15319763458282,Fraud,None,True
2024-09-13,19:57:33,28.815486239798222,76.82250356974065,Assault,None,True
2024-01-20,10:28:06,28.64105541978852,77.07557135423151,Fraud,None,True
2023-11-04,01:34:17,28.778382641772506,77.05012473164871,Robbery,Knife,False
2023-12-30,05:26:01,28.852489015376776,77.05558692838726,Kidnapping,Poison,False
2024-01-13,17:00:21,28.653783648095366,77.00113941576456,Theft,None,False
2024-01-27,13:25:22,28.64114057681362,76.97924109358311,Theft,None,False
2024-04-25,19:35:14,28.75838811180433,77.13793953506654,Kidnapping,Blunt Object,False
2024-04-05,04:01:44,28.650137330161904,77.068780786969,Burglary,Knife,False
2024-10-08,23:56:39,28.627487955948162,77.07799818606328,Robbery,Knife,True
2024-06-08,00:43:37,28.67923609294415,77.18999698021446,Assault,None,False
2024-08-24,23:38:32,28.746513347984575,77.15872379118474,Robbery,Firearm,True
2023-03-10,23:47:59,28.816739344972206,77.09263916009954,Burglary,None,False
2024-05-26,14:47:23,28.904292245924836,77.1069064634913,Fraud,None,True
2024-04-17,16:55:40,28.715507858004525,77.1054300880726,Cybercrime,None,False
2023-03-28,10:06:16,28.762652153285686,76.93536677323652,Fraud,None,False
2024-06-02,04:42:46,28.677810537382154,77.17515024898744,Assault,None,False
2024-02-15,11:08:16,28.695636016942224,77.11994103184466,Theft,None,False
2024-08-31,13:10:50,28.781962297519375,77.02246698169026,Theft,None,True
2023-06-21,05:26:08,28.66818683718911,76.97245497710782,Theft,None,False
2023-05-04,07:27:04,28.84748844681963,77.03293192558336,Kidnapping,Blunt Object,False
2024-08-05,16:43:55,28.75702999339437,77.23811067142104,Fraud,None,False
2024-05-22,12:59:42,28.749098473187853,77.15782022432273,Theft,None,False
2024-06-21,15:08:54,28.601091394509556,77.34707695691138,Fraud,None,False
2024-07-18,04:45:33,28.763463801346166,77.1505739356124,Assault,None,False
2023-10-16,18:10:21,28.66637166269111,77.18136003447161,Theft,None,False
2024-09-29,12:07:39,28.700700162776485,77.12202944554001,Fraud,None,False
2024-01-17,14:04:36,28.631844652777854,77.0638480142329,Fraud,None,False
2023-07-01,12:46:02,28.70226619333663,77.09075896996552,Theft,None,True
2024-09-18,07:17:13,28.693238334506166,77.09089291898796,Theft,None,False
2024-03-12,23:19:00,28.79140660663321,77.16339844464925,Burglary,Knife,False
2023-04-25,21:01:11,28.74599116113728,76.79910106378549,Robbery,Knife,False
2024-11-25,01:22:04,28.647097948741635,77.0459436063983,Robbery,Firearm,False
2023-11-25,23:21:08,28.76056320163136,77.16724497367571,Robbery,Firearm,False
2023-12-04,12:04:08,28.634837608874115,77.05988219277657,Theft,None,False
2024-11-22,10:04:36,28.69810644294947,77.11485431775758,Fraud,None,False
2023-05-07,04:08:27,28.70505027885272,77.11978329380567,Robbery,Firearm,False
2023-05-06,16:27:32,28.788237542029474,77.03492450180637,Theft,None,False
2023-05-21,21:04:51,28.710920678260283,77.18429920992574,Assault,None,False
2023-01-09,08:53:40,28.766723138017547,77.03335343955521,Murder,Knife,False
2023-11-20,11:51:24,28.75339953556272,77.15975418827158,Cybercrime,None,False
2024-07-30,02:52:18,28.685329839412596,76.99862655658374,Burglary,Knife,True
2024-11-16,10:58:07,28.70483506749197,76.99421594711318,Theft,None,False
2024-05-29,02:47:05,28.624847377874126,77.06977122481486,Robbery,Firearm,False
2023-05-25,16:43:38,28.70989061572695,77.10717090943994,Theft,None,False
2024-01-25,21:32:12,28.657129284219458,77.05584968109696,Kidnapping,Blunt Object,False
2023-07-10,22:16:31,28.560988585722875,77.09549702231921,Robbery,Firearm,True
2024-04-16,00:10:24,28.67062499700294,77.17407704283231,Assault,Blunt Object,False
2023-10-06,08:17:42,28.703301508465124,77.09638394853796,Murder,Firearm,True
2023-01-17,10:55:00,28.735739947166433,77.14808823309207,Theft,None,False
2024-08-30,17:15:20,28.590462483329613,77.1256648071611,Theft,None,False
2023-06-03,04:10:38,28.697539652417593,77.11361631474142,Murder,Firearm,True
2024-03-01,22:15:23,28.720138660672678,77.10929381373012,Assault,Blunt Object,True
2024-10-04,21:20:37,28.628589738180168,77.0775519599888,Assault,None,False
2024-05-29,23:05:20,28.799857204503738,77.0326879051131,Robbery,Firearm,False
2023-11-03,16:40:38,28.65732926160336,77.05698324861953,Theft,None,True
2023-10-21,05:52:31,28.655437540651505,77.17489715561379,Fraud,None,False
2023-11-28,10:20:02,28.801393008660447,77.0175892007639,Theft,None,False
2023-05-07,08:23:34,28.644095212819316,77.0628414389334,Kidnapping,Rope,False
2024-09-29,06:10:32,28.652802575603218,77.05814784001629,Burglary,Rope,False
2024-05-16,03:02:06,28.754822491342363,77.14687837658066,Assault,None,False
2024-01-28,02:15:34,28.65987941502832,77.18465031942944,Murder,Blunt Object,False
2023-09-23,17:11:43,28.811436658244496,77.18945725186535,Fraud,None,True
2024-08-07,19:07:56,28.636002645326105,77.04998772084622,Robbery,Firearm,False
2023-12-12,04:51:33,28.641258121178453,77.07817791509795,Robbery,Knife,True
2023-01-01,06:12:22,28.768659807895954,77.17289646767944,Burglary,Firearm,True
2023-03-10,13:56:36,28.682998569517853,77.18670766562519,Fraud,None,False
2024-06-25,12:13:30,28.755306085476136,77.15912306896648,Theft,None,False
2024-03-21,14:16:28,28.638638338957822,77.04835536988634,Theft,None,True
2024-09-03,02:27:06,28.791329969346243,77.0448773810575,Robbery,Knife,False
2024-10-24,22:18:17,28.662917680606437,77.19071921482417,Robbery,Firearm,False
2023-03-02,11:59:08,28.720907657133882,77.10247753798244,Theft,None,False
2023-03-29,21:17:43,28.635919978152586,77.06373018673527,Robbery,Knife,True
2024-08-07,21:13:21,28.638594660317995,77.05633269890043,Murder,Knife,False
2023-03-28,07:52:43,28.758431840672717,77.1364627052497,Vandalism,None,False
2024-08-14,21:09:23,28.65966071077508,77.18269290880374,Assault,Blunt Object,False
2024-02-27,11:42:12,28.701869146108756,77.136855457704,Theft,None,True
2024-12-28,01:06:41,28.89162253884834,77.11295140360758,Robbery,Firearm,True
2024-06-02,23:32:31,28.710081721503347,77.09274467064385,Robbery,Firearm,False
2023-11-01,19:47:51,28.711779376635167,77.0972360913489,Robbery,Knife,False
2023-05-08,09:00:13,28.70481420832581,77.10141151374931,Fraud,None,False
2023-12-01,22:05:17,28.807397423491402,76.97150234456251,Murder,Blunt Object,False
2024-12-11,23:16:29,28.475776136538496,77.08115673029121,Burglary,Firearm,False
2023-04-27,20:22:47,28.75095312569051,77.11772693758076,Theft,None,True
2024-06-13,11:27:21,28.766422042374142,77.1568737267418,Cybercrime,None,False
2024-06-30,06:13:10,28.6684615166814,77.15924579845861,Assault,None,False
2023-01-13,04:33:54,28.68036877658048,77.20529590022579,Robbery,Knife,False
2024-05-03,02:58:25,28.670179522173328,77.18278320263678,Burglary,Knife,True
2023-11-17,08:59:21,28.746236025430672,77.00097076257502,Murder,Firearm,False
2024-04-03,17:15:39,28.76033235896639,77.16887121790002,Theft,None,False
2024-09-25,07:12:19,28.68681866481066,76.98959355781678,Vandalism,None,False
2024-12-26,14:23:11,28.67343398972978,77.16025615891391,Cybercrime,None,False
2024-12-18,18:10:32,28.707469032639768,77.1070227437765,Theft,None,False
2024-10-27,12:18:27,28.690856362938455,77.18056005207434,Theft,None,False
2023-02-23,00:44:42,28.744948533814647,77.01637118976141,Robbery,Firearm,True
2024-01-15,02:39:33,28.668457287947493,76.94998145633379,Robbery,Knife,False
2023-05-29,10:19:39,28.684621037871675,77.07196908464815,Fraud,None,False
2024-03-18,12:36:37,28.64709199766089,77.05626403119668,Theft,None,True
2024-08-29,07:33:00,28.704933453509753,77.09916619944393,Burglary,Blunt Object,False
2024-12-27,08:31:02,28.67095006117005,77.1105362325963,Vandalism,None,False
2024-07-22,23:56:28,28.64450522942317,77.07011174039052,Robbery,Knife,False
2024-10-25,06:58:47,28.692035696587016,77.0675114650877,Burglary,Blunt Object,False
2023-02-10,09:58:59,28.67229192554913,77.1753533588316,Theft,None,False
2024-10-28,08:24:35,28.670500889064332,77.20281158713074,Robbery,Knife,False
2023-03-24,15:31:26,28.74497321239304,77.14971343666122,Fraud,None,False
2023-11-23,09:04:55,28.640225113367304,77.06002828387756,Theft,None,False
2023-12-21,00:14:56,28.67097606911216,77.13042401012211,Assault,Knife,True
2023-01-07,20:20:15,28.76699824898608,77.04287171472534,Vandalism,None,False
2024-09-16,22:16:50,28.71042582799642,77.09007128413937,Assault,None,False
2024-03-02,15:05:42,28.681409227270475,77.0927292785386,Theft,None,True
2023-11-30,21:04:24,28.75167333538573,77.17830291898692,Kidnapping,None,False
2023-10-12,06:14:14,28.78953256964974,77.0144241035082,Burglary,Firearm,False
2023-07-13,01:15:31,28.63720344495099,77.06196787563727,Assault,Blunt Object,False
2024-02-28,07:34:45,28.70663683554298,77.0893525113969,Kidnapping,None,True
2024-05-24,11:14:11,28.67275009772023,77.1753236086239,Theft,None,False
2024-03-15,08:21:05,28.59372414373977,77.1284595646699,Fraud,None,False
2023-01-11,12:12:12,28.781487717344284,77.18660412769617,Fraud,None,False
2024-05-23,05:10:59,28.64984386351134,77.0575263046686,Burglary,Knife,False
2024-05-29,16:58:15,28.681245497614633,77.18559054438104,Cybercrime,None,True
2023-07-23,06:16:48,28.717494188295202,77.04133068782983,Assault,Blunt Object,True
2024-03-27,02:17:54,28.749131238726587,77.15323886936125,Assault,Knife,False
2024-11-21,16:08:00,28.808498744669855,77.03551242480093,Fraud,None,False
2023-05-03,02:34:14,28.642981149774972,77.01926105550307,Murder,Knife,False
2024-03-09,08:53:23,28.65492333873438,77.3202293447549,Cybercrime,None,False
2024-09-12,07:29:40,28.78010743354054,77.04156870534612,Assault,Knife,True
2024-07-01,18:20:43,28.666507175452864,77.12861845412797,Theft,None,False
2023-12-09,21:10:13,28.682017452740087,77.1767809715019,Murder,Knife,True
2023-04-08,18:32:52,28.697688883458472,77.11908869694456,Cybercrime,None,False
2023-11-01,19:55:14,28.80255928948958,77.18156723186908,Kidnapping,Rope,True
2023-05-13,02:27:56,28.76197276293123,77.15709575488312,Burglary,Firearm,True
2023-01-25,19:48:19,28.905877581317508,77.10689083018772,Robbery,Knife,False
2023-03-06,15:27:34,28.679872623672008,77.16799087071406,Fraud,None,False
2023-07-08,02:20:18,28.63585039313409,77.05049181000165,Robbery,Knife,False
2023-01-12,07:37:55,28.831506358351614,76.84724598479794,Burglary,None,False
2024-11-11,18:02:36,28.78007689977247,77.00256293397341,Theft,None,False
2023-04-17,01:34:46,28.635787121045183,77.05759051050268,Burglary,None,True
2023-10-29,14:23:06,28.842587109379405,77.14216279392215,Theft,None,True
2023-07-24,04:26:25,28.74576858476671,77.16315963719732,Robbery,Firearm,False
2023-02-18,17:11:52,28.6442783225453,77.06287566858707,Fraud,None,False
2024-11-26,08:26:51,28.63207328492228,77.05259986286097,Kidnapping,Blunt Object,False
2024-05-15,13:45:15,28.745849027000546,77.15296461273155,Fraud,None,True
2024-09-06,20:21:48,28.71188857269807,77.25690926635241,Vandalism,None,False
2024-04-09,17:52:50,28.742605516793784,76.8317434306328,Theft,None,False
2023-03-07,07:55:39,28.730364198787168,76.95749836438326,Vandalism,None,False
2023-05-12,07:45:29,28.744440290753886,77.14437830528274,Vandalism,None,True
2023-08-17,22:22:53,28.697466616764878,77.0887485060796,Burglary,Rope,False
2024-05-02,08:11:08,28.706134820034524,77.0883919771491,Theft,None,False
2023-09-16,11:37:03,28.7076666760725,77.12486971077062,Theft,None,False
2023-03-28,23:29:27,28.571164094106592,77.07404896956608,Assault,None,False
2024-07-22,01:06:53,28.678865426374877,77.09949064707031,Burglary,Poison,False
2024-11-24,01:27:29,28.76837171526315,77.17456392313574,Robbery,Knife,True
2023-11-23,18:34:06,28.67487363730284,77.19139263424759,Theft,None,False
2023-04-19,19:38:11,28.95870545359428,77.27373046874376,Kidnapping,Knife,False
2023-02-03,13:10:08,28.651847907059036,76.95738960135333,Cybercrime,None,False
2024-08-20,06:39:06,28.640038485834264,77.05303017234382,Cybercrime,None,True
2023-09-15,01:07:55,28.788613475478645,77.02068806460572,Murder,Firearm,False
2024-04-12,00:18:25,28.696817756740966,77.18630140545363,Robbery,Firearm,False
2023-03-18,12:55:45,28.694030412718284,77.00786861772522,Theft,None,False
2024-01-03,23:37:30,28.795848140575856,77.01371019055247,Robbery,Firearm,False
2023-10-17,01:18:40,28.780822049441223,77.0320833997662,Burglary,Poison,False
2024-06-22,19:35:22,28.704259086583995,77.10430496056078,Burglary,Rope,False
2023-04-19,01:08:20,28.76514398198095,77.09895925609547,Assault,None,False
2023-10-11,00:47:19,28.750419417178563,77.1484241065534,Assault,Blunt Object,False
2023-03-11,04:32:37,28.642948419796166,77.18125433243269,Assault,None,True
2024-11-15,17:54:18,28.777634715205235,77.04096771109009,Fraud,None,True
2023-10-14,03:27:02,28.705999908225987,77.05037451931439,Murder,Firearm,False
2024-05-10,02:58:44,28.68028407215744,77.17522546075277,Burglary,Firearm,False
2023-05-10,10:38:38,28.680481840407282,77.18462726121193,Theft,None,False
2024-07-30,19:58:27,28.77813675310908,77.03778634815336,Fraud,None,False
2023-05-01,18:16:48,28.759565897256888,77.1640751960581,Theft,None,True
2023-12-01,16:51:58,28.653761470124095,77.06741274020726,Fraud,None,False
2023-01-30,16:52:42,28.632824090487915,77.08698586988174,Theft,None,False
2024-11-06,15:24:22,28.56373837889282,77.19742631742824,Fraud,None,False
2024-09-07,02:10:43,28.788412838168863,77.0207585762752,Assault,Blunt Object,True
2024-06-09,03:40:51,28.642856990611218,77.06171247113755,Assault,None,False
2023-06-14,10:19:35,28.717155827158106,77.0953668909972,Theft,None,False
2023-05-05,03:49:59,28.677905499357564,76.86889303949788,Murder,Knife,True
2023-10-23,08:55:20,28.691447627931236,77.1717953175698,Burglary,Knife,True
2024-01-01,13:47:50,28.736791086423917,77.09235921702782,Cybercrime,None,True
2023-06-20,16:53:00,28.753119990332166,77.16059861984871,Theft,None,True
2024-05-01,02:04:13,28.871226246030364,77.1276493669942,Robbery,Firearm,False
2023-12-29,13:53:02,28.650650780176306,77.06578891536726,Cybercrime,None,False
2023-08-04,13:49:59,28.794275314239304,77.02787083620515,Theft,None,True
2024-11-18,05:38:14,28.811639055441642,77.21354998656474,Assault,None,False
2023-04-27,21:32:57,28.76492537008683,77.14589852132664,Theft,None,False
2024-05-15,03:43:49,28.75241662365763,77.15489466988781,Robbery,Knife,False
2024-01-05,04:40:55,28.740391579551712,77.16844920208086,Robbery,Blunt Object,False
2024-03-24,23:48:39,28.673977234664978,77.18533927887606,Murder,Firearm,False
2024-07-27,09:40:01,28.64639955602728,76.9698122440633,Fraud,None,False
2023-05-03,04:30:12,28.643697011452524,77.12442041876336,Assault,None,False
2024-08-07,22:14:59,28.710834288127536,77.10411791540604,Robbery,Knife,False
2023-03-29,19:26:24,28.738772401624196,77.06879736253187,Murder,Blunt Object,False
2023-11-21,19:29:24,28.679062485662453,77.19732832866386,Burglary,Blunt Object,False
2024-10-01,13:25:32,28.7745789442439,77.1834541888253,Theft,None,True
2024-08-17,23:55:02,28.707040163993067,77.08746844930401,Robbery,Firearm,False
2024-07-22,13:29:14,28.773653334693687,77.03704875800665,Fraud,None,False
2024-11-16,22:53:09,28.6439906094804,77.06689842886473,Robbery,Knife,True
2023-11-20,01:39:33,28.69086423417844,77.18976035999229,Assault,Blunt Object,True
2023-08-05,13:07:59,28.686688862057427,77.18344681389472,Theft,None,False
2024-01-02,06:35:02,28.623378432251556,77.09671338407857,Murder,Knife,False
2023-09-17,10:23:11,28.666052481862806,77.19808294956773,Fraud,None,False
2024-08-24,08:55:49,28.792003910765352,77.0377051249663,Theft,None,False
2023-02-19,15:49:44,28.76645943202228,77.13229943585478,Theft,None,False
2024-03-20,04:35:02,28.709981379513426,77.08939354215697,Murder,Knife,False
2023-08-01,18:05:21,28.703374430153435,77.07132924075329,Theft,None,False
2024-07-29,12:48:09,28.770273661209696,77.1253187288961,Cybercrime,None,False
2023-01-22,21:13:10,28.687551171736118,77.17648102839068,Robbery,Firearm,True
2023-09-18,00:53:12,28.77501143896333,77.11872232168989,Burglary,Firearm,False
2023-12-29,07:12:47,28.540570972992846,77.0106383541477,Fraud,None,True
2023-03-03,20:52:50,28.672601219664777,77.19362292449892,Assault,None,False
2024-07-31,05:13:05,28.67873723057557,77.1708249917612,Fraud,None,False
2024-12-24,17:21:51,28.75269683771953,77.17267806448794,Theft,None,True
2023-08-11,04:47:41,28.75521223334841,77.14922674424928,Robbery,Knife,False
2024-12-10,21:16:50,28.75327396407562,77.1788393079582,Murder,Firearm,False
2023-06-08,16:44:43,28.658483165251994,77.15275747743715,Fraud,None,False
2024-03-13,03:18:22,28.640811105033293,77.0696932760183,Assault,None,False
2023-12-11,11:09:06,28.78579693157971,77.03731967827053,Fraud,None,False
2023-12-29,16:37:03,28.62818164538325,77.02037136159272,Fraud,None,True
2023-04-22,17:57:00,28.653554973046596,77.06170603618615,Fraud,None,False
2024-03-25,03:52:35,28.646950347420994,77.05943604572913,Burglary,Knife,False
2023-10-14,00:51:42,28.793972677401364,77.04171900199704,Robbery,Knife,False
2024-05-02,14:06:25,28.642743987600994,77.07035992812703,Theft,None,False
2023-10-05,01:06:24,28.821396769916426,77.05012407089734,Assault,None,True
2023-12-11,13:20:48,28.69369683981956,77.18563241693694,Theft,None,False
2024-05-31,02:53:34,28.633670717381914,77.0661905204859,Murder,Blunt Object,False
2024-12-25,04:46:44,28.640270007855168,77.06684068487183,Burglary,Poison,False
2024-11-26,23:10:18,28.783671437523395,77.03324273690191,Robbery,Firearm,False
2024-05-17,17:31:53,28.664984066234137,77.19240061230717,Fraud,None,False
2023-11-22,09:38:53,28.63253872632849,77.05141235104595,Theft,None,False
2024-04-12,07:02:45,28.74083603491475,77.26278442471781,Burglary,Rope,False
2024-09-14,15:13:38,28.64057406902936,77.06950972322704,Fraud,None,False
2023-05-03,01:29:42,28.794833401768635,77.04064684437296,Robbery,Firearm,False
2023-03-11,09:22:25,28.640987917108266,77.05158953282806,Theft,None,False
2024-12-14,19:00:09,28.483345243432865,77.07621595005376,Fraud,None,False
2023-12-18,07:53:07,28.82190873685622,76.99008340152382,Cybercrime,None,True
2024-05-02,09:03:07,28.791102098475186,77.02299847469949,Theft,None,True
2024-07-27,20:40:21,28.75516072576387,77.15957791614156,Vandalism,None,False
2023-08-16,01:06:14,28.667505045631614,77.18420484680698,Burglary,Poison,False
2023-08-03,08:28:51,28.699949086632746,77.10955148658938,Cybercrime,None,False
2023-08-22,03:50:21,28.727631716848464,77.10815076744294,Murder,Knife,False
2023-10-09,03:07:04,28.859934996014196,77.16873061423684,Assault,Blunt Object,True
2023-06-13,16:31:29,28.63506481338737,77.09391360992024,Fraud,None,False
2024-06-22,05:26:19,28.753341012149203,77.15330319572625,Fraud,None,True
2024-04-28,05:29:18,28.779345092766075,77.15620851892712,Burglary,None,False
2023-05-05,19:01:18,28.623740974298954,77.05707201028282,Murder,Firearm,False
2024-08-06,15:03:21,28.76477627912504,77.02920201742955,Fraud,None,False
2023-12-02,22:35:53,28.734226897702737,77.14378409528932,Murder,Blunt Object,False
2023-04-28,16:45:25,28.552027847036587,77.14091601779675,Theft,None,True
2023-01-15,20:03:14,28.64410539362629,77.065529623075,Vandalism,None,True
2023-01-04,22:01:39,28.69364486114315,76.96307022497956,Robbery,Firearm,False
2023-05-05,08:02:51,28.789235213692546,77.0517222456027,Theft,None,True
2024-03-09,17:58:20,28.708192125786066,77.09824075400682,Fraud,None,False
2023-12-13,00:10:40,28.689819328238947,77.0934193302924,Burglary,Poison,True
2023-10-31,22:31:22,28.75863039656572,77.163231180268,Assault,None,False
2023-10-26,14:19:16,28.70670866174722,77.11049887289707,Theft,None,False
2023-04-17,19:40:02,28.79117678244027,77.03756534391387,Robbery,Firearm,False
2024-10-28,20:09:00,28.63751526404739,77.06423923511976,Murder,Knife,False
2024-11-29,09:26:20,28.619262219611787,77.10424289529581,Cybercrime,None,False
2023-09-25,07:02:26,28.67740863531067,77.19928783807387,Murder,Knife,False
2023-10-21,03:52:54,28.573126802563237,77.15065076309914,Burglary,Rope,False
2024-03-28,20:14:24,28.768912365916236,77.16008847765839,Vandalism,None,False
2024-06-29,11:27:23,28.792429454428248,77.0383769490187,Theft,None,True
2023-03-30,01:59:16,28.833933448977543,76.99375218318878,Robbery,Blunt Object,False
2024-03-15,10:32:51,28.630240733340298,77.06243665859535,Cybercrime,None,False
2024-04-05,19:35:13,28.682488378964283,77.11480645804178,Kidnapping,Knife,False
2023-06-13,10:08:54,28.766307151954955,77.14816649444916,Fraud,None,True
2023-12-31,21:45:33,28.780392294033394,77.0317765252485,Vandalism,None,False
2023-09-22,08:59:14,28.709302065043964,77.11521739191943,Cybercrime,None,True
2023-10-27,01:25:48,28.759682321068784,77.15077373646992,Burglary,Poison,False
2024-06-05,16:16:36,28.76353193303478,77.15695947777125,Theft,None,False
2024-12-14,21:27:45,28.643403655412737,77.23601126678042,Burglary,None,False
2024-04-25,07:35:07,28.630517430138777,77.06157834189179,Kidnapping,Blunt Object,True
2024-05-10,06:43:14,28.683769174010752,77.17526926895088,Robbery,Firearm,False
2023-12-16,16:40:09,28.70719555646767,77.10793339597,Fraud,None,False
2023-04-28,13:22:37,28.618047613201878,77.09525222804061,Theft,None,False
2024-01-25,00:43:04,28.672534961697906,77.17698262148168,Robbery,Knife,True
2023-12-08,17:52:50,28.934267485205076,77.02618936465547,Cybercrime,None,False
2023-02-17,07:29:00,28.71414930294068,77.0985719898312,Theft,None,False
2023-10-03,02:39:51,28.595436381111472,77.11278142431551,Assault,Knife,False
2023-05-09,21:25:10,28.650590933843876,77.07170509575066,Vandalism,None,False
2023-10-01,22:26:50,28.71972265110655,77.13195246289936,Assault,Blunt Object,False
2024-03-27,01:00:19,28.729151420375562,77.03619078261747,Assault,Knife,False
2023-10-06,13:44:17,28.678628743267947,77.17983787049594,Theft,None,False
2023-09-11,16:12:25,28.796696612985222,76.97278357036343,Theft,None,True
2024-08-28,02:53:19,28.940933454240046,77.18810480947755,Assault,Blunt Object,False
2023-10-18,07:10:17,28.535699598220383,77.03159710976851,Fraud,None,False
2023-09-02,18:20:25,28.68226081044114,77.19426344056171,Cybercrime,None,False
2024-01-02,17:24:13,28.741377623727683,77.15963025850434,Fraud,None,False
2023-11-29,09:16:58,28.509366012733807,77.0935664134529,Cybercrime,None,False
2023-06-02,10:34:32,28.715220468421034,77.09698484269897,Fraud,None,False
2023-06-24,17:48:18,28.76903077700862,77.03396214796379,Fraud,None,False
2023-04-22,22:00:14,28.778052811333644,77.03879558366067,Burglary,Blunt Object,False
2024-12-03,20:49:27,28.77524673567782,77.02477363110349,Burglary,None,False
2024-08-13,21:18:27,28.62388997679124,77.06419944711051,Vandalism,None,False
2023-01-25,00:31:14,28.702490950617236,77.0906161532926,Burglary,None,False
2023-05-22,00:14:40,28.72347987137671,77.20520703006441,Robbery,Firearm,False
2023-12-26,15:17:18,28.682543205658106,77.12931669498221,Theft,None,False
2023-04-24,16:55:03,28.78683311249585,77.02045670172822,Fraud,None,False
2023-11-20,15:12:27,28.804665858207073,77.02779150169879,Fraud,None,False
2024-02-16,11:17:27,28.760661162018604,77.1601921527723,Theft,None,False
2024-02-14,13:33:36,28.672704048728843,77.1885679502506,Cybercrime,None,False
2024-05-07,14:20:48,28.786558192218163,77.01832360242774,Theft,None,False
2024-11-18,12:27:09,28.700777272987498,77.09637449097646,Cybercrime,None,False
2023-12-04,11:40:28,28.779482549586536,77.01945996822165,Cybercrime,None,True
2023-10-22,20:52:13,28.765364337167462,77.16851992654614,Vandalism,None,False
2024-07-25,18:15:03,28.713880029759984,77.11520529224148,Theft,None,False
2023-10-10,05:09:38,28.780653651629915,77.02613743165016,Burglary,None,False
2024-01-06,01:28:40,28.696314129531885,77.10894064922958,Burglary,Poison,False
2024-04-23,08:27:09,28.706370630531442,77.10172778288403,Vandalism,None,False
2023-10-10,01:15:48,28.833614854419533,77.14299413538154,Robbery,Blunt Object,False
2023-07-27,21:16:06,28.665713423624794,77.17569091170864,Theft,None,False
2023-09-21,08:59:57,28.760919932992543,77.16291732852655,Theft,None,False
2024-08-03,08:42:14,28.649616802322562,77.08146888747872,Assault,Knife,True
2024-06-04,09:34:11,28.770450071657315,77.15691035834851,Fraud,None,False
2024-06-28,11:46:26,28.695714193405184,77.08940012488269,Theft,None,False
2024-12-14,10:32:31,28.640226182549853,77.07003213446416,Theft,None,False
2023-10-11,07:01:18,28.77236647079312,77.15667447034411,Fraud,None,False
2023-12-21,16:33:34,28.820972279423124,77.07796925138122,Fraud,None,False
2024-08-08,19:53:12,28.680327691252273,77.19073356829477,Assault,Blunt Object,False
2023-04-02,23:54:39,28.506140572414747,77.06115611976236,Robbery,Firearm,False
2024-09-24,15:43:46,28.799070038427786,77.12994683356366,Cybercrime,None,False
2024-07-09,20:56:28,28.632134849518494,77.03819877624272,Kidnapping,Rope,False
2024-04-20,23:47:12,28.75044219254698,77.15178414307107,Burglary,Knife,False
2024-02-01,01:40:17,28.615707705017165,77.1168084937028,Burglary,Poison,True
2024-03-18,04:41:36,28.75473867472329,77.16956871707264,Robbery,Knife,False
2024-12-21,06:07:15,28.650540810750677,77.16935714902192,Assault,None,False
2024-01-06,04:15:25,28.701053773516453,77.10822173131038,Burglary,Poison,False
2024-08-01,22:04:16,28.6789923401355,77.18721869947878,Assault,None,True
2023-03-20,22:05:23,28.67026582058031,77.1792236656269,Assault,Blunt Object,False
2024-11-23,04:37:53,28.631267073157826,77.17931941281059,Assault,None,False
2023-05-08,13:18:04,28.634895112122607,77.0710003639519,Fraud,None,True
2024-01-27,06:14:41,28.786178532381374,77.03204955521547,Murder,Blunt Object,False
2023-06-04,01:17:52,28.637532896002238,77.04894458138835,Robbery,Firearm,False
2024-09-08,07:43:25,28.63762347243622,77.05919993131376,Kidnapping,None,False
2024-01-28,04:40:06,28.62040975688419,77.06052644844665,Robbery,Knife,True
2023-01-15,08:33:24,28.7965357368026,77.1592217905434,Theft,None,False
2024-06-23,10:20:00,28.699137941242586,77.10296936298415,Theft,None,False
2023-03-04,05:08:19,28.6484835430578,77.11737607333357,Murder,Knife,False
2023-12-21,01:47:37,28.858110782374403,77.19934988026249,Burglary,Firearm,True
2024-09-06,07:43:54,28.756179430569276,77.05321150876163,Assault,Knife,True
2024-10-17,20:34:16,28.779093839294486,76.9338123048627,Cybercrime,None,True
2023-01-05,11:00:20,28.78157646518009,77.03833711419826,Cybercrime,None,False
2023-01-13,17:02:29,28.71150421214048,77.10919884490217,Theft,None,False
2024-12-20,08:47:37,28.787048306892096,77.03054275020918,Burglary,Blunt Object,False
2024-05-16,15:52:49,28.649479759698266,77.05297138959413,Theft,None,False
2024-03-24,04:38:02,28.745653227367068,77.1531173467646,Burglary,Blunt Object,False
2024-07-24,03:53:10,28.785831976427087,77.01424384821436,Robbery,Blunt Object,False
2024-02-21,15:34:57,28.749614638094954,77.17977283779194,Theft,None,False
2023-05-11,22:06:29,28.703327147625338,77.12624466283285,Robbery,Knife,True
2023-03-12,12:35:17,28.63580648936848,77.06639128366132,Theft,None,True
2023-08-16,23:10:38,28.780149330938727,77.03173812388711,Robbery,Firearm,False
2024-09-19,23:26:54,28.700812751870338,77.08843189455396,Assault,Blunt Object,False
2024-04-29,06:52:45,28.649445170376353,77.0927379304226,Assault,Blunt Object,True
2024-09-09,21:58:44,28.8269572082062,77.3227243273373,Theft,None,False
2024-12-06,21:51:50,28.767454738978508,77.14474620970327,Robbery,Firearm,False
2024-08-03,13:12:10,28.63714190389374,77.06090671422491,Theft,None,True
2023-07-05,03:04:06,28.88255588888536,77.08595759478182,Assault,None,False
2023-02-04,14:15:27,28.57134925094626,77.0523822863047,Cybercrime,None,False
2023-01-04,10:03:09,28.761670560018196,77.15939940276897,Cybercrime,None,False
2024-02-06,09:43:22,28.642097833335086,77.0693341467356,Theft,None,False
2024-07-30,15:14:00,28.476782779745317,77.11288292350328,Fraud,None,False
2024-10-08,02:03:09,28.762706854213686,77.14417136724846,Burglary,Knife,False
2024-03-28,14:29:23,28.62046614635037,76.91585518472365,Fraud,None,False
2024-06-04,01:42:34,28.689998955948106,77.17529846022978,Assault,Blunt Object,False
2023-11-24,17:33:49,28.728204327786212,77.16289170414835,Theft,None,False
2023-08-12,01:26:16,28.799220679491413,77.03096102226016,Robbery,Knife,True
2024-10-11,05:06:57,28.638705702062218,77.0642306764857,Kidnapping,Poison,False
2024-04-01,12:02:26,28.686940802765424,77.180798274686,Theft,None,False
2024-05-05,06:01:58,28.74455130918416,77.13709242191685,Vandalism,None,False
2024-10-31,01:00:45,28.581970261539478,77.18893914974068,Robbery,Firearm,False
2023-07-08,10:27:03,28.640893755236934,77.05642479090079,Cybercrime,None,False
2024-06-25,10:22:41,28.66694032776816,77.183350458602,Cybercrime,None,True
2023-07-25,12:07:13,28.671705449062344,77.17976867856281,Theft,None,False
2023-03-11,18:44:19,28.797593239278108,77.04788016281863,Theft,None,False
2024-01-03,20:37:08,28.65799978327091,77.18577592731144,Kidnapping,Poison,False
2023-01-13,01:31:15,28.666331379013787,77.1800174888614,Assault,Blunt Object,False
2024-04-03,11:27:38,28.73502783851267,77.08122800830691,Theft,None,False
2024-06-12,09:19:52,28.727145988062762,77.1697970206032,Fraud,None,True
2023-07-08,04:39:21,28.647045768005405,77.05603163695832,Robbery,Knife,False
2024-10-11,13:24:29,28.697808003930298,77.08810294703383,Cybercrime,None,False
2023-08-24,17:38:47,28.635560797024795,77.08212068361898,Theft,None,True
2023-05-28,15:38:34,28.776179964259047,77.02056621187558,Theft,None,True
2023-02-17,19:50:50,28.677299278618445,77.18139635240709,Robbery,Firearm,False
2024-07-26,05:11:49,28.702144067631508,77.11659045966412,Robbery,Firearm,False
2023-11-15,06:55:28,28.649591266755586,77.05720007068297,Burglary,Knife,False
2024-08-04,14:20:58,28.77985524082408,77.02747413486095,Cybercrime,None,False
2024-11-24,23:32:06,28.682847396215802,77.17941852370548,Burglary,Firearm,False
2024-04-24,19:36:21,28.68616846497546,77.10201680321266,Assault,Blunt Object,False
2024-02-17,16:40:18,28.550397399887206,77.3209230601755,Fraud,None,True
2024-06-01,05:40:24,28.664443320861526,77.18088135234643,Murder,Firearm,False
2024-01-22,22:07:14,28.729920273470114,77.07363418393209,Robbery,Knife,False
2023-01-05,20:34:24,28.67509695985338,77.14468272861609,Murder,Firearm,False
2023-01-17,19:16:26,28.79936215958796,77.04017509081818,Kidnapping,Firearm,False
2023-06-19,20:47:04,28.688885138785736,77.17203380891907,Cybercrime,None,False
2023-05-30,07:40:18,28.707273626332555,77.10405246052059,Burglary,Firearm,False
2023-06-12,17:45:42,28.739209129167673,77.24012319706357,Theft,None,False
2024-02-27,19:40:17,28.682021085020796,77.06194966334459,Burglary,Blunt Object,True
2023-10-04,17:01:19,28.75749807974187,76.92467972724342,Theft,None,False
2024-03-16,15:09:10,28.781731479508778,77.03115802310715,Theft,None,True
2024-09-05,14:03:57,28.77489641383693,77.04307059011357,Theft,None,True
2024-06-09,14:24:45,28.597875968265672,77.08891269516363,Theft,None,False
2024-06-16,18:59:50,28.733415722532296,77.23784515614761,Cybercrime,None,False
2024-09-10,09:16:39,28.78399443565119,77.0418615359413,Cybercrime,None,False
2024-01-04,03:02:09,28.711105953972773,77.1037345755617,Burglary,Blunt Object,False
2023-08-24,10:54:41,28.743204865917267,77.13815419139095,Theft,None,False
2023-04-14,19:49:23,28.645165054014193,77.05707303126097,Assault,Blunt Object,True
2023-10-02,17:04:21,28.653292610916814,77.06995856518098,Theft,None,True
2024-10-22,07:24:31,28.685638900556295,76.98672870760588,Cybercrime,None,False
2024-10-08,22:12:23,28.649207355496074,77.05232050553865,Burglary,None,True
2023-06-11,05:49:24,28.628253607706913,77.00455842617849,Theft,None,True
2024-05-28,13:21:51,28.7527149897806,77.16420192334071,Theft,None,True
2024-08-16,03:37:09,28.644049591297765,77.05806781307572,Robbery,Firearm,False
2024-10-14,07:53:43,28.658843850699547,77.18802124584731,Robbery,Firearm,True
2023-03-23,06:06:55,28.636295953940717,77.06367517619158,Cybercrime,None,True
2024-07-16,21:39:22,28.750557813840835,77.16088177219599,Fraud,None,False
2023-07-07,22:39:42,28.752527636079716,77.15191073645477,Robbery,Firearm,False
2024-05-12,23:08:29,28.678957471474554,77.20356940182263,Robbery,Blunt Object,True
2024-12-07,03:49:48,28.762984469303586,77.15161393893652,Burglary,Rope,True
2024-01-21,12:28:45,28.70441979906153,77.05001405396756,Cybercrime,None,False
2023-06-28,10:42:18,28.60910042964803,77.04722492129338,Cybercrime,None,False
2024-06-06,17:30:40,28.63637851036288,77.06903368383796,Theft,None,True
2023-11-08,15:51:03,28.66338805142131,77.1958321056138,Fraud,None,True
2024-12-07,20:06:50,28.761620463836188,77.15270501729368,Cybercrime,None,True
2024-06-29,06:47:08,28.644103186114652,77.05692718690385,Theft,None,False
2023-09-01,23:54:46,28.706800844113477,77.1133809246321,Murder,Knife,True
2024-07-12,07:21:30,28.63378435377442,76.94916079110813,Murder,Knife,True
2023-06-21,04:07:24,28.65113218254857,77.06574365974244,Robbery,Knife,True
2024-12-28,07:49:00,28.692898011985587,77.09516608629086,Burglary,Firearm,True
2024-11-30,12:45:14,28.6355089572595,77.05525467730966,Theft,None,False
2023-06-01,23:52:03,28.780863172459586,77.0298345269572,Assault,Knife,True
2024-03-23,17:00:52,28.747592063449318,77.144918361805,Fraud,None,False
2023-06-21,14:03:50,28.641812156560807,77.0641769153486,Theft,None,True
2024-02-15,16:14:09,28.75093703463635,77.16408667023342,Fraud,None,True
2024-04-24,19:33:07,28.75490877144208,76.94341541431413,Fraud,None,False
2023-01-08,06:32:09,28.756472776541386,77.16305439825857,Kidnapping,None,False
2023-09-20,06:09:48,28.669752650318756,77.16754802412697,Fraud,None,False
2023-06-24,06:13:48,28.754180667594113,77.15242291348518,Theft,None,False
2023-08-02,23:19:39,28.772883537634666,77.01798780783741,Assault,None,True
2023-03-21,22:08:55,28.643224464535468,77.06016922807949,Burglary,None,True
2024-04-03,11:44:11,28.749927346346777,77.15166589265253,Fraud,None,True
2023-11-24,05:57:51,28.6930722362618,77.09815179387134,Vandalism,None,False
2024-04-02,02:16:03,28.679433250306143,77.17900029919649,Robbery,Knife,False
2024-05-18,01:48:09,28.687380275282074,77.09777307722277,Assault,Blunt Object,False
2024-10-28,16:21:57,28.597084153649316,77.12921362964617,Theft,None,False
2023-12-14,18:33:58,28.735983740338042,76.9366225374914,Theft,None,False
2023-01-08,03:03:57,28.78000129705822,76.99128136987215,Burglary,Knife,False
2024-03-29,08:49:28,28.719691822904824,77.102012237355,Burglary,Poison,False
2024-12-07,19:55:15,28.74163606501461,77.14108013929308,Assault,None,False
2023-03-06,07:02:13,28.647580952917874,77.05858700110102,Murder,Firearm,False
2024-06-30,01:07:47,28.694434609038186,77.26377802326971,Robbery,Knife,True
2023-11-07,01:30:33,28.637107559357712,77.06309962857696,Burglary,None,True
2024-05-01,02:49:36,28.79829844487373,77.03520513475468,Assault,None,False
2024-03-26,20:38:03,28.768033972646418,77.03755389011734,Fraud,None,False
2024-10-07,23:56:01,28.587799714221656,77.2431807528733,Robbery,Blunt Object,False
2024-04-03,21:59:49,28.621813239500202,77.39945095077458,Theft,None,False
2024-12-02,02:55:18,28.718773759883277,77.09453387430372,Murder,Knife,True
2023-04-13,09:59:22,28.754300138050016,77.16003644281633,Cybercrime,None,False
2024-12-12,14:38:26,28.681936604742265,77.18692336259977,Theft,None,False
2024-08-21,12:19:05,28.82931590369661,77.09020310533657,Theft,None,False
2023-04-09,17:37:10,28.667428233142395,77.06781360120755,Theft,None,False
2024-04-05,15:22:14,28.789937323197215,77.13901810403027,Theft,None,True
2024-05-09,16:59:31,28.733228366569026,77.18202342492573,Fraud,None,True
2024-11-12,07:29:13,28.623589475921463,77.06560068823875,Vandalism,None,True
2023-08-24,11:07:00,28.786285688888736,77.04918808081302,Theft,None,False
2023-11-27,06:54:10,28.628814120177363,77.07807186632377,Burglary,None,False
2024-06-28,09:44:57,28.644854091289247,77.0673898953066,Fraud,None,False
2024-01-05,18:16:42,28.871691878760938,77.15857612680057,Theft,None,False
2024-09-26,22:07:30,28.744136828946257,77.12672911858024,Assault,None,False
2024-12-01,22:49:44,28.655752186500564,77.09965108754896,Robbery,Knife,False
2023-09-06,20:56:49,28.696944872338772,77.10205433100575,Vandalism,None,False
2024-09-12,19:14:32,28.62074069302945,77.06679039567568,Murder,Knife,False
2023-05-19,16:33:46,28.78288262746216,77.02913796263334,Theft,None,False
2024-11-24,12:37:36,28.6762975808394,77.16816436077035,Theft,None,False
2024-07-20,15:09:26,28.72339269996621,77.10147232538513,Fraud,None,False
2024-04-29,09:03:47,28.64264155567028,77.05284603789868,Theft,None,False
2023-11-16,00:06:29,28.706494638244926,77.24119598902733,Murder,Knife,True
2024-02-25,15:26:31,28.807691620943203,77.18794377511406,Theft,None,False
2023-04-30,09:31:55,28.758739895166727,77.06664574724374,Fraud,None,False
2024-12-07,07:08:42,28.659598368329632,77.18048961228133,Murder,Blunt Object,False
2023-08-05,14:36:19,28.671741285354663,77.19298794439672,Theft,None,False
2023-07-19,13:16:07,28.6471939044246,77.07862311527903,Theft,None,False
2024-01-07,04:16:00,28.79607488540038,77.02793504390498,Assault,Knife,False
2023-05-31,03:03:36,28.7661487080338,77.04635575233942,Robbery,Knife,False
2023-09-29,10:40:07,28.840038522323074,76.96587884090978,Cybercrime,None,False
2023-06-20,02:57:03,28.799192400198272,77.03632117170594,Burglary,Poison,False
2024-01-23,08:39:07,28.785706854981257,77.04864783254249,Vandalism,None,True
2023-03-18,05:52:37,28.83856851732306,77.16763309519952,Robbery,Firearm,False
2024-10-19,22:13:33,28.67883217065812,77.18866394290531,Robbery,Firearm,False
2024-09-02,18:14:41,28.700099425661175,77.10194898550269,Cybercrime,None,False
2023-11-27,07:48:22,28.635076828454057,77.0591696022426,Vandalism,None,False
2023-05-02,13:06:43,28.70043366121331,77.09614694630379,Theft,None,True
2023-05-03,09:30:21,28.785467465026482,77.02926019149301,Theft,None,True
2023-08-14,10:07:12,28.754323472035196,76.94026793867063,Theft,None,False
2023-08-29,01:46:25,28.69276452058927,77.11565516401775,Robbery,Knife,False
2023-03-20,00:56:10,28.640993707601634,77.0607760730019,Assault,None,False
2023-09-02,17:25:04,28.768247539892702,77.03606477104671,Fraud,None,False
2023-11-12,07:29:06,28.76886059825671,77.15185372942038,Theft,None,True
2024-10-09,15:08:14,28.80797270594422,77.12265296057825,Theft,None,False
2024-08-27,14:10:20,28.751968118065093,77.11810907384569,Theft,None,True
2024-10-03,15:02:41,28.710975507195926,77.08672770363869,Theft,None,False
2024-09-13,03:43:46,28.614741903202198,77.26118996570331,Assault,None,True
2024-09-04,22:53:41,28.649495641779037,77.18109822070176,Robbery,Firearm,False
2024-03-24,03:02:27,28.79582274959608,77.0315673933446,Robbery,Firearm,True
2023-11-23,00:04:51,28.66359889285493,77.11544216768154,Robbery,Blunt Object,True
2023-09-18,01:55:07,28.750568798199975,77.15280849492757,Robbery,Blunt Object,False
2024-07-08,15:07:56,28.6972661896348,77.11358674419957,Fraud,None,False
2023-06-26,02:11:14,28.76833264921066,77.1511660967789,Burglary,None,False
2024-09-23,19:57:06,28.565451057930876,77.05011568296867,Murder,Firearm,True
2024-09-25,14:22:57,28.685701133989703,77.15305388769033,Fraud,None,False
2023-06-17,01:10:49,28.774019867768292,77.0248083768136,Murder,Knife,False
2023-05-20,09:22:16,28.789206761378587,77.0418890883204,Theft,None,False
2023-06-23,08:58:54,28.667884059548292,77.16916782946049,Vandalism,None,False
2024-08-15,13:24:22,28.816941182012876,77.0403330423709,Theft,None,False
2024-12-26,21:49:53,28.677399623823298,77.18940312755309,Murder,Knife,False
2023-08-07,17:49:56,28.672855433702853,77.19117156889101,Fraud,None,False
2023-12-15,11:26:47,28.755693931977763,77.15341271898168,Theft,None,False
2024-10-18,19:27:56,28.702964181317693,77.08802618666537,Assault,None,False
2024-10-02,03:37:48,28.80348094899393,77.02308466079734,Robbery,Knife,False
2024-07-02,03:45:49,28.56809764236894,77.08121401172437,Robbery,Knife,False
2023-12-16,15:47:19,28.634485281864897,77.0619828720944,Fraud,None,False
2024-10-09,14:55:15,28.71097763848562,77.1124530290053,Fraud,None,False
2024-09-24,15:15:38,28.762247307216217,77.14944367945215,Theft,None,False
2023-01-18,17:42:03,28.674595918276616,77.18657879050897,Theft,None,True
2023-03-31,02:04:23,28.528321257605793,77.15955847001199,Robbery,Firearm,False
2024-01-24,11:18:57,28.629527007124164,77.08290346598906,Cybercrime,None,False
2024-06-23,00:50:59,28.66364849153583,77.08401248228054,Assault,None,False
2023-03-04,18:16:00,28.77640292900762,77.02620029968146,Theft,None,False
2023-09-04,12:14:48,28.80684093569143,77.04190369688625,Theft,None,False
2024-04-09,21:30:25,28.65860797554852,77.19754212900686,Kidnapping,None,False
2024-03-03,13:11:56,28.823424227514142,77.07437875377117,Fraud,None,False
2024-05-12,09:10:31,28.6471669694203,77.06235055920578,Fraud,None,False
2023-06-08,12:01:27,28.901357990444694,77.0228709811008,Theft,None,False
2024-07-18,10:34:28,28.718701060977573,77.05968546690073,Theft,None,True
2023-11-29,06:11:08,28.659769595953822,77.20441638255055,Burglary,Blunt Object,False
2024-12-03,15:35:12,28.692284334208978,77.10470129187489,Theft,None,False
2024-02-11,18:04:17,28.686692993936198,77.09850929460758,Theft,None,True
2024-11-11,18:49:25,28.648319688214336,77.05425266020498,Theft,None,True
2024-07-27,09:32:50,28.759968018507358,77.14980958908112,Fraud,None,False
2023-05-12,10:17:56,28.765700825123986,77.16611760913341,Theft,None,False
2023-08-15,19:46:58,28.778232552392698,77.03326732859394,Kidnapping,None,False
2024-05-08,13:39:27,28.70593454226472,77.10869349295436,Fraud,None,False
2024-03-03,02:33:37,28.78424381996244,77.03440210959344,Robbery,Knife,False
2024-06-07,12:53:41,28.75166593525205,77.15365239866972,Theft,None,False
2023-07-29,09:35:32,28.833894019353515,77.16710832412119,Cybercrime,None,True
2024-05-25,19:08:08,28.711112556394433,77.10973070324137,Cybercrime,None,False
2023-07-03,23:41:29,28.70256191222119,77.1056882704358,Robbery,Firearm,False
2023-02-12,10:26:38,28.693248263216642,77.11518807656317,Theft,None,True
2023-02-19,08:55:40,28.646270395676567,77.18162851607666,Assault,Knife,False
2023-10-26,10:14:39,28.795508959771503,77.01886132066372,Theft,None,False
2023-02-25,06:34:49,28.678097799176168,77.17569233553421,Theft,None,False
2024-07-20,19:40:16,28.67041196734811,77.1919594096064,Theft,None,False
2023-02-02,21:07:47,28.756080569258852,77.13215644132116,Assault,Knife,False
2024-02-28,18:09:21,28.60645744602684,77.20003357348888,Cybercrime,None,False
2023-12-17,16:36:27,28.67858942718193,77.19998135572524,Theft,None,False
2024-09-24,02:07:04,28.80092647594013,77.02907754869854,Robbery,Blunt Object,True
2023-07-26,13:02:33,28.809132378050695,77.03274479669854,Fraud,None,True
2023-05-24,13:54:05,28.74447331465591,77.1461636013409,Fraud,None,False
2023-02-20,19:33:52,28.621532748947107,77.07857019008249,Burglary,Knife,False
2023-07-30,13:17:50,28.77004761989044,77.14234492561187,Fraud,None,True
2023-11-19,12:14:47,28.701821157116182,77.10345607544113,Fraud,None,True
2024-01-21,09:07:00,28.63449646947858,77.04494897968729,Theft,None,False
2024-03-08,00:31:01,28.683064239622308,77.07039205705408,Robbery,Firearm,True
2023-11-01,11:07:49,28.750215887590112,77.15472716062601,Cybercrime,None,False
2024-03-06,10:24:00,28.76839519658526,77.14946907280309,Fraud,None,False
2023-09-19,04:56:40,28.721144299872137,77.1751870523745,Burglary,Poison,False
2024-08-20,10:15:45,28.64964142926513,77.05635576475552,Theft,None,False
2023-06-22,12:33:23,28.713737712311403,77.15725398201691,Theft,None,True
2024-06-03,22:34:25,28.77281648662489,77.04513539010797,Robbery,Knife,True
2023-07-05,19:33:07,28.718415889052142,77.09527219744557,Murder,Knife,True
2023-11-04,21:58:02,28.706036700183482,77.10892278256672,Kidnapping,None,False
2024-10-01,21:12:13,28.778643858436713,77.03731613845689,Robbery,Knife,False
2024-11-03,10:40:31,28.675732556262922,77.16782081822362,Cybercrime,None,False
2023-05-28,08:40:28,28.788691613159784,77.0214985758373,Theft,None,True
2023-06-23,11:02:15,28.79349202851662,77.02578788924868,Cybercrime,None,False
2023-12-05,09:18:28,28.78248714566339,77.04622278913448,Theft,None,True
2024-05-29,21:24:20,28.753738164652884,76.99455260804255,Cybercrime,None,False
2023-02-16,04:32:55,28.77395083429201,77.02650697211378,Assault,None,False
2024-09-22,08:19:11,28.74356440833567,77.13832998149329,Fraud,None,False
2023-02-15,04:40:00,28.77566897695337,77.02082790514388,Murder,Knife,True
2023-11-14,02:47:35,28.732258340508583,77.08431399342099,Burglary,Rope,True
2024-05-22,08:47:09,28.919821588744774,77.10616036565631,Murder,Knife,False
2023-04-19,15:03:32,28.662242528277005,77.05079616401896,Theft,None,False
2024-08-24,22:30:13,28.658367870604383,77.17129914867475,Robbery,Knife,True
2023-12-25,17:31:42,28.795991297814535,77.05006101589694,Theft,None,False
2024-10-25,06:31:25,28.77627820546047,77.02789433970241,Vandalism,None,False
2024-07-29,14:32:58,28.587201908978752,76.92133601528816,Theft,None,False
2023-12-30,01:54:05,28.775941169777663,77.12480203029622,Burglary,Blunt Object,True
2023-04-23,11:50:11,28.67420487982674,77.16849943462837,Theft,None,False
2024-03-07,15:05:40,28.770499566818287,77.14746643261951,Fraud,None,False
2024-08-02,08:43:13,28.75746264248165,76.95704385947553,Fraud,None,False
2024-10-16,00:30:54,28.6721947481038,77.1854137445624,Robbery,Blunt Object,False
2023-04-30,02:36:44,28.677370752180533,77.18404648543238,Robbery,Knife,False
2023-07-11,04:47:42,28.753552249204876,76.98944795439671,Robbery,Firearm,True
2024-02-09,22:05:59,28.786073726054394,77.03363757683482,Burglary,Poison,False
2024-10-18,15:38:35,28.646416726841952,77.06322345217319,Cybercrime,None,False
2023-11-16,20:19:03,28.576778722608662,76.9707200247891,Fraud,None,False
2024-05-08,20:47:31,28.681957318141155,77.11067534509846,Vandalism,None,False
2023-03-29,20:48:47,28.78686575097352,77.18685502912221,Fraud,None,False
2024-05-21,22:49:38,28.647167899624616,77.04116880782281,Robbery,Knife,False
2023-07-04,12:39:13,28.63383289508215,77.06420415417593,Cybercrime,None,True
2023-08-29,00:09:26,28.64545518002792,77.06027251786848,Murder,Firearm,False
2023-04-24,17:45:44,28.757789172029085,77.15261651707685,Theft,None,True
2023-04-03,20:46:38,28.716177046555135,77.0385934667168,Vandalism,None,False
2024-06-20,13:12:35,28.763920109861218,77.1481922839132,Fraud,None,False
2023-01-05,15:17:38,28.571035091697937,77.02540009871814,Fraud,None,False
2023-07-13,12:40:52,28.670615338086378,77.19244002788369,Theft,None,False
2024-05-17,16:33:28,28.783677320015652,77.03063851781036,Theft,None,False
2024-06-17,11:15:52,28.691613365752374,77.1103548258983,Cybercrime,None,True
2023-01-09,01:17:11,28.638904784597663,77.09249721410588,Robbery,Knife,False
2023-05-11,11:14:00,28.65890183076882,77.0675876333105,Fraud,None,False
2023-11-08,13:52:10,28.541274595228483,76.92554897636477,Theft,None,False
2023-12-16,15:02:33,28.643456895498808,77.05037259385125,Theft,None,False
2024-07-07,00:07:13,28.650585467476333,77.06292263064965,Burglary,Blunt Object,False
2023-05-23,02:26:35,28.67575384769024,77.17543256818358,Burglary,Knife,True
2023-04-07,23:52:45,28.87823836552867,77.38675937280105,Murder,Knife,True
2023-01-31,07:36:46,28.701314152762432,77.10603039248416,Fraud,None,False
2024-02-06,23:41:58,28.645074173430643,77.05990313136559,Assault,Blunt Object,False
2024-10-27,08:57:58,28.745779295322674,77.1416503201252,Burglary,Blunt Object,False
2023-12-11,00:22:13,28.772744027344743,77.0365524002555,Robbery,Blunt Object,False
2024-11-14,21:53:22,28.638903255217965,77.0367170714986,Murder,Blunt Object,True
2024-05-17,13:09:06,28.748585822059834,77.09867387175359,Theft,None,False
2024-11-06,07:18:48,28.767566730014014,77.15623122397092,Burglary,Rope,False
2023-05-10,16:19:08,28.55623264036897,76.87953233592701,Cybercrime,None,False
2024-08-19,22:59:13,28.74690527615662,77.14624892579306,Robbery,Blunt Object,False
2024-05-28,16:33:28,28.683531592010002,77.18241129067711,Fraud,None,False
2023-05-09,14:29:28,28.817468849809853,76.97001669442975,Theft,None,False
2024-09-29,10:38:07,28.800626438438044,77.1745989153431,Fraud,None,True
2024-09-05,18:23:54,28.62391765888569,77.07572617841261,Theft,None,False
2024-12-31,02:41:17,28.713445849176637,77.14170445038685,Robbery,Firearm,False
2023-10-02,20:54:40,28.665451038875716,77.19525247012922,Robbery,Firearm,True
2024-03-27,15:04:14,28.77224147670761,77.04082092018375,Cybercrime,None,False
2023-05-18,14:04:49,28.65230607475909,77.05275832571827,Theft,None,False
2024-11-13,00:51:46,28.723933735994226,77.10481528480219,Assault,Knife,False
2024-08-17,10:47:43,28.79063892610271,77.01722879204665,Theft,None,False
2023-11-24,16:40:33,28.915873000300856,76.9800443059775,Theft,None,False
2023-03-20,08:39:17,28.806588643276594,77.00302282820684,Vandalism,None,False
2023-01-17,01:14:11,28.777910111971522,77.04038754043887,Assault,Blunt Object,True
2023-12-21,14:34:25,28.714375527136752,77.08978715750887,Fraud,None,False
2024-07-31,23:42:30,28.65500472169057,77.07294980495134,Murder,Knife,False
2024-08-28,06:51:16,28.61030465911551,77.26236475935912,Fraud,None,True
2024-08-16,10:22:06,28.558414237175196,77.04002274172224,Theft,None,False
2023-04-19,20:27:32,28.678890026240918,77.17396433715298,Kidnapping,Rope,False
2024-05-19,19:28:31,28.706738190856793,77.10491076078804,Theft,None,False
2023-01-30,08:08:13,28.642229257300773,77.0708240053859,Assault,Blunt Object,True
2023-06-11,00:24:55,28.681263920734235,77.12565410688138,Assault,Blunt Object,False
2024-03-14,08:00:14,28.685564718774877,77.19040686210026,Cybercrime,None,False
2023-07-24,23:33:06,28.78270172908142,76.98758203977833,Burglary,Firearm,False
2024-01-06,15:18:39,28.679347925755014,77.17371501209031,Theft,None,False
2024-10-06,00:05:29,28.69128585020222,77.10178293653716,Robbery,Knife,False
2023-07-18,21:26:35,28.775057048133483,77.04040617718842,Fraud,None,False
2023-09-24,14:14:21,28.79224535459695,77.01347373763569,Cybercrime,None,False
2024-02-06,09:08:52,28.74581697460423,77.13790213328082,Fraud,None,True
2023-10-05,15:29:58,28.779473707234068,77.0370517566987,Cybercrime,None,False
2023-09-04,01:49:23,28.679871190182162,77.04352407593329,Assault,Blunt Object,False
2023-06-14,12:02:01,28.767101765268134,77.12945142827404,Theft,None,True
2023-06-30,15:22:47,28.716468718935182,77.09705711706845,Cybercrime,None,False
2024-05-22,18:30:35,28.78331890989887,77.02722636662281,Cybercrime,None,True
2023-02-22,11:08:09,28.719528881055393,77.09019021503195,Theft,None,True
2024-01-31,04:26:50,28.705273636972194,77.15524386518601,Assault,Blunt Object,False
2023-01-14,01:29:18,28.542999723211484,77.01051018295539,Robbery,Blunt Object,True
2023-02-05,16:24:40,28.68928214665018,77.01383349653157,Theft,None,False
2024-12-27,08:26:21,28.665944082287808,77.17900137336925,Murder,Knife,False
2024-08-09,08:26:45,28.68059581331646,77.17907282223122,Theft,None,False
2024-08-11,19:20:16,28.76488426194473,77.14252242217341,Kidnapping,Poison,False
2023-08-13,05:13:22,28.691580777395266,77.12176345405722,Robbery,Firearm,True
2024-11-07,19:43:03,28.637520418723348,77.04939087992928,Murder,Knife,False
2023-04-17,03:09:09,28.736679460582284,77.16325103453809,Murder,Knife,True
2024-09-07,10:55:51,28.780686954853397,77.02996290264934,Cybercrime,None,True
2024-11-08,21:01:22,28.642507982884137,77.0726294288467,Murder,Firearm,False
2024-09-28,22:45:01,28.67230470166024,77.20594053778834,Assault,Blunt Object,False
2023-05-23,08:59:22,28.717476057405424,77.20867847669584,Vandalism,None,False
2024-02-03,15:39:47,28.682152398579042,77.18213552679742,Theft,None,False
2024-06-20,21:00:59,28.645402901397954,77.13569639285666,Kidnapping,None,False
2023-11-14,00:36:28,28.755109873120727,77.04524139518735,Burglary,Poison,False
2024-04-17,10:26:27,28.705763388659506,77.1148620497826,Theft,None,False
2024-06-06,07:09:22,28.774799477390697,77.1610436932035,Fraud,None,False
2024-11-11,07:26:47,28.722727596863802,77.09620625788794,Cybercrime,None,True
2023-09-06,18:33:40,28.68111882252059,77.19588519508582,Theft,None,True
2023-11-13,20:21:40,28.775136666670278,77.02764409887956,Robbery,Knife,True
2023-03-21,17:06:31,28.771479047618353,77.14274901144213,Fraud,None,True
2024-02-20,16:28:06,28.660688699673443,77.1977798157364,Theft,None,False
2024-11-11,20:20:27,28.823776322498045,77.14571202439838,Vandalism,None,False
2023-08-22,02:09:03,28.699528924535418,77.05864754943951,Murder,Knife,False
2023-10-04,01:13:10,28.67691948873809,77.19829806957402,Robbery,Knife,False
2023-08-03,15:12:21,28.756485661261422,77.17416959267247,Theft,None,False
2023-04-24,21:38:59,28.665120580143597,77.18230319245673,Burglary,Firearm,False
2024-01-23,11:46:58,28.640369413323363,77.05164858456838,Theft,None,False
2023-10-16,20:58:42,28.6725691626699,77.18667329301661,Fraud,None,False
2024-12-15,13:14:03,28.756523017995203,77.31954521789446,Theft,None,False
2023-12-31,06:28:11,28.678744674697235,77.1940013680368,Kidnapping,Blunt Object,False
2023-11-01,18:52:02,28.710709424629897,77.27030556004527,Fraud,None,False
2024-11-01,21:58:27,28.69808449285588,77.18781085130976,Theft,None,True
2024-01-10,03:47:41,28.60483409845484,77.0476194977223,Assault,None,True
2024-05-02,09:05:22,28.67691934303205,77.18706498035252,Fraud,None,False
2024-03-14,10:26:37,28.681084251343844,77.1871019768123,Fraud,None,False
2024-10-26,13:24:29,28.704798491625596,77.0388801558798,Theft,None,False
2024-06-28,00:20:11,28.744213826126423,77.28799873574808,Murder,Knife,False
2024-08-19,08:07:53,28.806092860542776,77.15597039496363,Murder,Knife,True
2023-11-24,18:32:14,28.684395669238228,77.17878935971099,Cybercrime,None,True
2023-12-19,13:43:10,28.779017348539167,77.02502214895635,Theft,None,False
2024-07-07,21:02:50,28.691571337723058,77.0602994103291,Burglary,Knife,False
2023-05-22,10:09:15,28.79618274740652,77.0277467658232,Fraud,None,False
2023-11-21,12:16:43,28.746072782837754,77.17192577178831,Fraud,None,False
2024-07-10,00:16:30,28.699586247689187,77.1040352845725,Assault,None,False
2024-11-24,05:17:30,28.749232282474342,76.98883068810792,Cybercrime,None,True
2024-11-18,14:11:16,28.716454837695032,77.10887119040412,Fraud,None,False
2023-09-14,17:31:38,28.689683840118807,77.17570778062782,Theft,None,False
2023-08-09,23:01:55,28.714012579247616,77.10643557549943,Burglary,Knife,False
2024-04-25,20:23:55,28.7867388849435,77.01795385251424,Cybercrime,None,False
2024-08-07,06:53:20,28.755208363786924,77.13823536088577,Robbery,Knife,False
2023-10-15,03:17:12,28.70768334071197,77.08121350875481,Assault,Blunt Object,False
2024-12-19,08:06:58,28.518941316570942,77.184354871644,Burglary,Poison,True
2024-02-06,06:45:04,28.649416154480523,77.00371419263678,Kidnapping,Knife,False
2023-04-08,18:16:11,28.831184562107556,77.13526262173285,Theft,None,False
2024-07-06,22:18:56,28.76282090195534,77.1508375792768,Robbery,Knife,False
2023-02-22,08:27:20,28.780896286939,77.1464548613944,Kidnapping,Blunt Object,False
2024-06-01,05:29:07,28.6615449554936,77.061886339599,Fraud,None,False
2024-09-19,00:19:49,28.76755489605087,77.0373284874575,Robbery,Knife,False
2024-03-12,18:20:26,28.757247625614553,77.14198678185761,Fraud,None,False
2023-07-19,05:22:47,28.744877807228654,77.15225302356916,Kidnapping,None,False
2024-02-22,19:31:26,28.70759747815248,77.07779336717121,Kidnapping,Blunt Object,False
2023-08-04,10:51:06,28.80941214525238,77.05305020261851,Theft,None,True
2024-07-05,06:21:56,28.690782525156017,77.11191066551453,Assault,None,False
2024-07-11,15:59:48,28.701738202058156,77.22411657767823,Theft,None,False
2024-02-07,07:37:18,28.6484795226298,77.06248485497052,Robbery,Firearm,False
2023-10-28,14:06:23,28.7025727005502,77.10732712760557,Theft,None,False
2023-06-05,18:43:10,28.669964687411905,77.17397427411254,Fraud,None,False
2024-12-18,14:45:13,28.765090912265464,77.08805121585556,Theft,None,True
2024-11-14,18:11:24,28.78443567648069,77.04339379836156,Theft,None,True
2023-09-03,09:15:08,28.672961233922642,77.18265033925542,Cybercrime,None,False
2024-11-27,01:15:31,28.644135048854906,77.14557399339819,Robbery,Firearm,True
2024-01-20,15:42:41,28.647598279126804,77.07150775131791,Theft,None,False
2023-11-22,11:08:31,28.77830871162993,77.02792183030411,Theft,None,True
2024-04-09,22:24:11,28.792021373991453,77.03502213003364,Murder,Blunt Object,False
2023-12-27,02:45:55,28.695037818738072,77.11556554067735,Assault,None,True
2024-03-13,02:54:19,28.687115494315997,77.11034284753265,Robbery,Knife,False
2024-11-06,02:11:21,28.577578796400182,77.29107885164856,Robbery,Firearm,True
2023-01-19,23:11:51,28.688654002730946,77.11402250651874,Robbery,Firearm,False
2023-04-19,13:49:32,28.703283656399886,77.09883397430161,Cybercrime,None,False
2023-10-12,02:38:34,28.722639665646778,77.1656900339158,Murder,Knife,False
2023-11-24,17:08:07,28.77505599497669,77.02434212274832,Cybercrime,None,False
2023-06-01,02:46:21,28.76906048651129,76.93176570463504,Burglary,None,False
2023-10-08,05:33:57,28.645677090680792,77.40656869541596,Assault,Blunt Object,False
2023-01-15,16:46:53,28.774419870354105,77.04397802791762,Theft,None,True
2024-12-04,16:53:44,28.748240492312863,77.15759045144797,Fraud,None,False
2024-11-08,23:59:07,28.650643556905965,77.07378956735182,Robbery,Firearm,True
2024-03-20,16:11:02,28.68407461731872,77.3013884638755,Theft,None,False
2024-11-03,07:15:09,28.638206634354148,77.064842204136,Robbery,Knife,True
2023-11-21,12:59:30,28.706552769322176,77.09128031880051,Theft,None,True
2024-12-12,06:02:16,28.701241277450208,77.10411513499238,Murder,Knife,False
2024-06-03,19:59:02,28.63977878956871,77.08690923965456,Robbery,Firearm,False
2024-11-27,12:53:47,28.695713763264006,77.11429424468142,Theft,None,False
2024-07-14,00:07:49,28.78974598131488,77.10111378654958,Robbery,Blunt Object,False
2023-12-09,01:39:22,28.63544790946148,77.05481744679608,Assault,Blunt Object,False
2024-12-30,04:56:48,28.65230327007835,76.92392587180538,Robbery,Blunt Object,True
2023-10-30,08:41:15,28.694065345742008,77.08767523484637,Theft,None,False
2024-12-05,06:08:40,28.83868750031777,77.16434623923882,Kidnapping,None,False
2024-02-11,05:31:57,28.711959740988654,77.10838831951543,Assault,Blunt Object,False
2024-05-08,23:23:15,28.645769676233343,77.07710680332129,Robbery,Firearm,False
2023-12-31,19:05:53,28.697992373442684,77.10356669655367,Theft,None,False
2024-06-19,14:57:35,28.761570588278243,77.13928790768144,Fraud,None,True
2024-11-02,08:56:56,28.705065888961425,77.18278565762778,Burglary,Poison,True
2023-12-07,02:05:00,28.755519894505756,77.16506878031676,Assault,None,False
2024-08-21,01:00:34,28.7932495533301,77.03288078019398,Assault,None,False
2024-04-22,17:46:32,28.717112943809806,76.9520851469052,Theft,None,True
2023-09-17,10:31:11,28.6685353422215,77.1876721021616,Theft,None,False
2024-04-27,04:32:47,28.75853892839043,77.16471165750005,Burglary,Firearm,True
2024-01-01,14:21:45,28.782894989417766,77.01862713486571,Fraud,None,False
2024-06-26,14:25:21,28.80977304307757,77.2461089346182,Theft,None,False
2024-05-05,10:41:45,28.793924457285623,77.08613663291426,Fraud,None,False
2024-03-29,04:55:07,28.764543860518767,77.18678910478009,Robbery,Firearm,True
2024-04-26,09:35:13,28.715615231444048,76.9713263307755,Theft,None,True
2023-01-02,07:01:31,28.69823714950448,77.10875476000305,Fraud,None,False
2023-12-31,04:50:00,28.62805195689102,77.06419403074912,Assault,Blunt Object,False
2024-08-17,08:59:43,28.64790336650316,77.07785121739812,Kidnapping,None,False
2024-09-14,11:57:51,28.687201948560542,77.19114584791753,Theft,None,False
2024-03-04,20:24:44,28.652473209894854,77.19171053128048,Murder,Blunt Object,True
2024-03-13,07:08:49,28.761155133860605,77.15505944377078,Fraud,None,False
2023-11-19,05:26:31,28.656797778738543,77.17473226090813,Murder,Blunt Object,True
2024-05-14,14:02:04,28.63243177230466,77.04234991560493,Cybercrime,None,False
2023-08-24,22:19:43,28.704070848485852,77.09452177878558,Robbery,Firearm,False
2023-05-19,14:27:32,28.810353055802686,77.03081228060563,Theft,None,False
2024-07-26,17:02:20,28.71703753155866,77.08680900975307,Cybercrime,None,False
2023-01-31,03:23:08,28.651091041399514,77.11218978760344,Robbery,Knife,False
2023-11-08,16:34:36,28.613284605139235,77.06027993151953,Cybercrime,None,False
2023-07-26,23:49:07,28.682304909375645,77.07910920145552,Burglary,Blunt Object,True
2024-09-22,01:27:03,28.722651185730353,77.10628226285432,Burglary,Blunt Object,False
2023-11-14,13:16:28,28.708895105629413,77.10789654774345,Cybercrime,None,False
2023-12-11,20:56:01,28.765362637733713,77.09421130161252,Cybercrime,None,False
2023-04-07,01:08:25,28.670892536285212,77.18416816059519,Burglary,Rope,False
2023-07-30,14:37:00,28.685668039489133,77.19376238188437,Fraud,None,True
2024-06-15,00:44:04,28.68006015243116,77.17928436946681,Robbery,Firearm,False
2023-11-18,15:37:51,28.684641533696034,77.10588705494354,Fraud,None,False
2023-02-02,17:15:02,28.65674766184458,77.08433548610938,Cybercrime,None,False
2024-12-02,18:18:30,28.83823300695497,77.11174211473393,Fraud,None,False
2024-11-24,15:26:59,28.755452825085523,77.13802782220742,Cybercrime,None,True
2024-04-18,06:35:29,28.701007560923674,77.10008685096255,Assault,None,False
2023-05-02,01:10:00,28.62118565145566,77.10466654117036,Robbery,Blunt Object,False
2024-03-05,16:21:24,28.661181770977237,77.11049958552437,Cybercrime,None,True
2024-01-30,11:55:51,28.716250300981894,77.00692456421774,Cybercrime,None,False
2024-07-20,05:13:38,28.750112982175168,77.15327374282761,Robbery,Firearm,False
2024-09-30,23:21:01,28.822529943115672,77.12817191727957,Assault,Blunt Object,False
2023-03-07,22:44:17,28.697480648200827,77.10649004759244,Assault,None,False
2024-11-24,20:23:54,28.801175488893215,77.0416670647259,Kidnapping,Firearm,False
2023-03-05,10:07:31,28.649575265304357,77.06975590175482,Theft,None,False
2023-11-25,13:24:48,28.718499540414285,77.11325626794019,Fraud,None,False
2024-03-21,22:39:20,28.759767603811177,77.1631864221959,Assault,None,True
2023-01-03,00:10:26,28.773283489037357,77.01747734747661,Robbery,Knife,True
2024-01-14,14:56:18,28.719809865064384,77.10936807096506,Theft,None,False
2023-05-06,01:51:13,28.649708994648673,77.18508526698278,Assault,None,True
2024-05-12,05:47:08,28.685471364135488,77.09715227743943,Fraud,None,False
2024-05-30,12:01:18,28.699250444551225,77.08613698214901,Fraud,None,False
2023-10-01,09:24:58,28.659047310072694,77.04890798731337,Cybercrime,None,False
2023-06-02,13:38:50,28.698216599426924,77.11157979757806,Theft,None,False
2024-02-22,22:58:35,28.680560453434286,77.17141825303516,Assault,None,False
2024-06-04,16:48:02,28.790924892092605,77.0353978447866,Cybercrime,None,False
2024-05-10,02:26:12,28.937403556211148,77.14289404160684,Murder,Blunt Object,False
2024-12-13,05:12:06,28.702687581789316,77.09393498042881,Kidnapping,Rope,True
2024-12-10,18:02:34,28.629675663304443,77.01992309045319,Theft,None,False
2023-01-03,23:07:34,28.68781098813912,77.18267969915017,Robbery,Firearm,False
2023-09-21,02:13:50,28.760624712397473,77.2539247599981,Murder,Firearm,False
2023-03-02,01:42:06,28.468253585779255,77.23038737647005,Robbery,Firearm,True
2024-05-21,16:55:28,28.674653969117834,77.18685048371641,Theft,None,False
2023-01-01,15:56:25,28.621259677825176,77.02698756015515,Theft,None,False
2024-08-12,17:03:55,28.7529845889813,77.34095978003316,Theft,None,False
2023-01-10,14:56:36,28.79413313312815,77.0451552292142,Cybercrime,None,False
2023-06-11,20:44:01,28.672179987297387,77.17649795775415,Theft,None,False
2024-10-06,03:39:57,28.69629195048421,77.09761726275303,Burglary,Rope,False
2023-06-21,15:57:42,28.623572175668297,77.05525080657108,Theft,None,False
2024-02-10,23:18:51,28.748496468439402,77.15074641825605,Murder,Firearm,True
2024-03-07,09:55:44,28.78541750109747,77.03612450868627,Cybercrime,None,False
2023-10-17,13:58:45,28.75395074627557,77.14668556913658,Cybercrime,None,False
2023-02-15,07:26:00,28.507764135673447,77.04496913915983,Fraud,None,True
2023-11-24,12:46:35,28.74437549362313,77.15716066748278,Theft,None,False
2023-09-01,09:22:13,28.76319287396694,77.1618857106706,Theft,None,False
2023-06-08,02:01:04,28.65166952736128,77.06116474264547,Assault,Blunt Object,False
2023-11-27,10:25:50,28.66888044434524,77.17502897246334,Fraud,None,False
2023-10-12,05:42:28,28.629025010833985,77.07241853700508,Robbery,Knife,False
2023-10-12,08:03:20,28.686628896207004,76.97786597063792,Kidnapping,Knife,False
2024-05-27,15:48:49,28.621450862428976,77.01580265435675,Cybercrime,None,False
2024-01-10,20:10:16,28.75453024485015,77.16317467851071,Robbery,Firearm,True
2024-04-08,08:10:06,28.66930104504044,76.87724664852165,Burglary,None,False
2024-07-25,23:47:37,28.67220819664841,77.18093806099903,Burglary,Firearm,False
2023-05-17,14:52:57,28.781850797690645,77.02622538833526,Theft,None,True
2023-12-23,13:18:13,28.75627439080726,77.15316141115149,Cybercrime,None,True
2024-09-29,13:35:52,28.643851696858736,77.06662641361443,Theft,None,False
2023-10-24,03:22:18,28.77980167176852,77.027634143303,Robbery,Firearm,False
2024-07-28,14:27:34,28.797901232895853,77.03809355409717,Fraud,None,False
2023-01-26,01:16:26,28.682369460609426,77.19476104585334,Robbery,Firearm,False
2024-05-09,21:23:08,28.75935944180625,77.16178388679137,Cybercrime,None,False
2023-07-25,17:16:49,28.6883065483793,77.10454153871997,Cybercrime,None,False
2023-03-10,06:17:10,28.642272815381858,77.079276840909,Cybercrime,None,False
2023-12-09,19:17:42,28.793376455318032,77.02619554809208,Theft,None,True
2024-03-09,05:48:26,28.677827941585292,77.1841768133345,Robbery,Firearm,False
2024-02-11,10:05:37,28.758643314331522,77.14231157530625,Fraud,None,True
2023-12-10,09:02:20,28.677700164652382,77.18021848650712,Theft,None,False
2024-04-05,01:25:28,28.786924497640555,77.02525614834879,Assault,Blunt Object,True
2024-12-08,03:56:14,28.698249368286035,77.11423842020368,Robbery,Knife,True
2023-10-07,01:35:09,28.6935845244166,77.09272245598959,Assault,Blunt Object,False
2024-07-21,23:35:19,28.78358418742784,77.02478109624815,Assault,Blunt Object,True
2024-02-16,18:45:44,28.615597136773722,77.11300759712084,Theft,None,False
2024-06-17,00:39:34,28.739049341430963,77.14242037765086,Robbery,Knife,True
2023-02-12,19:53:51,28.724640955829237,77.1070947505897,Robbery,Firearm,False
2023-12-15,01:12:48,28.746634366477302,77.15668215078267,Burglary,Rope,True
2023-12-14,13:42:48,28.75977330476987,77.1624441442009,Cybercrime,None,False
2024-11-04,15:43:58,28.70282843970543,77.11226497702773,Cybercrime,None,True
2023-08-30,02:29:36,28.73371553475118,77.14193691869525,Robbery,Knife,False
2024-10-13,02:44:01,28.645738714017366,77.06579633532807,Robbery,Blunt Object,False
2024-04-03,15:21:55,28.612921771233136,77.12844199912632,Fraud,None,False
2024-12-23,12:37:24,28.63786159751313,77.05973040905774,Fraud,None,False
2023-02-22,16:38:24,28.654347738006653,77.07158937496888,Cybercrime,None,False
2023-09-27,21:17:29,28.694129396726368,77.0919274853798,Kidnapping,Poison,True
2024-02-03,00:09:49,28.66298266044467,77.09982536988271,Assault,None,False
2024-03-19,13:27:03,28.77752101511425,77.04290642442801,Theft,None,False
2024-03-05,14:13:35,28.757573898417085,77.15656085109875,Theft,None,True
2024-08-11,22:42:19,28.77143461171055,77.04417290717385,Robbery,Firearm,False
2024-08-06,14:25:16,28.42208311777593,77.18590554518494,Theft,None,True
2023-02-10,19:14:13,28.793443117376707,77.02817598812723,Fraud,None,False
2024-12-24,20:31:04,28.83139102172474,77.09619024470457,Kidnapping,Knife,False
2023-08-20,00:50:10,28.710343170332745,77.13645287874043,Burglary,Knife,False
2024-07-19,17:48:40,29.022757491181107,77.2369433908083,Theft,None,True
2024-02-28,03:35:41,28.77421312007129,77.01121955133989,Assault,Blunt Object,False
2024-01-07,17:50:26,28.71845898254795,77.02118759061537,Theft,None,False
2024-12-05,11:45:24,28.76232110847283,77.15390466975735,Cybercrime,None,False
2023-02-07,18:51:45,28.77285478320386,77.0333112458342,Theft,None,False
2023-05-25,23:16:03,28.775605825302836,77.03401216221339,Burglary,Poison,False
2023-05-08,21:27:48,28.695509226836347,77.10277487633361,Burglary,None,False
2024-01-26,22:19:36,28.79160469861935,77.03196948008076,Robbery,Firearm,False
2024-04-14,15:51:33,28.66501117328276,77.12282762210575,Fraud,None,False
2023-08-30,03:01:06,28.711071826207927,77.09142816730119,Assault,None,False
2023-05-06,19:23:05,28.730165615470522,77.23425408190175,Assault,Blunt Object,False
2024-10-12,17:07:23,28.761465696327672,77.10827541466674,Cybercrime,None,True
2024-06-10,00:38:46,28.65049737506699,77.06702496456103,Robbery,Knife,True
2024-03-06,04:43:52,28.7616360110916,77.13226068389018,Burglary,Firearm,True
2024-11-07,20:48:13,28.658565438663366,77.19254829149483,Murder,Firearm,False
2024-11-13,07:46:30,28.553572082383855,77.14265386357192,Murder,Firearm,False
2023-03-16,01:06:57,28.700579503439677,77.09253810754404,Assault,None,False
2023-05-07,19:14:43,28.739064975714747,77.12260335037166,Fraud,None,False
2024-08-09,23:11:52,28.915134265209637,77.04001887954642,Robbery,Knife,False
2023-09-21,17:08:14,28.848111012006918,77.13774229143844,Theft,None,False
2024-12-30,03:33:11,28.63799781184573,77.18242464575174,Robbery,Blunt Object,False
2024-06-05,09:06:50,28.64975738504454,77.06285843294859,Theft,None,False
2023-06-27,14:21:19,28.730729535644063,77.04280129689545,Theft,None,True
2024-04-25,17:19:08,28.665842128747453,77.19009442173824,Fraud,None,False
2023-10-17,05:11:13,28.641860605756868,77.0616991700175,Burglary,Firearm,False
2023-05-13,04:52:34,28.706898215959445,77.10515288344784,Robbery,Firearm,False
2024-04-11,16:36:33,28.629806735290263,77.07536252086454,Theft,None,False
2023-06-18,03:52:58,28.755311821519008,77.15047346737178,Burglary,Poison,False
2023-10-16,19:09:47,28.758408460051697,77.15486542193615,Murder,Knife,True
2023-07-14,19:20:31,28.681770626894895,77.1878798367215,Assault,Blunt Object,False
2024-07-01,17:48:38,28.77588462289963,77.23759939057275,Fraud,None,False
2024-11-14,10:23:22,28.762936245489712,77.15089513779672,Theft,None,False
2024-08-31,11:19:33,28.692870988439232,77.11917797933005,Theft,None,False
2024-08-13,08:53:59,28.671722766266527,77.1777689258664,Burglary,Poison,False
2023-06-03,11:33:00,28.736732731822357,77.15588473105312,Theft,None,True
2024-12-30,23:29:54,28.71898866039538,76.95098850637505,Burglary,Firearm,False
2024-03-31,23:28:41,28.749427404213318,77.05268080792986,Burglary,Rope,True
2024-06-13,15:49:13,28.731003150072887,77.0968063880791,Theft,None,False
2023-03-22,08:11:08,28.66058066678022,77.01502237757457,Kidnapping,Poison,False
2023-12-02,21:19:38,28.831887652104196,77.06522242055352,Burglary,Rope,True
2023-12-10,15:57:19,28.696850858462344,77.10956955009921,Theft,None,False
2023-02-22,03:10:53,28.566064706458683,77.1650110546249,Burglary,Blunt Object,False
2024-03-08,05:00:40,28.72191399716601,77.10816607832835,Fraud,None,False
2024-01-24,12:51:18,28.7104789831626,77.11120060216908,Theft,None,False
2023-03-29,17:25:42,28.721197080286757,77.1145989396002,Fraud,None,False
2023-05-19,00:44:24,28.748066972227303,77.19288914006361,Robbery,Knife,True
2023-04-10,09:18:11,28.74524065074535,77.16026293590748,Theft,None,False
2023-03-01,14:23:08,28.694044440288163,77.09882977581368,Theft,None,True
2024-08-23,12:23:10,28.753274378248566,77.0365142965937,Theft,None,True
2024-03-31,03:34:25,28.667661279888915,77.19361145215206,Burglary,Rope,True
2023-01-02,09:39:16,28.758001926106054,77.16374095894702,Fraud,None,False
2023-07-07,09:56:09,28.663264034553276,77.1928838603716,Theft,None,False
2024-12-09,21:26:56,28.805158563443634,77.04014158299933,Fraud,None,False
2024-09-26,10:49:42,28.652003490086926,77.06419597676395,Cybercrime,None,False
2023-12-20,04:11:08,28.651633121943465,77.17861923727015,Burglary,Poison,False
2023-03-07,06:33:18,28.76903917089598,77.0283224487508,Assault,Knife,False
2023-12-02,08:26:50,28.62638943197663,77.05546343622684,Fraud,None,False
2024-11-27,17:37:26,28.680520450918934,77.1875539337622,Theft,None,False
2024-02-02,12:11:23,28.644609136955356,77.06420400994062,Fraud,None,False
2024-11-12,02:32:02,28.62524135382136,77.0587743771943,Robbery,Knife,False
2023-01-02,17:07:24,28.777286483935647,77.02590940309487,Cybercrime,None,True
2024-06-06,01:05:11,28.65009578627814,77.05389492673494,Murder,Knife,True
2024-02-08,14:18:36,28.778053191498724,77.01162930754292,Cybercrime,None,False
2024-11-15,09:56:16,28.67115876819624,77.17162162452287,Theft,None,True
2023-10-24,08:23:01,28.644892029286897,77.05298891953258,Kidnapping,Blunt Object,False
2023-02-21,07:56:16,28.645145422455492,77.06105314239258,Burglary,Firearm,False
2024-01-16,05:15:27,28.720820417730422,77.10747217980453,Kidnapping,Firearm,False
2024-01-24,17:49:35,28.520136212743772,76.97601111558974,Theft,None,True
2023-04-06,02:00:59,28.704652080089925,77.09320152051608,Burglary,Knife,False
2024-04-17,14:03:14,28.75441631569764,77.04599546313835,Theft,None,False
2023-03-15,06:40:40,28.77612240169054,77.15459768734918,Fraud,None,True
2023-07-29,23:53:37,28.69802676954529,77.1067767677101,Burglary,Knife,True
2024-02-09,06:24:35,28.633663967577913,77.12298573002178,Cybercrime,None,False
2023-09-19,08:07:04,28.774894167741635,77.04766288450557,Theft,None,False
2023-12-11,14:19:03,28.688397633459182,77.11482283829511,Cybercrime,None,False
2023-03-05,23:44:11,28.754489158280176,77.14760533004659,Robbery,Firearm,True
2023-02-25,13:03:35,28.720800292169574,77.17583480071782,Fraud,None,False
2024-06-06,16:49:57,28.687767467366942,77.18563143023134,Cybercrime,None,True
2024-05-28,03:56:08,28.615030391473773,77.10806301237659,Robbery,Knife,False
2023-07-20,17:20:45,28.885779323666238,77.23726780855127,Fraud,None,False
2023-06-13,17:34:32,28.79318763478124,77.04045687020124,Cybercrime,None,False
2024-09-01,11:32:17,28.774045009060654,77.218375483451,Fraud,None,False
2024-12-14,02:13:40,28.66953371214278,77.16894913934226,Robbery,Firearm,True
2024-12-11,21:24:06,28.64479003500737,77.05432418413223,Fraud,None,True
2023-07-07,17:24:46,28.693549792446227,77.09529721423412,Theft,None,False
2024-12-13,03:49:05,28.66895313924534,77.06386124634076,Robbery,Firearm,False
2024-03-06,00:43:03,28.787719078363608,77.02027637192997,Robbery,Firearm,False
2024-05-08,03:02:36,28.65566247041207,77.17430947356881,Burglary,Rope,True
2024-12-18,22:46:12,28.65848195585209,77.06584275466076,Burglary,None,False
2023-03-29,17:13:06,28.76395950914444,77.17635660392021,Theft,None,False
2023-06-10,05:38:54,28.698186506202017,77.11637965583974,Assault,Blunt Object,False
2024-12-08,19:54:29,28.640819240077782,77.24312323592626,Kidnapping,Poison,False
2023-07-19,00:12:32,28.678523021561354,77.16460954845755,Assault,None,False
2024-09-14,08:06:42,28.636619905133998,77.04465061467128,Assault,None,False
2024-06-23,22:17:57,28.685732821327942,77.18225264579198,Burglary,Firearm,False
2024-10-26,14:55:31,28.681816575600504,77.1062574688172,Theft,None,False
2024-05-25,09:41:15,28.778728357376117,77.01766194144967,Theft,None,False
2024-12-01,05:29:37,28.690879658369685,77.18357285866097,Vandalism,None,False
2023-05-06,20:02:51,28.75116568597687,77.14850575219015,Kidnapping,Rope,True
2024-07-06,17:28:58,28.738967205308423,77.13945451100416,Theft,None,False
2023-12-26,00:55:50,28.83259167848751,77.05511171302143,Assault,None,True
2024-06-26,00:23:01,28.78432067700937,77.012056695238,Robbery,Knife,False
2023-09-24,09:14:04,28.660919079642046,77.18859812519875,Theft,None,True
2024-06-28,19:57:14,28.67787711760114,77.20003375198725,Fraud,None,False
2024-10-11,10:45:55,28.68752956331631,77.18019289027515,Theft,None,False
2023-08-28,10:56:07,28.648829535647135,77.05933396557097,Cybercrime,None,False
2024-02-23,08:19:58,28.724648098186385,77.11399014696053,Assault,Knife,False
2023-06-24,18:16:37,28.675796850908576,77.18450394784877,Theft,None,True
2023-08-12,17:39:19,28.6585485028726,77.06829577847114,Theft,None,False
2023-02-21,11:45:53,28.7996862801707,77.01056352073742,Cybercrime,None,True
2023-11-24,23:03:40,28.75871228261499,77.14734565135319,Robbery,Knife,False
2024-10-18,20:31:21,28.69166377987628,77.1979639868719,Fraud,None,False
2023-12-30,21:23:24,28.784428358091013,77.04785630978812,Cybercrime,None,False
2024-01-22,00:35:06,28.691931145199923,77.18324406671927,Burglary,Rope,False
2024-07-24,03:23:27,28.728819337724318,77.10218658847332,Burglary,Firearm,False
2023-08-26,14:09:29,28.68264790496641,77.18908725885844,Theft,None,False
2024-06-23,12:44:44,28.70056209268858,77.10335339775796,Fraud,None,False
2024-11-30,12:36:37,28.71819434424051,77.10269218852218,Cybercrime,None,False
2023-04-26,23:00:04,28.627149822070248,77.0661731938785,Burglary,Firearm,False
2024-02-04,02:20:56,28.697137064209475,77.11115271157296,Murder,Firearm,False
2023-09-14,17:23:03,28.681061897158262,77.19721400348168,Theft,None,False
2023-03-23,05:09:20,28.65317532300793,77.07340244283658,Assault,Blunt Object,False
2023-03-16,22:36:15,28.667409032398623,77.19053986495891,Robbery,Knife,False
2024-08-29,19:34:59,28.6937845128936,77.17561350091364,Assault,None,False
2023-02-11,23:16:27,28.88407382917271,77.04756499087988,Assault,Knife,False
2023-10-21,12:46:04,28.7755802875495,77.03546200443355,Fraud,None,False
2024-07-17,13:15:52,28.791259104161288,77.04161750123974,Theft,None,False
2023-03-10,20:48:47,28.60792375792268,77.14595400972543,Assault,None,False
2024-11-04,17:05:18,28.637244454285167,77.04761077743929,Theft,None,False
2023-09-10,02:00:51,28.634812636844675,77.05499099634044,Assault,Blunt Object,False
2023-07-19,13:24:50,28.789315951603523,77.0440221366307,Fraud,None,False
2024-11-17,19:43:21,28.68936793370125,77.10601961074208,Theft,None,False
2023-06-10,18:20:30,28.58643018142291,77.16540854090141,Theft,None,True
2024-06-21,17:50:36,28.747872694189965,77.14198670981978,Fraud,None,False
2024-10-29,20:05:55,28.712096645153476,77.09663077394555,Burglary,Rope,False
2024-04-21,15:28:15,28.67250360486473,76.88050109124437,Theft,None,False
2024-10-18,18:46:03,28.713565513614235,77.1107090852117,Fraud,None,False
2024-02-26,00:59:28,28.70464578442813,76.94974190586443,Burglary,Rope,False
2023-12-10,00:24:19,28.796193691783348,77.0258373661364,Assault,Blunt Object,False
2024-11-08,01:41:17,28.77956646549899,77.05562044056362,Burglary,Knife,False
2023-01-28,02:58:27,28.69706363555891,77.10992209962427,Robbery,Knife,False
2024-12-07,05:22:21,28.76030922620826,77.14151721928802,Fraud,None,False
2023-06-12,12:35:02,28.706920005425545,77.1062638856189,Theft,None,False
2023-11-08,02:51:17,28.706819405909407,77.10198081641225,Assault,None,True
2023-11-24,07:24:06,28.689212831241107,77.16937339439201,Vandalism,None,False
2024-07-20,03:17:49,28.79431458104015,77.04072342298689,Assault,Blunt Object,False
2024-11-18,18:14:02,28.711083991213293,77.1136697942764,Theft,None,False
2023-07-25,20:02:50,28.783174006047314,77.01381025924175,Theft,None,False
2023-12-13,22:31:19,28.673377073402854,77.17258805782376,Burglary,Knife,False
2024-01-15,01:12:36,28.69678140790142,77.09007580326168,Assault,Blunt Object,True
2023-02-16,14:52:55,28.639326551415564,77.05653376306016,Fraud,None,False
2024-07-01,03:53:12,28.62032430170073,77.06950221911282,Robbery,Knife,False
2023-07-07,17:36:13,28.926132185800487,77.16312371934964,Cybercrime,None,False
2024-07-24,05:39:53,28.70207076043466,77.10195253604324,Robbery,Firearm,False
2024-04-29,03:45:56,28.63989014131987,77.06340041583867,Burglary,None,False
2023-02-06,19:16:00,28.703729919059267,77.09408951569603,Kidnapping,Poison,False
2023-09-25,18:16:19,28.720928883889478,77.08762845764291,Theft,None,False
2024-06-12,04:30:03,28.775933154319425,77.09238023726826,Burglary,Knife,False
2023-12-11,15:03:52,28.693108318150657,77.18590864599248,Theft,None,False
2023-12-25,20:32:20,28.780500944628166,77.03002292801567,Kidnapping,Blunt Object,False
2023-12-01,10:34:50,28.708090669451977,76.98822093050036,Theft,None,True
2024-05-07,23:59:28,28.66643130474882,77.16465056030809,Robbery,Blunt Object,False
2024-12-05,19:24:46,28.77487023101626,77.03343906481662,Vandalism,None,True
2023-11-24,11:50:42,28.707101750492846,77.08270670305004,Fraud,None,False
2024-05-30,10:37:47,28.672727882969557,77.18813409950823,Fraud,None,False
2024-06-23,00:46:29,28.752470878066237,77.14616211354223,Robbery,Blunt Object,True
2023-03-29,13:27:56,28.66288388549518,77.04842366450228,Theft,None,False
2023-11-07,21:06:42,28.640426944089196,77.11988235252448,Assault,None,False
2024-03-14,04:10:18,28.777176882277356,77.14506300083094,Robbery,Knife,False
2023-04-02,08:24:32,28.67228573673386,77.09733020606248,Murder,Firearm,False
2023-02-16,01:31:57,28.777226455656415,77.04348235803525,Robbery,Blunt Object,False
2024-10-18,20:09:38,28.730391146266935,77.14718940829621,Burglary,Knife,False
2024-09-29,01:21:07,28.7122831373632,77.09955905691612,Murder,Firearm,False
2024-03-23,23:38:02,28.775891610411495,77.0369075675444,Robbery,Knife,True
2023-08-19,23:51:46,28.794734323539714,77.12356354452152,Robbery,Knife,False
2023-06-18,11:04:58,28.636087796401874,77.06706203319152,Theft,None,True
2023-08-15,08:34:55,28.700079506997252,77.10995186881894,Kidnapping,None,False
2024-11-14,06:41:54,28.85242588848566,76.84194232443116,Murder,Firearm,False
2024-11-18,22:07:02,28.64521067473196,77.04514266063052,Robbery,Firearm,True
2024-08-28,19:58:48,28.668517885853298,77.05781875466204,Theft,None,False
2024-07-17,19:47:48,28.778737324182536,77.09896831404052,Fraud,None,False
2023-04-17,10:58:50,28.776069154192808,77.02327946952823,Theft,None,False
2023-02-22,20:33:27,28.689956791731007,77.19205938060179,Vandalism,None,False
2023-01-15,21:28:50,28.693535840873775,77.18305453335158,Vandalism,None,True
2024-02-21,19:25:01,28.7328919621246,77.07578084343447,Vandalism,None,True
2023-08-24,22:49:03,28.751229177968852,77.14208113067522,Burglary,Blunt Object,True
2023-04-09,13:16:59,28.704940101909244,77.09460753405115,Theft,None,False
2024-02-23,14:01:09,28.78851908922164,77.03420010218981,Cybercrime,None,False
2023-06-08,12:42:47,28.75697682043676,77.1692512993969,Theft,None,True
2024-08-30,18:13:31,28.673722820502345,77.19006727002854,Theft,None,False
2023-06-15,21:15:46,28.90925094640856,77.23316170692951,Kidnapping,Blunt Object,False
2023-02-08,20:13:13,28.795631696984547,77.0294331178448,Theft,None,False
2024-10-29,08:01:37,28.64639643055568,77.0493172370797,Robbery,Knife,False
2023-02-07,10:06:44,28.679089144009644,77.18524460177615,Theft,None,True
2024-04-03,03:11:17,28.78433385125156,77.04277194788244,Assault,None,False
2024-01-14,06:44:54,28.742022251775758,77.16884862851161,Fraud,None,False
2024-11-29,18:12:45,28.793117646879402,77.03179366020349,Fraud,None,False
2024-09-02,10:24:21,28.672612704121825,77.18730611215248,Fraud,None,False
2023-04-28,07:58:50,28.719308512320637,77.10351607718691,Cybercrime,None,True
2024-05-11,15:36:13,28.705540309019792,77.10268118477626,Theft,None,False
2023-07-16,16:10:27,28.882302411270146,77.0656116897063,Theft,None,False
2023-06-18,11:22:34,28.701149240138093,77.2488435654261,Cybercrime,None,False
2024-12-22,17:41:20,28.75557010833613,77.16387058860046,Theft,None,True
2023-10-04,00:07:25,28.77498719943097,77.03044707478372,Assault,None,True
2023-10-17,05:38:25,28.658944340384405,77.05573660284236,Kidnapping,Firearm,False
2023-07-22,05:13:12,28.702587009602304,77.10506685230892,Fraud,None,False
2023-08-01,19:25:08,28.6051845482007,77.06111898813782,Murder,Blunt Object,False
2024-08-12,12:48:01,28.755226366818256,77.15296681734162,Theft,None,False
2024-10-05,13:10:51,28.832135202083712,77.25664571948323,Fraud,None,False
2024-02-16,19:42:11,28.77553915127999,77.03361268519168,Vandalism,None,True
2024-10-24,19:08:10,28.790842483084248,77.04766347465801,Burglary,Rope,True
2023-03-15,05:30:30,28.68128490297317,77.18540913401593,Fraud,None,False
2024-12-09,06:42:40,28.76076542531983,77.15923768834337,Assault,None,True
2023-09-12,05:30:50,28.611328570771562,77.12177987925064,Fraud,None,False
2023-09-07,05:37:50,28.65869160994189,77.06042643231306,Fraud,None,False
2024-03-25,10:36:37,28.675394466425473,77.18007483550474,Theft,None,False
2024-06-04,04:30:03,28.47271405043931,77.10455901772347,Burglary,Firearm,False
2024-10-17,16:40:05,28.67711791930653,77.1773750660912,Fraud,None,False
2023-10-24,09:46:31,28.588636305111528,77.01443935402185,Fraud,None,False
2023-07-26,15:11:07,28.780518761613557,77.2997524773047,Theft,None,False
2024-02-23,18:22:23,28.687924333409054,77.1690565399517,Theft,None,True
2023-12-05,08:22:14,28.78956273105507,77.03618376241907,Fraud,None,False
2024-10-23,18:15:18,28.645873293749123,77.05630244020288,Theft,None,False
2024-02-11,04:29:39,28.761160669498555,77.1620925337645,Murder,Knife,False
2024-05-10,16:23:26,28.69429689287202,77.0943929258992,Fraud,None,False
2023-08-01,20:11:29,28.75874263743236,77.15817994539525,Vandalism,None,False
2024-10-31,11:36:38,28.765862257067585,77.1396562802449,Fraud,None,True
2024-02-12,14:39:57,28.75430027339804,77.14181975624109,Theft,None,True
2023-05-19,19:34:43,28.673590577209364,77.1802382471232,Theft,None,True
2023-08-16,18:13:52,28.69942505460973,77.02252571118895,Fraud,None,False
2023-03-15,04:01:03,28.555371020679257,76.89305624732852,Robbery,Knife,False
2023-04-07,13:05:17,28.702788198457352,77.09818998894168,Theft,None,False
2023-11-22,21:06:35,28.63650623351962,77.23475484628317,Robbery,Firearm,False
2023-01-13,18:12:30,28.61815618132047,77.24418340821389,Theft,None,False
2023-12-28,02:10:12,28.69033843744269,77.16299099533211,Robbery,Firearm,False
2023-05-27,11:19:15,28.64502381458999,77.05850303509165,Cybercrime,None,False
2023-05-15,05:15:53,28.674981960552827,77.08805358746932,Kidnapping,None,False
2024-03-12,23:20:46,28.781593610710846,77.30441992527113,Robbery,Knife,False
2023-05-09,02:22:07,28.683126781426992,77.18573632472514,Robbery,Firearm,True
2024-09-20,21:11:15,28.673886676183688,77.19932662914648,Cybercrime,None,True
2024-06-20,02:20:27,28.725582392019575,77.09663157320476,Robbery,Blunt Object,False
2024-03-08,19:19:55,28.624100134396897,77.04151812536729,Fraud,None,False
2023-02-20,19:25:13,28.83628809921598,77.09779414592256,Assault,None,True
2024-07-24,05:58:10,28.72242419104587,76.92343490070434,Robbery,Firearm,False
2024-04-27,07:08:05,28.628781108721153,77.07295191860993,Theft,None,False
2023-07-22,21:03:53,28.78617838383364,77.02851407961087,Theft,None,False
2023-06-08,00:57:09,28.693726738016988,77.09465433007398,Murder,Firearm,False
2024-05-08,00:15:53,28.766183232859472,77.15494784619604,Burglary,Rope,False
2023-12-01,23:47:06,28.710221568069556,77.09351126189124,Burglary,Poison,False
2024-04-17,08:18:58,28.614561765145996,77.05726895693115,Vandalism,None,True
2023-06-28,05:33:31,28.61744294455745,77.13740122686282,Assault,None,False
2023-12-02,09:19:04,28.67695723713682,77.06945166017618,Theft,None,False
2024-07-17,10:46:03,28.67145960159384,77.06818769695339,Theft,None,False
2024-06-02,19:33:06,28.747801137624275,77.15597916078121,Fraud,None,False
2024-04-10,19:52:55,28.801906385994776,77.05079562596323,Theft,None,True
2023-06-27,09:48:56,28.69834662631957,77.105031836957,Fraud,None,False
2024-06-19,08:49:03,28.68980733120329,77.11074668624693,Cybercrime,None,False
2024-10-25,00:37:17,28.799633546990556,77.03289799454117,Robbery,Blunt Object,False
2023-02-09,00:29:44,28.777426159456397,77.03610130951279,Assault,None,False
2024-09-23,21:09:20,28.745845903136317,77.11061438318497,Theft,None,False
2023-04-08,22:56:34,28.64588715124336,77.0607618514953,Assault,Blunt Object,False
2024-12-24,18:12:58,28.80369549282264,77.17612274451652,Theft,None,False
2024-01-19,15:18:50,28.74426896852856,77.14239409396842,Fraud,None,False
2023-03-27,11:22:24,28.751556255829737,77.15986837124106,Theft,None,True
2024-11-24,07:16:40,28.718905741389083,77.03818495898774,Assault,None,True
2024-03-21,06:03:27,28.730251859672585,77.06941894804778,Burglary,Blunt Object,True
2023-03-21,14:07:01,28.65290486460224,77.06583058435066,Fraud,None,False
2024-02-13,08:15:16,28.672572181254786,77.12565187720465,Assault,None,True
2023-06-09,06:55:43,28.717250480595244,77.09680369923454,Robbery,Firearm,False
2023-05-04,21:55:13,28.67812656981647,77.18179539659535,Murder,Firearm,False
2024-09-10,23:11:11,28.75836983683862,77.14595435058405,Burglary,None,True
2023-01-06,12:06:49,28.755203354331595,77.16357823282416,Theft,None,False
2023-08-27,23:13:02,28.61039930187539,76.9695594896675,Robbery,Blunt Object,False
2023-03-31,17:10:45,28.77118544435513,77.02079337469802,Fraud,None,False
2023-04-23,08:43:52,28.790053232878925,77.01844140314135,Theft,None,False
2024-06-23,13:42:11,28.674310465525647,77.16432893033108,Theft,None,True
2023-12-01,15:24:59,28.678266590605485,77.17864441020038,Theft,None,False
2024-01-11,16:13:45,28.646009237317553,77.06357145329737,Theft,None,False
2024-08-16,01:35:46,28.781857590444517,77.03039165281346,Robbery,Firearm,False
2024-12-31,18:03:30,28.666454274347572,77.07059310903931,Cybercrime,None,False
2023-06-17,14:20:11,28.80890650917512,77.02753036867081,Cybercrime,None,False
2024-10-01,19:04:55,28.703250334031118,77.08917874234724,Robbery,Knife,False
2023-11-21,04:07:33,28.746004331979105,77.17151913148663,Robbery,Firearm,False
2024-12-19,18:13:54,28.77887965710158,77.05169281300145,Theft,None,False
2024-03-02,16:00:19,28.57976377393201,76.99715309659268,Theft,None,False
2023-09-28,03:21:52,28.670687687789766,77.18186250078321,Burglary,None,False
2023-11-14,11:33:32,28.7933308729245,77.03700770417187,Fraud,None,False
2023-07-16,09:15:14,28.74993684742656,77.15116684193482,Theft,None,True
2024-05-19,14:41:03,28.750909370802155,77.14335346264674,Cybercrime,None,True
2023-04-17,07:30:39,28.665220370633982,77.19277883891434,Theft,None,True
2024-04-07,07:45:46,28.62581835072073,77.07867358697445,Vandalism,None,False
2024-11-11,19:01:05,28.669800577439776,77.0252491393608,Robbery,Knife,True
2023-11-22,17:07:00,28.77807592906973,77.25102165841471,Fraud,None,False
2024-03-08,09:26:56,28.815863244160397,77.15268520493599,Theft,None,True
2023-10-25,04:43:43,28.794968634897216,77.01533502422858,Assault,Blunt Object,False
2023-10-25,02:44:06,28.63888169458512,77.05338829939976,Robbery,Blunt Object,False
2023-11-07,02:32:17,28.656346387312155,77.05866521981076,Assault,None,False
2024-11-05,14:24:32,28.79255406556782,77.0378585694249,Cybercrime,None,False
2023-05-30,04:37:16,28.695476930638364,77.09663041790024,Robbery,Blunt Object,False
2023-10-28,04:35:53,28.833481769081473,77.02495173513157,Assault,Blunt Object,False
2023-09-25,14:34:32,28.71658676101955,77.02424587136736,Theft,None,False
2024-09-20,05:25:04,28.78096047813084,77.03203838056031,Assault,None,False
2023-03-08,18:01:52,28.636271334897028,77.05289553046016,Theft,None,False
2023-04-11,15:46:14,28.646962733367776,77.05405262591209,Fraud,None,False
2023-01-10,15:39:40,28.775993424443012,77.02310946856299,Theft,None,False
2023-04-16,03:29:59,28.783320919536685,77.04193701634401,Burglary,Knife,False
2024-10-30,03:47:41,28.854752863631226,77.02990819140062,Murder,Knife,False
2024-10-09,03:49:46,28.665603107933315,77.05245295139294,Assault,None,False
2024-10-16,17:36:17,28.76493548523328,77.14528303545985,Fraud,None,False
2023-02-24,04:03:31,28.6653907673013,77.17505243843216,Burglary,Poison,False
2023-10-08,03:52:36,28.69885523003509,77.16049721710337,Burglary,Firearm,False
2023-11-10,18:08:34,28.68079868037905,77.17306014984652,Theft,None,False
2024-01-16,23:49:32,28.605134071248873,77.01083613066365,Assault,Knife,False
2024-05-04,01:15:12,28.702986455976145,77.1003984439581,Robbery,Knife,False
2023-09-05,02:47:07,28.774598245379302,77.03519603694065,Burglary,Rope,False
2023-11-24,01:46:33,28.930356880833532,77.05202845381649,Robbery,Firearm,False
2023-04-29,18:52:19,28.749764881787964,77.15809661570324,Theft,None,False
2023-10-03,23:27:24,28.668511837082633,77.18918964481719,Robbery,Knife,False
2024-11-03,12:53:59,28.77691457293221,77.05082119607579,Theft,None,False
2023-06-06,18:17:03,28.707547749725922,77.09629977050923,Theft,None,False
2024-02-04,14:29:55,28.638213083005308,77.05736200247291,Fraud,None,False
2024-09-12,22:02:57,28.841374966624887,76.97562489923988,Burglary,Knife,False
2023-04-03,21:43:47,28.747420583295405,77.14688339443074,Kidnapping,Firearm,True
2024-10-13,13:52:48,28.702531203324305,77.07538903073532,Theft,None,False
2023-01-27,18:35:15,28.689187721686096,77.09850177316405,Cybercrime,None,True
2023-04-02,04:28:07,28.643104493168153,77.0562190216492,Robbery,Knife,True
2023-12-07,21:56:33,28.710967754890476,77.11169408428755,Burglary,Poison,False
2023-06-14,07:38:01,28.69626133002706,77.12555415868508,Assault,Knife,False
2024-05-25,04:59:17,28.652489440026507,77.17828897227838,Robbery,Blunt Object,False
2024-03-15,04:29:19,28.794148216917577,77.02826563416822,Burglary,Rope,False
2023-04-05,06:53:55,28.77672738323608,77.05527688926033,Murder,Knife,False
2023-07-13,05:14:30,28.692290771901956,77.18717574912483,Assault,None,False
2023-09-18,06:32:59,28.6854891061148,77.16024064582042,Robbery,Knife,False
2023-01-13,22:10:49,28.62534485593713,77.05550421268269,Robbery,Firearm,False
2023-09-25,04:04:31,28.680501990113306,77.05350559790261,Robbery,Knife,True
2023-10-22,05:13:25,28.678599737084838,77.1063602461871,Kidnapping,None,False
2023-05-20,12:00:54,28.758465412828063,77.262689879159,Theft,None,True
2024-08-11,13:15:28,28.625269073522503,77.01548368422202,Theft,None,False
2023-08-18,14:23:43,28.677300155140355,77.0995643316341,Theft,None,False
2024-08-22,12:40:43,28.683111117810622,77.17638232137807,Theft,None,False
2024-03-08,02:36:04,28.775534448185436,77.1499340516421,Robbery,Firearm,False
2024-11-06,23:10:45,28.755569922842888,77.13886896919419,Robbery,Knife,True
2023-12-03,06:50:05,28.67697220345175,77.16270680205147,Kidnapping,Rope,True
2024-02-19,20:59:58,28.79103697955013,77.03974428176237,Murder,Blunt Object,False
2023-04-17,06:12:31,28.84002914243365,77.00050312812324,Assault,None,False
2023-02-04,20:18:20,28.645705621182977,77.06813816559387,Cybercrime,None,False
2024-12-21,17:16:35,28.788522816383303,77.02384700724866,Theft,None,False
2023-09-12,17:28:39,28.73018018110444,77.15596960296885,Theft,None,False
2024-06-15,07:28:03,28.6725750032169,77.17683329407039,Cybercrime,None,False
2024-03-10,20:09:59,28.761739453637155,77.15205080461845,Burglary,Knife,False
2023-01-07,22:28:26,28.690908049472323,77.08318547710904,Murder,Knife,False
2024-10-01,08:26:33,28.74281036734867,77.17643012294766,Robbery,Blunt Object,False
2024-07-11,20:21:23,28.711327767739327,77.10438612341976,Assault,Blunt Object,False
2024-10-27,15:56:06,28.78228339072814,77.03002607060054,Cybercrime,None,False
2023-08-17,07:36:16,28.765771959833593,77.14759404258096,Cybercrime,None,True
2023-09-30,14:24:23,28.709869204106845,77.09901572049709,Theft,None,False
2024-03-26,17:46:39,28.77350156631835,77.15992288507579,Cybercrime,None,True
2023-12-31,11:43:13,28.65655556814684,77.05665590225311,Fraud,None,False
2023-09-28,20:05:21,28.809913611256743,77.07124225746054,Robbery,Knife,True
2024-08-01,23:44:07,28.64520034823933,77.0788504767062,Assault,Blunt Object,False
2024-07-01,10:12:23,28.633672249432436,77.06453247731305,Theft,None,False
2024-06-11,17:42:23,28.747900525851872,77.15450043808009,Fraud,None,False
2024-03-12,10:43:58,28.779592155069064,77.05336264100809,Theft,None,False
2024-04-01,00:35:15,28.7411506811466,77.16708885388633,Robbery,Knife,False
2023-08-07,08:28:50,28.686250656055915,77.20150888789604,Robbery,Firearm,True
2024-12-14,03:23:48,28.545277290129217,77.01561685121104,Murder,Blunt Object,False
2023-01-27,21:39:43,28.659019430591616,77.0437296084537,Assault,None,True
2023-09-19,02:04:40,28.543454109895958,77.05366922132886,Robbery,Knife,True
2023-01-09,07:49:28,28.723299378862226,77.26172250736488,Cybercrime,None,False
2024-07-05,21:08:34,28.752247340850698,77.14641760851936,Burglary,None,True
2024-06-13,04:43:05,28.78721389937696,77.03719596483296,Robbery,Firearm,True
2024-04-04,10:52:14,28.7885123982217,77.0307201379205,Theft,None,False
2023-09-07,05:22:04,28.65454913886082,77.17332384010894,Kidnapping,Firearm,True
2023-12-03,04:53:36,28.846127108526748,77.12120689379766,Burglary,Poison,True
2024-01-29,16:03:43,28.640874778808932,77.07368168548373,Fraud,None,True
2023-06-12,01:14:43,28.66279883367631,77.18024651866287,Burglary,Blunt Object,True
2023-11-18,11:40:50,28.717875840517404,77.05836224967054,Theft,None,True
2024-07-06,09:34:38,28.675107628229014,77.18062306068579,Theft,None,False
2024-12-14,19:36:39,28.660106569522142,77.1843147788188,Robbery,Blunt Object,False
2023-02-04,11:27:14,28.630816482084875,77.06415615125097,Theft,None,False
2024-01-14,11:51:47,28.84151358241501,77.0743976802724,Theft,None,False
2023-02-19,04:15:41,28.632385168700292,77.06123012186795,Assault,Blunt Object,False
2024-11-26,08:50:15,28.695780288919217,77.10844509002632,Theft,None,True
2024-10-04,02:51:21,28.78262011252477,77.04959763251667,Robbery,Firearm,True
2023-01-20,20:47:10,28.685729895956772,77.1809691949552,Robbery,Blunt Object,False
2024-01-03,11:15:44,28.77566090679731,77.06317635908373,Fraud,None,True
2023-01-14,01:27:49,28.707495688516516,77.06635658036498,Assault,None,False
2023-09-18,13:03:46,28.78074559598497,77.24579882767097,Theft,None,False
2023-10-30,19:29:47,28.652086482071912,77.07171936601286,Cybercrime,None,False
2023-01-20,10:16:09,28.683330334372357,77.18801255922335,Cybercrime,None,False
2024-02-10,15:28:25,28.590171384078975,77.27259715194165,Theft,None,False
2023-07-17,19:18:33,28.772144108266986,77.15016120396687,Theft,None,False
2023-04-02,18:27:52,28.750393020847838,77.15862411652915,Theft,None,True
2024-01-29,12:50:55,28.759181283518352,77.0823053931247,Theft,None,False
2024-01-12,20:36:45,28.741599743444127,77.1555570119075,Kidnapping,Poison,True
2023-12-13,00:47:02,28.759614365381758,77.1597582114804,Burglary,None,False
2024-12-01,09:59:42,28.67759292772354,77.17978884851638,Theft,None,False
2024-11-08,14:06:01,28.803500203950627,77.1090848497566,Cybercrime,None,True
2023-06-10,09:00:40,28.639450769856353,77.06069346617954,Theft,None,False
2023-06-16,13:11:17,28.736640309675252,77.15067758175822,Theft,None,False
2023-09-18,10:39:01,28.710984365198748,77.1058978302214,Theft,None,False
2024-09-13,06:33:14,28.719306641729812,77.09987025085985,Murder,Knife,True
2024-07-09,08:17:55,28.752831316305333,77.18177401763059,Burglary,Poison,True
2023-09-05,16:09:47,28.938385700828743,77.11697654911177,Fraud,None,False
2024-11-30,10:09:35,28.599681282113597,77.18729287533553,Fraud,None,False
2024-04-13,11:49:07,28.890672735596848,77.07024512897735,Cybercrime,None,True
2023-09-30,10:53:54,28.78820815386064,77.2253728055229,Cybercrime,None,False
2024-08-11,11:16:11,28.764270655439702,77.15375558522474,Theft,None,False
2023-08-29,21:07:06,28.634252624178686,77.09437204519865,Burglary,Rope,False
2024-05-21,20:23:39,28.708686004538777,77.11158222524092,Theft,None,False
2024-05-04,14:27:54,28.737494504799905,77.06450920334595,Fraud,None,False
2024-08-08,17:06:46,28.789653796561495,77.04110085067744,Cybercrime,None,False
2023-09-12,09:58:58,28.787896100564144,77.02413812885463,Cybercrime,None,False
2024-07-04,16:33:02,28.75228593965283,77.16197820776412,Theft,None,False
2024-08-08,16:15:06,28.565798219125554,76.8931821977609,Theft,None,False
2024-03-18,15:28:39,28.854908285014403,77.1536415255022,Fraud,None,False
2024-12-09,22:13:54,28.76477300025201,76.9948183026373,Robbery,Firearm,False
2023-06-17,13:51:19,28.777852806346655,77.13002486875685,Cybercrime,None,False
2023-08-04,04:07:20,28.688256724221517,77.11674283414274,Burglary,Poison,False
2023-01-16,19:19:52,28.719968332361873,77.06289160339207,Kidnapping,Blunt Object,False
2023-01-27,22:52:39,28.750320102540147,77.13234778094568,Robbery,Knife,False
2024-08-28,23:44:34,28.763433659963138,77.12868572072458,Burglary,Blunt Object,False
2023-10-12,16:12:50,28.782159198676666,77.04528485207453,Theft,None,False
2023-04-24,09:53:31,28.565714098100415,77.04282275236325,Theft,None,False
2024-04-24,02:01:02,28.61909917452396,77.07462050202285,Robbery,Firearm,True
2024-01-13,10:16:15,28.78477470025257,77.03680013523812,Theft,None,False
2024-12-09,22:40:56,28.70063026546895,77.09372644264846,Assault,None,False
2024-10-07,07:52:53,28.690960069497702,77.20661640191788,Cybercrime,None,False
2023-10-01,20:00:33,28.718428667188203,77.02682196329792,Murder,Firearm,False
2024-11-01,17:14:09,28.85164541310423,76.95782428936715,Theft,None,False
2024-12-07,09:53:04,28.780752266752952,77.02553882948655,Cybercrime,None,True
2023-12-08,00:57:38,28.58814644495495,77.07449757670783,Murder,Blunt Object,False
2024-12-03,16:21:32,28.617682792082604,77.10376544641487,Theft,None,False
2024-05-01,14:09:56,28.644371771676727,77.05628668276478,Fraud,None,False
2024-08-18,09:55:43,28.700394866434063,77.10019151032097,Cybercrime,None,False
2024-10-22,15:31:26,28.785084606111944,77.08765705989359,Cybercrime,None,True
2024-09-16,19:40:19,28.68234701740786,77.18835812983555,Theft,None,False
2024-03-21,11:08:58,28.761253069690074,77.2412845970346,Theft,None,False
2023-10-20,07:09:21,28.69290609120254,77.09776816893694,Kidnapping,None,True
2024-09-09,14:29:40,28.880429880029958,77.07676834994108,Cybercrime,None,False
2024-05-22,17:00:15,28.64594876310094,77.18047031656853,Fraud,None,False
2023-04-19,15:17:40,28.67544939530163,77.1563288688257,Cybercrime,None,True
2023-07-17,15:35:41,28.68743935639888,77.17536287536134,Fraud,None,True
2024-12-04,17:08:20,28.736956311518753,77.0799018454656,Cybercrime,None,False
2023-02-06,03:36:30,28.771216485807958,77.02179491865365,Robbery,Firearm,False
2023-03-05,17:29:21,28.694749171635724,77.11335671909184,Fraud,None,False
2024-11-16,01:40:39,28.672624618119,77.17728134483448,Robbery,Firearm,False
2023-11-12,21:05:58,28.610639108740976,77.22211502215262,Theft,None,False
2023-11-03,08:26:09,28.688742012725235,77.19434743898707,Burglary,Blunt Object,False
2023-10-13,22:42:05,28.75334373391542,77.13148300418707,Robbery,Knife,True
2024-10-16,12:49:57,28.69194062182024,77.1000418087329,Cybercrime,None,True
2024-08-09,10:56:30,28.637261397966537,77.04424487891015,Theft,None,False
2023-04-20,19:44:53,28.764670434191654,77.14554170053609,Burglary,Poison,False
2023-04-07,09:34:53,28.82369419074353,77.19067464007601,Theft,None,False
2023-03-26,23:47:38,28.759667179766335,77.15862884071764,Robbery,Blunt Object,False
2024-01-12,21:56:42,28.747946861179265,77.17107850151291,Fraud,None,False
2023-09-17,05:36:49,28.70453125430953,77.10551931685119,Assault,Blunt Object,False
2024-07-25,07:33:57,28.639192366643336,77.00938347392231,Cybercrime,None,False
2024-11-23,10:26:56,28.751829600880942,77.12425134959389,Cybercrime,None,False
2024-05-05,08:47:10,28.666206476340975,77.16811573281225,Murder,Knife,False
2023-01-10,06:31:42,28.631400769126728,77.07446133717092,Cybercrime,None,False
2024-12-01,02:53:16,28.642774618534993,77.06860914543242,Murder,Knife,True
2023-02-17,12:00:54,28.798603402587588,77.02127849438514,Theft,None,False
2024-09-12,05:18:15,28.69683005174283,77.0948123317144,Murder,Blunt Object,False
2023-09-09,16:57:40,28.720280684811662,77.12243383500584,Theft,None,False
2024-05-14,21:27:05,28.779256322540217,77.18083847241543,Assault,Blunt Object,False
2023-03-23,06:14:34,28.646064499714726,77.29723284869044,Vandalism,None,False
2024-05-14,17:28:51,28.706776962543586,77.1110311026445,Theft,None,False
2023-03-27,01:53:36,28.693547506122904,77.07569674126725,Robbery,Knife,False
2024-01-26,11:24:50,28.720730422595963,77.10789723679738,Theft,None,False
2024-05-12,08:01:28,28.798613754610702,77.03505328171747,Robbery,Knife,True
2023-01-21,09:36:26,28.775616334635767,77.02666657067122,Theft,None,True
2024-08-03,02:30:52,28.755129652424646,77.14623499783957,Robbery,Knife,False
2024-04-12,02:02:50,28.633025385913726,77.07451417031787,Murder,Firearm,False
2023-10-26,22:35:07,28.748651299291765,77.15388192747791,Robbery,Blunt Object,False
2023-08-03,13:28:20,28.707061335898857,77.0966184687468,Theft,None,True
2023-04-27,11:46:15,28.76860799466309,77.14132858238796,Fraud,None,False
2023-04-04,07:58:11,28.64671625263581,77.06496117706376,Cybercrime,None,True
2024-11-11,16:47:26,28.75355745397136,77.13953087386729,Theft,None,False
2024-01-04,15:06:15,28.682808175518634,77.18993510670335,Cybercrime,None,False
2023-01-07,06:43:53,28.63654314714088,77.17324872072054,Robbery,Knife,False
2023-08-30,21:41:01,28.64784907686301,77.04969387854639,Cybercrime,None,True
2023-04-11,10:32:15,28.74556071085429,77.1638828144489,Fraud,None,False
2024-09-23,05:45:17,28.707194161851422,77.0968569705419,Burglary,Rope,False
2024-03-01,02:48:57,28.745515241088274,77.14734606201885,Robbery,Firearm,False
2024-08-30,15:31:23,28.65965204701223,77.01790369673708,Cybercrime,None,True
2023-03-29,09:51:40,28.766682358876167,77.04390013286402,Theft,None,True
2024-04-27,03:02:19,28.801163367261143,76.97517445481932,Robbery,Knife,True
2023-02-03,11:01:32,28.717731129556366,77.01227617972853,Theft,None,True
2023-09-06,02:33:01,28.677943277677347,77.06802334201264,Assault,Blunt Object,False
2023-03-01,05:30:05,28.66982165784282,77.20252947084077,Cybercrime,None,False
2024-12-20,09:58:37,28.63969674315324,77.05441736174933,Fraud,None,False
2024-09-13,15:54:41,28.627841857050296,77.20687769564019,Theft,None,False
2023-12-07,13:41:26,28.68757897668307,77.09487377083565,Theft,None,False
2023-06-23,06:32:02,28.798568228401113,77.03493986187999,Murder,Knife,False
2024-02-01,21:30:19,28.72329220050361,77.31571464601437,Murder,Knife,False
2024-05-18,12:17:18,28.72873479529485,77.03168138386405,Cybercrime,None,True
2023-06-13,18:09:18,28.675892294312366,76.98895676909694,Fraud,None,True
2023-11-04,20:27:10,28.82969370400157,77.15995617175368,Vandalism,None,True
2024-07-23,00:46:00,28.795344141499708,77.0446298392855,Murder,Knife,False
2023-02-13,20:16:02,28.669957892190723,77.17305247147992,Burglary,Blunt Object,False
2024-01-26,11:52:22,28.698928688869195,77.01522389292116,Cybercrime,None,False
2023-04-04,10:53:10,28.78574956875409,77.04382096880836,Cybercrime,None,False
2024-10-01,09:29:14,28.687286035395083,77.11749950899078,Fraud,None,False
2024-06-26,19:37:03,28.753161543837766,77.16052727572438,Theft,None,False
2023-03-08,11:57:24,28.637321760571172,76.8828553738357,Cybercrime,None,False
2024-11-04,15:06:41,28.708808688593756,77.11237834421308,Cybercrime,None,False
2024-09-24,16:10:28,28.788563742447582,77.02609769504534,Theft,None,False
2024-07-30,18:22:59,28.66274987901814,77.1874449753178,Theft,None,False
2023-01-06,16:12:44,28.71824789529347,77.08992073723417,Cybercrime,None,True
2023-02-15,15:37:32,28.77232463342994,77.1430319990582,Fraud,None,False
2024-08-13,17:11:59,28.801850370211273,77.03281783904872,Theft,None,False
2024-02-05,14:58:05,28.65574429523129,77.18070797345682,Fraud,None,True
2024-04-15,03:02:29,28.763694960765996,77.14884944967196,Robbery,Firearm,False
2024-12-05,16:38:40,28.739352214587615,77.15085485468204,Theft,None,True
2024-07-03,00:13:02,28.61838276261083,77.1516814401088,Robbery,Knife,False
2024-06-03,10:20:17,28.65183399816068,77.05193729592251,Cybercrime,None,False
2024-06-26,22:45:37,28.747041959448843,77.16006642465108,Burglary,Blunt Object,False
2024-03-19,15:34:41,28.618215572170104,76.9942841864172,Theft,None,True
2023-07-01,20:08:33,28.63231308868204,77.06602038612958,Assault,None,True
2024-10-12,21:32:57,28.757191577195176,77.14565953969621,Burglary,None,False
2024-01-08,22:39:07,28.644150853961285,77.07777132384155,Burglary,Knife,False
2023-10-15,01:58:48,28.66435939843082,77.1629825739099,Assault,Blunt Object,True
2023-12-20,21:35:26,28.758650755757206,77.15139598836099,Murder,Blunt Object,False
2024-08-28,19:25:14,28.666999749131847,77.18902080237355,Vandalism,None,True
2023-12-17,14:44:44,28.652492251446688,77.0404172198012,Fraud,None,True
2023-04-09,00:31:48,28.667574020906684,77.20567516231198,Assault,Blunt Object,False
2023-03-13,14:41:18,28.759934049157984,77.15926103638297,Cybercrime,None,False
2024-10-31,14:29:55,28.82138942786315,77.10420688251997,Fraud,None,False
2023-12-12,22:32:20,28.792066841600914,77.03968062043839,Robbery,Blunt Object,True
2024-03-24,13:47:28,28.67949041496753,77.17927988029383,Fraud,None,False
2023-06-05,20:50:44,28.721305892236625,77.04366384356933,Fraud,None,False
2023-07-17,14:02:42,28.674228143045664,77.170815091079,Cybercrime,None,True
2023-09-07,13:40:45,28.77619376008727,77.02967687958076,Fraud,None,False
2023-03-04,22:31:51,28.609729456856993,77.05199827292549,Robbery,Firearm,False
2023-01-21,14:05:52,28.702460740232446,77.10652262344665,Fraud,None,True
2024-04-19,07:26:18,28.71359257301853,77.09786215628623,Vandalism,None,False
2024-07-02,07:17:06,28.837610461726864,77.19636110786256,Murder,Blunt Object,True
2024-10-17,00:09:45,28.754509383194396,77.11786491292966,Burglary,Firearm,False
2024-12-29,20:31:07,28.647291208418686,77.07437051150666,Assault,Knife,True
2023-08-19,11:24:09,28.766335796597595,77.16584946728383,Cybercrime,None,False
2024-09-15,22:53:27,28.70451326831877,77.10804967165,Burglary,None,False
2024-04-26,13:34:45,28.65753546506622,77.05626283965084,Fraud,None,True
2024-09-17,01:51:16,28.670915831462818,77.18266036663015,Burglary,Firearm,False
2023-01-16,04:36:19,28.683095987379794,77.19165172150718,Burglary,Poison,True
2024-03-11,09:34:16,28.67179135888802,77.1674139054562,Theft,None,False
2023-11-25,22:57:31,28.75656183944296,77.14331683862672,Assault,Knife,True
2024-07-12,11:56:01,28.555106379535978,76.97611284392663,Cybercrime,None,False
2024-07-09,18:29:37,28.647363810078456,77.07611037360932,Fraud,None,False
2023-01-25,13:56:15,28.784488945162362,77.03461380654647,Theft,None,False
2024-03-31,05:57:49,28.76592894938878,77.13705545090917,Kidnapping,Firearm,False
2024-12-11,05:05:54,28.789301764216003,77.03238410215683,Vandalism,None,False
2023-02-27,04:15:44,28.789760574588318,77.02766516091597,Robbery,Firearm,False
2024-07-20,18:34:25,28.665920627095733,77.18390508904287,Theft,None,False
2023-05-06,07:34:57,28.800591913233344,77.04110910104542,Robbery,Blunt Object,False
2024-01-03,03:22:15,28.7490230722982,77.13909027964019,Assault,None,True
2023-01-04,17:56:07,28.535893271630222,77.23410994518505,Theft,None,True
2024-01-18,02:27:59,28.60859177118642,77.06994865870051,Robbery,Knife,False
2024-04-29,14:49:28,28.657312111260776,77.0463609854452,Fraud,None,False
2024-01-27,20:27:10,28.853326450947506,77.07713595461075,Murder,Knife,False
2023-07-27,01:31:50,28.589241668476127,77.07776490728511,Burglary,Knife,False
2024-09-09,01:45:48,28.636874032185986,77.06690819798905,Robbery,Firearm,False
2024-03-25,02:56:50,28.747618675661123,77.13338357789081,Robbery,Blunt Object,True
2024-09-16,10:48:58,28.641894374655912,77.04893454947714,Fraud,None,False
2023-03-13,20:39:42,28.706143198839882,77.09062869667717,Assault,Knife,False
2024-03-17,10:49:51,28.63921987196828,77.06432587804214,Theft,None,False
2023-03-28,23:56:57,28.64197541274966,77.06500430283,Robbery,Knife,False
2023-10-14,13:34:27,28.71090287165718,77.09092066300269,Cybercrime,None,True
2024-08-20,11:38:12,28.703456024593752,77.06920496202493,Cybercrime,None,False
2024-10-30,03:55:28,28.64657333301683,77.05949185869625,Burglary,Poison,False
2023-08-22,08:43:58,28.605755023652204,77.13407194222965,Theft,None,False
2023-06-09,07:39:10,28.79582697577185,77.02773982252403,Assault,Knife,False
2024-01-31,00:08:53,28.694651855097582,77.1041502526244,Assault,None,False
2023-01-06,00:52:58,28.770743933333534,77.02589618629466,Assault,None,False
2024-03-15,18:45:14,28.82634021616505,77.10871792298124,Theft,None,True
2024-10-29,05:33:51,28.516153303605385,76.92280083527207,Fraud,None,True
2024-04-20,11:26:59,28.720308569264677,77.18873905759177,Theft,None,False
2023-07-27,15:02:55,28.542337854137386,77.14747126074965,Fraud,None,False
2023-07-18,19:17:37,28.687403435074895,77.2013785898796,Theft,None,False
2024-07-31,16:45:44,28.7574122275986,77.15756802594552,Theft,None,False
2023-02-21,22:58:13,28.652768155723717,77.20349752547996,Burglary,Firearm,True
2023-05-22,03:47:52,28.66834509786904,77.17316528841576,Robbery,Knife,False
2024-02-18,16:45:44,28.678579386556038,77.25366734141855,Fraud,None,False
2024-03-09,19:49:21,28.776180460475437,77.15375408679476,Fraud,None,True
2024-05-31,19:03:46,28.684080841726036,77.18293204048686,Robbery,Blunt Object,False
2023-11-16,05:57:01,28.74372204526982,77.16726743670789,Kidnapping,Knife,False
2023-01-24,15:22:30,28.697878725196436,77.11785530773372,Fraud,None,True
2023-05-18,05:42:29,28.717085413297692,77.10864036263958,Murder,Firearm,False
2024-03-29,00:18:19,28.886997475625435,77.32573460331858,Robbery,Firearm,True
2024-07-26,00:09:34,28.782347566370355,77.02441205881586,Burglary,Firearm,False
2024-04-11,20:03:38,28.685457301627437,77.1249468225543,Theft,None,False
2024-06-30,08:58:53,28.660131799108154,77.21600368571018,Assault,None,False
2024-10-11,04:55:59,28.666687446324904,77.19788265640912,Robbery,Firearm,False
2024-12-05,01:04:33,28.697098824081845,77.09058280866384,Burglary,Blunt Object,False
2024-10-17,22:03:28,28.782014935690462,77.02718224299039,Assault,None,False
2024-06-27,18:09:25,28.760062997854615,77.15198605072808,Fraud,None,True
2023-08-05,16:12:24,28.766870239455194,77.07339785269147,Fraud,None,False
2023-09-04,15:58:36,28.63758926289812,77.0441439452104,Theft,None,False
2024-06-22,19:12:20,28.908593879803103,77.1250170932227,Cybercrime,None,True
2023-12-08,11:39:07,28.73426237790547,77.14729790986546,Theft,None,True
2023-07-25,02:50:00,28.675068660324758,77.20095399681252,Robbery,Firearm,True
2024-11-15,12:18:51,28.80696987158899,77.01032821635181,Theft,None,False
2024-09-08,10:01:56,28.728283557535725,77.10218839635199,Cybercrime,None,False
2024-05-23,19:49:44,28.76656329811075,77.140949915026,Burglary,Blunt Object,False
2023-02-09,12:48:38,28.46428369047491,76.96165685096317,Fraud,None,False
2023-02-02,19:13:09,28.611596665238043,77.08362089327252,Murder,Blunt Object,False
2023-09-17,00:29:36,28.676245329188863,77.17325355981552,Assault,None,False
2023-05-23,04:15:15,28.6786262402998,77.18439334036181,Burglary,Rope,False
2024-03-13,12:29:10,28.790309333956138,77.04459531401137,Fraud,None,False
2024-11-10,10:56:53,28.6751078846975,77.01451606938991,Theft,None,False
2024-02-16,16:32:41,28.68237775214372,77.19052332777885,Theft,None,False
2024-04-19,05:53:55,28.755107358081215,77.17427554188681,Burglary,Rope,False
2023-02-14,15:46:53,28.779721778771382,77.02350142028367,Fraud,None,True
2023-04-17,08:17:20,28.788280914275063,77.02575062143087,Vandalism,None,False
2024-07-24,14:49:26,28.64905516524145,77.05416991744161,Fraud,None,False
2024-09-22,04:54:49,28.664075771706813,77.29158404200392,Assault,Knife,False
2024-10-24,09:12:26,28.78004412643252,77.02451148455984,Theft,None,False
2024-03-17,03:09:47,28.685806787887064,77.17198958049714,Robbery,Firearm,False
2023-02-23,20:22:22,28.697170567698528,77.1082656112051,Murder,Firearm,True
2024-08-16,05:51:33,28.79794114238733,77.22454763910811,Fraud,None,False
2023-01-05,23:34:32,28.776627781677792,77.03846008672987,Robbery,Firearm,True
2024-02-27,10:23:23,28.66943891800456,77.1764434436649,Cybercrime,None,True
2023-03-19,10:22:01,28.686132127822923,77.1770044560414,Fraud,None,True
2023-01-07,01:42:34,28.75688204596021,77.15405579469231,Burglary,Blunt Object,False
2023-11-27,11:14:48,28.693392456236616,77.11216092855356,Theft,None,False
2023-09-12,01:24:38,28.760128089367896,76.90387093881296,Robbery,Knife,False
2023-05-14,23:49:49,28.731842111123736,77.02520265658335,Assault,None,False
2024-10-28,05:41:22,28.813807530641263,76.95796001632193,Theft,None,False
2023-12-15,20:01:19,28.640535230313706,77.06612024550988,Vandalism,None,False
2023-02-27,18:10:14,28.64464340294142,77.07012958256713,Fraud,None,False
2024-02-11,13:35:57,28.658915780139907,77.19901914336867,Cybercrime,None,False
2023-02-16,16:17:26,28.759351446587885,77.16609718213002,Theft,None,False
2023-03-09,04:17:39,28.791524016923326,77.1013389885545,Assault,None,False
2024-01-02,01:13:14,28.63125801789089,77.05686446818751,Murder,Knife,False
2024-03-06,09:21:56,28.689995633328625,77.19635437781656,Theft,None,False
2024-02-28,12:19:18,28.64214000198963,76.82066957137978,Theft,None,False
2023-03-04,11:38:47,28.78197310265695,77.02962297111873,Cybercrime,None,False
2024-11-19,09:35:22,28.671602273879596,77.18778539201831,Theft,None,False
2024-01-18,20:51:46,28.712862125793215,77.112402995471,Kidnapping,Knife,False
2024-10-16,20:25:23,28.708557091401353,77.08449229298078,Cybercrime,None,False
2023-03-02,09:28:41,28.64068800267307,77.08554089783549,Fraud,None,False
2023-06-17,19:16:31,28.74152167348025,77.1392819568444,Burglary,Knife,True
2023-04-12,14:32:25,28.740048593977384,77.14403796225061,Cybercrime,None,False
2023-01-21,23:59:19,28.46578878189141,77.0785475683089,Robbery,Blunt Object,False
2024-04-13,10:10:01,28.673721071682053,77.19531495399254,Theft,None,False
2024-08-30,11:15:12,28.644576728946223,77.04603488613398,Theft,None,False
2024-12-10,23:25:51,28.678400891561715,77.17446175351758,Assault,Knife,True
2024-04-10,04:42:51,28.661932143589183,77.17415840953284,Robbery,Knife,False
2024-09-27,17:30:22,28.75835042296645,77.22837612397602,Theft,None,False
2023-04-16,20:29:43,28.788929299451773,77.03882023223618,Theft,None,False
2023-01-23,01:10:19,28.758830452728382,77.1535132717686,Burglary,Blunt Object,False
2024-09-20,18:29:26,28.65106930634963,77.03831224532931,Theft,None,False
2023-05-15,04:24:33,28.78521088351305,77.02205074965379,Robbery,Firearm,False
2024-04-26,01:49:54,28.71572902572544,77.10102844694784,Murder,Blunt Object,False
2023-03-15,00:03:51,28.704409480882678,77.08744928125746,Robbery,Firearm,True
2023-09-25,08:19:22,28.71426830889013,77.10877328120274,Murder,Knife,False
2023-12-25,04:15:32,28.75979478823405,77.02119771478313,Burglary,Knife,False
2023-10-09,02:02:03,28.776363601550617,77.03473599454448,Assault,None,True
2024-02-29,23:44:59,28.74715501589752,77.15684892962678,Robbery,Blunt Object,False
2024-10-26,10:38:53,28.682490873972334,77.09762455443594,Theft,None,False
2023-11-30,22:33:03,28.802067534654263,77.03689485827996,Robbery,Knife,True
2023-03-17,23:11:55,28.64576793664531,77.08235226535672,Robbery,Firearm,False
2023-04-07,18:36:00,28.620740463811988,77.05434688885212,Theft,None,False
2024-07-20,18:23:40,28.670088268282527,77.19108351233005,Fraud,None,False
2023-02-23,17:45:09,28.68285656363228,77.17383993291018,Theft,None,True
2024-01-15,23:29:42,28.714079543221427,77.0984668523268,Assault,Blunt Object,False
2023-07-09,16:09:27,28.656216396256493,77.05217357301878,Theft,None,False
2023-07-27,04:43:59,28.691768840093385,77.05348326846234,Burglary,Blunt Object,False
2024-09-12,19:07:28,28.684660303715656,77.17727218783435,Theft,None,False
2023-02-11,17:31:20,28.699855147098823,77.15318113976632,Fraud,None,False
2024-05-25,18:00:32,28.709552584830263,77.11136952607474,Fraud,None,False
2024-10-29,06:56:50,28.72521247768447,77.06067510847203,Fraud,None,False
2024-06-15,10:56:32,28.750603012546414,77.15275672315208,Theft,None,False
2024-07-12,08:10:29,28.706595924760745,77.10102828352152,Vandalism,None,False
2023-06-07,19:11:55,28.704292034209654,77.08732746139428,Burglary,Blunt Object,False
2023-01-19,03:39:46,28.770835528445467,77.12061122888895,Burglary,Firearm,True
2023-11-18,06:02:30,28.714118704135412,77.10250160507408,Cybercrime,None,False
2024-05-20,03:35:57,28.686716024214782,77.09891553810694,Robbery,Firearm,False
2023-03-14,23:34:42,28.642100700768818,77.06992903305434,Burglary,Knife,True
2023-08-07,23:20:36,28.49707264554866,77.1066179516949,Robbery,Knife,False
2024-09-23,15:24:06,28.75546752157933,77.03635121147185,Fraud,None,False
2023-05-26,04:05:53,28.75484628009817,77.14622963490851,Assault,Knife,True
2024-03-10,11:12:09,28.696804270667798,77.09841580149869,Fraud,None,False
2024-06-18,16:53:45,28.6330308007533,77.17086183119363,Theft,None,True
2023-11-30,08:16:33,28.636750481231648,77.05347089992952,Vandalism,None,True
2024-03-07,07:02:13,28.880892866683954,77.19857400118241,Robbery,Knife,True
2024-05-22,13:56:50,28.62548486639341,77.05485231710148,Cybercrime,None,False
2024-04-23,23:04:19,28.706524629717226,77.10573755067232,Burglary,Rope,False
2024-05-24,10:26:55,28.55505071342631,77.21835654928223,Fraud,None,False
2023-07-03,14:23:22,28.786622441918162,77.15069016320405,Cybercrime,None,False
2023-03-20,12:40:01,28.767667284907123,77.1570228999257,Theft,None,False
2023-07-31,19:37:35,28.748958087925185,77.25826792718223,Cybercrime,None,False
2023-01-27,16:10:57,28.81422195807277,77.01834925410886,Theft,None,False
2023-11-14,23:42:08,28.767419517867193,77.03607321350415,Robbery,Knife,False
2023-04-28,21:36:59,28.754515455095028,77.15016135070199,Fraud,None,False
2024-10-29,13:59:39,28.69026532687544,77.1012815438869,Theft,None,False
2023-10-12,00:13:51,28.706752570235803,77.09813709809006,Murder,Blunt Object,False
2024-04-02,02:42:39,28.735570994239076,77.18308977770012,Assault,None,False
2024-06-24,12:03:58,28.67379406935769,77.18474599476708,Theft,None,False
2024-07-08,05:40:54,28.76793424078556,77.15723196583225,Kidnapping,None,True
2023-07-16,03:15:50,28.72418242896745,77.00669206203587,Burglary,Blunt Object,False
2024-05-03,12:55:47,28.76081026011389,77.15580149949392,Fraud,None,False
2024-02-29,15:38:33,28.796937394337014,77.03296878543304,Cybercrime,None,True
2024-04-15,13:42:20,28.655937334998658,77.16549879131172,Fraud,None,True
2023-02-25,09:50:31,28.777668076375974,77.0454806402302,Theft,None,True
2023-01-02,06:44:56,28.74777677511105,77.11392326445024,Fraud,None,False
2024-12-12,11:04:18,28.67243160332306,77.18153638714412,Theft,None,False
2024-02-09,13:12:26,28.617561049495478,77.10092223111003,Fraud,None,False
2024-08-25,23:24:24,28.645650656720562,77.06527434798744,Burglary,Firearm,True
2023-12-12,00:05:55,28.671735095529083,77.07983067301014,Burglary,Firearm,True
2023-06-05,08:47:08,28.79631734565071,77.08952091707954,Assault,None,False
2024-03-12,06:45:55,28.80647023365901,77.25628549513266,Robbery,Firearm,False
2023-04-11,13:39:39,28.68264944651056,77.18784468535068,Cybercrime,None,False
2023-08-14,00:27:43,28.677368322094836,77.19115358709051,Robbery,Knife,False
2023-01-01,17:52:02,28.704993607385962,77.11234569845958,Fraud,None,True
2023-06-02,21:04:22,28.680241058052896,77.1789015953922,Assault,None,False
2024-05-05,04:03:41,28.76305850880103,77.15341480005978,Assault,None,False
2023-02-25,08:01:09,28.70303867992388,77.09773800839602,Fraud,None,False
2023-03-02,09:48:03,28.705760188478745,77.11246462615414,Theft,None,False
2024-10-17,17:05:09,28.712989400055932,77.1060339379746,Theft,None,False
2024-08-31,20:56:39,28.760096436407252,77.16521696791523,Murder,Knife,True
2024-02-01,01:46:21,28.702600337088292,77.0913457999647,Burglary,Firearm,False
2023-06-02,05:26:45,28.834212985217857,77.04952217479693,Vandalism,None,False
2024-07-08,18:49:34,28.66719661876656,77.16453802244666,Theft,None,False
2024-07-06,18:30:42,28.709812830531643,77.08628547375449,Cybercrime,None,False
2024-04-11,12:40:41,28.636597411923084,77.06838236794515,Fraud,None,False
2023-07-01,16:16:28,28.681319212524084,77.17598295851782,Cybercrime,None,False
2023-08-28,00:26:40,28.69068466730076,77.0152405473594,Assault,Knife,False
2023-09-21,17:46:19,28.778616032121885,77.03516215260154,Cybercrime,None,False
2023-08-10,14:00:16,28.639083533212037,77.06005784959824,Theft,None,False
2023-03-31,02:23:23,28.557629331838243,77.21579561648062,Assault,None,True
2023-06-13,19:28:05,28.70920066593171,77.11042905371838,Burglary,Firearm,False
2024-10-19,04:20:00,28.71700425324617,77.09424787124455,Burglary,Blunt Object,True
2023-02-27,20:40:35,28.78051605516972,77.0135516563242,Murder,Knife,False
2024-11-07,03:51:11,28.675504229101023,77.06100414684683,Robbery,Knife,False
2023-03-29,08:06:31,28.71448727899915,77.09011838855665,Robbery,Blunt Object,True
2023-03-18,08:47:08,28.71406388425643,77.1210759087665,Fraud,None,True
2024-08-31,01:45:12,28.673497192509718,77.17239118503412,Robbery,Knife,False
2023-12-22,19:53:28,28.752712035990545,77.13023238475043,Robbery,Firearm,False
2024-05-21,20:22:44,28.643721132989782,77.07070967139313,Robbery,Blunt Object,True
2024-03-20,19:28:31,28.643742423556265,77.0596586044531,Theft,None,True
2024-11-25,01:49:11,28.67937568116112,77.1885402484695,Burglary,Poison,True
2023-10-26,11:13:29,28.538109443749484,77.11138229622789,Cybercrime,None,False
2024-03-12,14:09:12,28.947698512422924,76.9689983754352,Theft,None,False
2024-12-02,05:32:17,28.695558116716693,77.29667461220518,Murder,Firearm,True
2023-02-21,20:17:02,28.685141751565435,77.17736603319224,Theft,None,False
2023-12-19,20:11:02,28.72471353796226,77.10228883200152,Burglary,Firearm,True
2024-05-11,21:27:34,28.666619281956784,77.18175747892508,Kidnapping,Rope,False
2023-02-04,08:23:28,28.751300338671935,77.15362748938077,Theft,None,False
2024-06-16,15:03:34,28.74661616819309,77.13973381799755,Theft,None,False
2024-03-21,06:29:00,28.703687192266077,77.1196511821818,Burglary,Rope,False
2024-03-05,09:36:38,28.67492202926263,77.1791840622107,Fraud,None,True
2023-12-21,18:25:29,28.711640858050384,77.10091680387406,Cybercrime,None,False
2023-03-19,21:48:43,28.89090329249591,77.1021087490705,Theft,None,True
2023-08-26,07:43:40,28.68110497063158,77.17495395617607,Murder,Blunt Object,False
2024-03-29,17:42:23,28.754408925333667,77.13000934769438,Fraud,None,False
2024-08-14,11:08:20,28.783534938753405,77.02748242238832,Cybercrime,None,False
2023-08-29,22:27:51,28.637719698343478,77.0653235266398,Burglary,Firearm,False
2023-09-20,19:35:44,28.790389391096962,77.03122837203708,Burglary,None,False
2023-05-01,04:23:42,28.75697267929121,77.15212085321868,Robbery,Blunt Object,False
2023-04-13,13:29:42,28.78508526024905,77.03049555017324,Cybercrime,None,True
2024-01-07,13:24:48,28.704279725793683,77.12948040456818,Cybercrime,None,False
2024-04-26,13:09:57,28.647216342988077,77.06895296958432,Theft,None,False
2023-05-01,16:51:06,28.64848023605328,77.05987183176703,Theft,None,False
2023-06-03,08:01:23,28.833498921329166,77.07338362295737,Burglary,Firearm,False
2023-04-09,07:26:46,28.654650545489428,77.05915793001934,Kidnapping,Rope,False
2024-03-18,11:51:55,28.608102748085596,77.13903962082362,Cybercrime,None,False
2023-07-22,08:06:28,28.66305331643898,77.18785640225018,Kidnapping,None,True
2024-12-08,11:51:29,28.772158413439087,77.02930991969528,Fraud,None,True
2023-11-09,18:52:43,28.560927030347525,77.38491670094028,Theft,None,False
2023-06-13,18:54:37,28.687560404403836,77.10259813740397,Theft,None,False
2024-06-18,16:02:41,28.818430427433,77.20613859085871,Fraud,None,False
2024-04-07,00:50:53,28.789234212217313,77.07077716117786,Assault,Knife,False
2024-06-02,16:51:30,28.797610889463368,77.04163391090803,Fraud,None,False
2024-01-12,12:49:05,28.756222996176607,77.15490580757726,Fraud,None,False
2024-12-24,03:00:38,28.641060773523847,77.05340347974168,Murder,Blunt Object,False
2023-03-07,03:04:16,28.827815097547873,77.23372079936016,Robbery,Blunt Object,False
2023-08-09,10:56:58,28.615689085897007,77.08712148348539,Fraud,None,False
2024-03-30,17:21:35,28.68975767835411,77.09923440962598,Cybercrime,None,False
2024-07-11,18:32:38,28.710529487858757,77.19718614616463,Fraud,None,False
2023-04-02,08:36:21,28.666627826915132,77.17403653008488,Cybercrime,None,False
2024-12-07,12:06:56,28.76646619742143,77.14787355258119,Theft,None,False
2024-07-17,02:44:23,28.69146964646423,77.097648700579,Assault,Blunt Object,False
2024-09-18,14:12:43,28.6710947264756,77.25799627277259,Cybercrime,None,False
2023-07-19,23:29:22,28.793348262123764,77.04397520616634,Burglary,Blunt Object,False
2023-12-07,04:08:32,28.786097364234678,77.19712436716154,Robbery,Firearm,False
2023-06-06,00:26:16,28.6372191787342,77.06051397844647,Burglary,Rope,False
2024-02-22,09:20:05,28.605108468697644,77.0814511969463,Fraud,None,False
2023-05-05,07:38:05,28.680941049909347,77.18384583284812,Vandalism,None,True
2024-11-25,13:41:33,28.717214808189603,77.09108584207773,Theft,None,False
2024-09-11,21:48:09,28.649102383506985,77.05001697198131,Murder,Firearm,True
2024-11-04,19:16:13,28.713517646917364,77.17653334225565,Assault,Blunt Object,False
2024-01-26,05:18:17,28.75195497433176,77.15801126604087,Vandalism,None,False
2024-05-11,18:27:13,28.63450267665167,77.04586310021804,Theft,None,False
2023-04-19,02:05:01,28.75980296224878,77.27690102340758,Robbery,Knife,True
2023-12-08,23:42:52,28.6941395505983,77.11472194180108,Murder,Knife,False
2024-12-04,21:09:48,28.754534234088165,77.13914308478307,Fraud,None,False
2023-11-23,06:07:14,28.63278494698648,77.0626578477336,Vandalism,None,True
2024-06-10,18:53:45,28.70005537712076,77.08937087023243,Cybercrime,None,True
2023-01-04,16:45:44,28.737159607187746,77.14403280672074,Theft,None,False
2023-07-29,14:34:22,28.723480900833113,77.1018599247397,Theft,None,False
2024-10-27,12:08:57,28.699087620425,77.10451887194291,Cybercrime,None,False
2023-08-03,17:45:59,28.794500267198625,77.03644126510436,Theft,None,True
2023-06-27,15:42:41,28.691969132861043,77.19530720066608,Cybercrime,None,False
2024-03-02,07:44:01,28.60811496977837,77.08000804604447,Vandalism,None,False
2023-03-16,21:23:03,28.683991206439963,76.97880467415573,Robbery,Knife,True
2023-08-27,18:39:31,28.662112583771563,76.89500403191047,Cybercrime,None,False
2024-04-25,20:45:10,28.72322178047663,77.09312586211564,Cybercrime,None,False
2024-01-20,18:39:49,28.862711413142133,77.10630845057196,Fraud,None,False
2023-05-05,20:14:54,28.70974864132156,77.09761200201649,Theft,None,True
2024-04-28,10:10:04,28.72489296919617,77.16754896399885,Theft,None,True
2024-12-10,08:18:56,28.770555241439418,77.17997733900744,Robbery,Firearm,False
2023-11-13,14:06:49,28.67041667289961,77.17769640327509,Theft,None,True
2023-04-20,04:50:23,28.628158236747325,77.06773219011177,Robbery,Knife,False
2023-01-18,11:13:45,28.812337871132346,77.2640981679918,Theft,None,False
2024-05-20,11:27:30,28.734617263458052,77.02585202270915,Fraud,None,True
2024-06-29,11:33:30,28.534390385671056,77.20666667330835,Fraud,None,False
2023-01-25,09:31:43,28.626137234332226,77.05909395922257,Theft,None,False
2023-06-21,14:25:36,28.671856931720562,77.18180544862149,Theft,None,True
2023-08-19,03:31:36,28.784458026000358,77.03388147556369,Murder,Firearm,True
2023-11-28,02:20:45,28.619946367379217,77.0626465590987,Robbery,Blunt Object,False
2024-10-29,00:39:19,28.68180424425888,77.10982218073092,Robbery,Knife,True
2024-10-30,20:23:23,28.698548748441965,77.08092963274777,Robbery,Blunt Object,False
2024-02-02,22:25:57,28.775957953226143,77.02679924660816,Robbery,Blunt Object,False
2023-02-06,16:56:44,28.8231699617555,77.12216377417504,Theft,None,False
2024-01-09,01:46:05,28.787544449443505,77.04431221634222,Burglary,Poison,True
2024-12-07,12:46:24,28.643138557120757,77.07004187961033,Theft,None,False
2024-02-16,06:49:35,28.76093861113932,77.1396353050643,Fraud,None,False
2023-02-06,11:22:14,28.768829835776298,77.1382969821993,Cybercrime,None,False
2024-05-11,08:53:34,28.76327366649478,77.13732926963095,Theft,None,False
2023-04-13,07:32:04,28.790112367881516,77.05111914878151,Assault,Blunt Object,True
2023-07-27,02:00:23,28.6719702134345,77.17993644357148,Assault,Knife,False
2024-05-04,11:15:53,28.76020439999317,77.14920603544037,Theft,None,False
2024-02-29,12:17:08,28.692282787037428,77.1844219224946,Theft,None,True
2023-08-19,18:50:26,28.67089830491779,77.17709714472105,Cybercrime,None,False
2023-08-15,22:01:40,28.63477051529827,77.05622245013242,Robbery,Firearm,True
2023-01-29,20:07:13,28.66903266063414,77.05373609265015,Murder,Firearm,False
2024-01-05,01:35:40,28.667518247258627,77.20348841230353,Robbery,Firearm,False
2024-02-05,13:12:22,28.773799049235105,77.03396632587648,Theft,None,True
2024-10-10,13:28:38,28.790025210097607,77.03880107995585,Cybercrime,None,False
2024-02-02,10:28:12,28.783513929242172,77.03009297428154,Fraud,None,True
2024-10-23,21:45:55,28.758615474912396,77.15516521649978,Theft,None,False
2023-04-08,13:39:51,28.751510411652326,77.13688121428275,Cybercrime,None,True
2024-09-10,00:15:13,28.69942076277667,77.09103449836293,Burglary,None,True
2023-12-24,01:10:39,28.637384044993368,77.1058223238517,Burglary,Firearm,True
2024-08-15,05:52:50,28.739973614399663,77.28054527512924,Fraud,None,False
2023-01-22,10:12:54,28.77872593621096,77.04024625635276,Theft,None,False
2024-11-20,23:12:21,28.64715960024438,77.0754599767064,Murder,Knife,False
2024-09-10,15:42:09,28.761722871959563,77.00165185727137,Theft,None,False
2023-06-18,00:22:11,28.531795397070876,77.13362616996676,Robbery,Firearm,False
2023-08-21,13:57:40,28.748815490021,77.1426968625405,Fraud,None,False
2024-01-21,10:45:12,28.66142422295467,77.18410975497588,Theft,None,False
2024-12-28,17:04:34,28.85487076993134,77.06163276542941,Theft,None,False
2023-12-12,07:55:58,28.763127031107533,77.09227336497824,Robbery,Blunt Object,False
2023-01-16,20:23:11,28.771206179108965,77.03984811343511,Theft,None,True
2023-01-19,15:31:46,28.69315307955973,77.10271626630595,Fraud,None,False
2023-11-19,15:27:49,28.64068479584995,77.07143077434566,Cybercrime,None,False
2024-12-05,05:03:38,28.663518490075294,77.18640869907803,Murder,Firearm,True
2023-01-26,20:35:20,28.695702025926515,77.09738894787672,Vandalism,None,False
2024-10-22,18:59:16,28.7177479977246,77.17342098571618,Theft,None,False
2023-02-12,05:29:34,28.679605569328263,77.17482652514062,Assault,None,False
2023-03-02,15:34:44,28.66285344311667,77.17754351247122,Theft,None,False
2023-11-27,07:21:36,28.791268795348195,77.01357915074416,Robbery,Firearm,True
2023-07-11,19:52:43,28.642684155807057,77.08020641872463,Theft,None,False
2024-05-18,13:28:13,28.742760536640322,77.15330385038764,Theft,None,True
2024-04-04,22:21:25,28.666133098152578,77.06882151629691,Robbery,Knife,False
2023-04-27,16:13:27,28.705359238204856,77.1075663645491,Theft,None,False
2024-02-20,22:30:59,28.700091346649902,77.11549631285304,Burglary,None,True
2024-07-10,05:57:27,28.66416699770998,76.9065818391264,Fraud,None,False
2023-05-20,02:13:03,28.750186968960598,77.14283265470124,Assault,Knife,False
2024-05-06,13:41:26,28.671288059878027,77.17990915940919,Theft,None,False
2023-02-18,20:12:35,28.79607423199805,77.03945292726665,Murder,Blunt Object,True
2023-03-21,23:37:15,28.73042654875754,77.10220545886675,Assault,Knife,False
2024-08-17,20:33:47,28.69351141991142,77.08068824762334,Burglary,Firearm,False
2024-08-17,21:04:44,28.71541600113928,77.18196412035738,Burglary,Poison,False
2024-06-17,12:32:14,28.643016661167557,77.05715145677213,Fraud,None,True
2024-11-23,05:34:30,28.708745021652142,77.10166667799376,Kidnapping,Rope,False
2023-07-10,19:42:56,28.66095744191974,77.07482728342069,Fraud,None,False
2023-05-01,19:32:29,28.800050805702334,77.178273411421,Robbery,Blunt Object,True
2023-07-10,19:17:59,28.575083258554855,77.16879937020526,Assault,Knife,True
2023-12-13,07:05:27,28.74173259576466,77.16314247283913,Theft,None,False
2024-11-17,19:42:25,28.759026094868133,77.15702762587848,Assault,Knife,False
2023-10-24,00:40:32,28.731108664695498,77.10173814330048,Robbery,Knife,False
2024-08-29,05:10:54,28.683463373808294,77.17779010189736,Robbery,Knife,True
2023-12-03,00:27:44,28.783164158388768,77.19643198902325,Assault,Knife,False
2024-05-11,10:40:35,28.78774426077135,77.04919246942377,Cybercrime,None,False
2023-01-26,15:53:32,28.775257239636396,77.02762779058332,Fraud,None,True
2023-09-11,18:33:45,28.72533800860235,77.19058068534842,Theft,None,False
2024-10-20,11:06:41,28.70589429521295,77.11535759036511,Theft,None,False
2024-01-17,15:02:32,28.63793101290337,76.98844215105115,Theft,None,False
2024-10-01,05:57:10,28.677181283365364,77.18172819723887,Fraud,None,False
2023-08-21,05:58:24,28.758386372035822,77.09975977091335,Cybercrime,None,False
2023-08-22,17:48:17,28.780699802093764,77.03175062428278,Fraud,None,False
2023-03-22,20:47:18,28.70438848894793,77.09945018700152,Theft,None,False
2024-11-30,03:58:34,28.782068679536764,77.02846406663015,Murder,Firearm,False
2024-04-04,14:27:38,28.762666651198696,77.15444021004507,Fraud,None,False
2024-06-03,16:09:50,28.726667524721687,77.10410704551279,Theft,None,True
2023-02-04,12:53:48,28.66859142529671,77.20920675374863,Cybercrime,None,True
2023-01-08,05:49:50,28.678236263777144,77.19240124786893,Murder,Firearm,False
2024-03-28,09:06:54,28.650021029832025,77.06873011029298,Fraud,None,False
2023-02-16,02:27:11,28.709456540513525,77.09147915435224,Robbery,Firearm,False
2023-07-12,12:32:28,28.757775290475614,77.1392513869615,Cybercrime,None,False
2024-03-23,20:26:41,28.686663716358748,77.02993825434368,Burglary,Blunt Object,True
2024-04-17,13:53:57,28.787674701858485,77.0358412624734,Cybercrime,None,False
2023-09-19,16:47:38,28.648911458907655,77.06537296572749,Fraud,None,False
2023-11-16,04:24:25,28.64341746582136,77.07639965106483,Robbery,Blunt Object,False
2024-03-03,11:06:58,28.796139616125448,77.20928566772945,Theft,None,False
2024-02-10,18:38:09,28.742632169013735,77.13719072367488,Fraud,None,False
2024-04-29,23:11:44,28.636831106167953,77.07295207582033,Assault,None,False
2023-02-16,04:32:08,28.65624884030183,77.05325288119599,Robbery,Knife,False
2024-02-19,13:35:58,28.757173093537364,77.1708443133314,Cybercrime,None,True
2024-11-25,09:38:01,28.758253114772405,77.16671503285234,Cybercrime,None,True
2024-11-18,04:43:40,28.80397265700831,77.01148012937722,Robbery,Blunt Object,False
2024-03-18,02:23:18,28.64220018576503,77.06284754478291,Burglary,Firearm,False
2024-04-13,07:55:12,28.705141333880213,77.11166328953439,Fraud,None,False
2023-07-19,03:24:39,28.708186847622756,77.07313799056223,Burglary,Knife,False
2023-06-05,21:27:43,28.572815972690726,76.88376190850241,Assault,Blunt Object,True
2024-10-27,08:20:42,28.755853652406554,77.15490487649468,Theft,None,False
2024-11-01,02:56:44,28.756932249586107,77.14291071732286,Burglary,Blunt Object,False
2024-05-03,07:11:38,28.650841440051202,77.06966262496468,Vandalism,None,False
2023-07-28,08:30:53,28.74154850932795,77.13783961798552,Cybercrime,None,False
2023-06-15,23:08:35,28.704086831377307,77.28167822736134,Burglary,Rope,True
2023-12-20,07:33:23,28.801097427421986,77.03813404360449,Burglary,Firearm,False
2023-04-01,07:17:07,28.6368000332842,77.07136842659489,Fraud,None,False
2024-10-29,08:41:03,28.74957575735191,77.14482492963326,Assault,Blunt Object,True
2024-04-29,18:58:22,28.4897033168378,77.11273821983477,Theft,None,True
2023-11-14,21:46:01,28.667801326508627,77.18346430379529,Theft,None,False
2024-06-27,18:31:31,28.761106423037628,77.03419826672585,Theft,None,False
2024-08-24,03:12:24,28.619788788360285,77.07337940253268,Burglary,Poison,True
2024-11-16,08:51:35,28.709318912341352,77.09971335228576,Cybercrime,None,False
2023-12-03,23:05:26,28.70972719860082,77.09271925737337,Burglary,None,False
2023-07-08,16:18:45,28.71133755156149,77.18197740384603,Fraud,None,True
2023-12-23,09:05:58,28.673157107509088,77.09802775640323,Fraud,None,False
2024-03-07,21:29:00,28.701835586986363,77.08287063822543,Vandalism,None,False
2023-02-13,15:58:17,28.658671018262275,77.05126098875077,Theft,None,False
2024-02-29,03:36:33,28.64198407565548,76.91091309736916,Assault,None,False
2024-11-19,05:47:58,28.855128665127314,77.07787098573912,Assault,Knife,False
2023-03-08,20:58:17,28.749715911119633,77.1519751731769,Murder,Firearm,True
2023-10-11,02:49:12,28.767723582843033,77.13723634035162,Assault,Blunt Object,True
2023-04-18,05:46:09,28.70057884213557,77.18703935888404,Theft,None,False
2023-05-12,10:22:31,28.65757545708309,77.04636432624761,Fraud,None,False
2023-07-10,07:47:38,28.670172410475832,77.16748163075371,Cybercrime,None,False
2024-05-06,08:03:34,28.708086420749158,77.18084681062089,Burglary,Blunt Object,False
2023-01-26,15:08:47,28.642763639937677,77.0217619943716,Cybercrime,None,False
2024-10-17,02:24:45,28.79925945146294,77.0182351684338,Assault,None,True
2023-10-26,02:42:38,28.653421816235227,77.17097098056352,Burglary,Poison,False
2024-02-19,08:52:20,28.658695672828756,77.18636226064105,Assault,None,False
2024-06-03,09:54:58,28.750492954995504,77.15030312954977,Theft,None,False
2024-05-22,19:05:57,28.685629341769747,77.17558665138837,Kidnapping,Poison,False
2023-12-14,18:23:24,28.791850894117456,77.04761322799204,Theft,None,True
2024-12-15,06:59:06,28.699543375019864,77.10987022855556,Cybercrime,None,False
2023-06-20,06:55:17,28.70168182087471,77.11174098128842,Fraud,None,True
2023-10-01,11:48:39,28.768385108124235,77.01604487754877,Theft,None,False
2024-02-04,18:04:41,28.664973228509247,77.01360751909402,Fraud,None,False
2024-06-13,06:18:03,28.6689329089057,77.18030473417554,Kidnapping,Poison,True
2023-04-22,00:07:21,28.776101353183627,77.06173394214342,Murder,Knife,False
2024-08-26,10:37:20,28.635861386893772,77.05898486623241,Theft,None,True
2023-09-19,03:16:40,28.666408547201932,77.17315994497937,Burglary,Blunt Object,True
2023-11-23,11:36:54,28.65796983186423,77.18319478116221,Cybercrime,None,True
2024-09-21,21:36:42,28.74841294293403,77.16216278739235,Cybercrime,None,True
2024-05-29,07:32:09,28.559360390794108,77.04829164449522,Assault,Blunt Object,False
2023-02-03,06:03:39,28.802229072206586,77.02310390482903,Cybercrime,None,False
2024-01-03,01:33:30,28.64173466747904,77.05034156017174,Robbery,Blunt Object,False
2023-11-24,17:17:10,28.77061572487219,77.04797310983089,Theft,None,False
2024-07-22,02:35:37,28.64581039492637,77.06383678838237,Murder,Knife,False
2023-12-16,14:21:20,28.73713683764884,77.15608741388108,Theft,None,False
2024-05-05,07:39:08,28.81984219459938,77.21744770608287,Vandalism,None,False
2024-02-19,00:14:28,28.710783332296064,77.09120514422405,Assault,Blunt Object,False
2024-02-22,02:26:00,28.7354123417193,77.16925849604766,Burglary,Knife,True
2023-01-22,05:59:24,28.65615556414911,77.17128720408519,Murder,Firearm,False
2024-12-20,21:28:35,28.682981573217432,77.19126045776672,Robbery,Knife,False
2024-09-26,16:26:25,28.658614169663785,77.1904502145927,Theft,None,False
2024-01-06,09:34:13,28.713630339915362,77.18060089546073,Theft,None,True
2023-10-02,06:34:39,28.63775478676566,77.0689518349648,Fraud,None,True
2024-06-21,19:53:57,28.652538287744857,77.05898665064544,Burglary,Rope,False
2024-03-21,21:25:20,28.704277525461734,77.09601478370496,Fraud,None,False
2024-07-13,04:11:54,28.86926389486859,77.09047280606742,Burglary,Firearm,True
2024-10-16,00:42:55,28.774879756748227,77.02534174086126,Robbery,Blunt Object,False
2023-12-08,03:50:01,28.78536770601142,77.04003331171779,Robbery,Knife,True
2023-09-04,16:23:26,28.57051731548495,77.28726600029425,Fraud,None,False
2023-08-02,00:48:06,28.707186752940558,77.1071645597297,Burglary,Rope,False
2024-12-03,05:56:47,28.753128104561767,77.15269258967352,Robbery,Knife,False
2024-12-31,11:46:47,28.68927168620726,77.2042795969036,Theft,None,False
2023-02-01,01:29:23,28.704020714125466,77.11017050218493,Burglary,Firearm,False
2024-05-11,04:46:26,28.699761524766476,77.10445640528313,Murder,Firearm,False
2023-12-23,16:15:55,28.62370796557606,77.22415282325495,Cybercrime,None,False
2024-10-24,13:28:54,28.74576252759281,77.1492502055574,Theft,None,True
2024-02-13,17:40:59,28.640950395875453,77.05896048612327,Theft,None,False
2024-09-12,13:09:12,28.776349576944295,77.07083422352635,Cybercrime,None,False
2023-05-16,09:52:41,28.843492453054107,77.02065249138698,Cybercrime,None,False
2023-03-23,21:27:27,28.675793774699425,77.17474214010687,Fraud,None,False
2024-08-19,04:18:21,28.678309727825315,77.18234050273024,Assault,None,False
2023-06-17,19:35:28,28.752549379553017,77.16438474966503,Murder,Blunt Object,False
2023-05-22,13:43:43,28.69755658128945,77.10836515157618,Cybercrime,None,False
2023-05-04,08:34:33,28.77641040087325,77.03362685200162,Fraud,None,False
2024-06-17,15:31:33,28.692144246717767,77.09587482853694,Cybercrime,None,False
2024-06-15,17:26:14,28.75327856954427,77.17064649167324,Fraud,None,False
2023-11-01,04:26:57,28.7551080387046,77.16904668315867,Burglary,Knife,False
2023-10-20,22:12:21,28.70630323291691,77.09862915755525,Robbery,Firearm,False
2023-07-10,16:40:36,28.799493565226005,77.03687017622075,Theft,None,False
2023-12-18,05:28:54,28.77767278406117,77.03720571459401,Cybercrime,None,False
2023-12-09,09:11:41,28.701174052500924,77.0826096580383,Theft,None,False
2023-02-26,16:36:57,28.793459731592655,77.04344934055644,Theft,None,True
2023-09-09,22:14:38,28.887894202999227,77.14471436921953,Robbery,Firearm,True
2023-06-22,20:20:49,28.701612765759176,77.1108498942738,Theft,None,False
2024-09-04,22:11:03,28.71259820365319,77.11888281183137,Burglary,Rope,True
2024-07-01,18:00:55,28.783653723769334,77.03084421027434,Theft,None,True
2024-04-25,13:02:33,28.632545558024148,77.15624620867253,Theft,None,False
2023-08-09,21:52:05,28.68861738331769,77.11026087372863,Burglary,Firearm,False
2024-04-07,22:16:50,28.76288351218658,77.16100702024585,Murder,Blunt Object,False
2024-11-23,14:21:36,28.785482252365018,77.04782978247532,Cybercrime,None,True
2024-05-05,17:33:47,28.791299346542687,77.04179228086244,Theft,None,False
2024-03-26,19:12:23,28.66820820950302,77.17370326186585,Fraud,None,True
2023-08-20,20:27:04,28.649612833327758,77.0524986107876,Fraud,None,False
2023-05-03,08:48:11,28.812439214358335,77.23479733083457,Theft,None,False
2023-05-13,11:02:00,28.665309837310495,77.18064451465408,Fraud,None,False
2023-09-16,14:39:03,28.704266209813625,77.11133983160471,Theft,None,False
2023-02-01,11:23:19,28.690193433756097,77.16564507607131,Theft,None,False
2023-09-20,20:30:12,28.640918192824735,77.05983983304439,Kidnapping,Firearm,True
2024-01-25,06:12:12,28.660093301451134,77.17764889980697,Theft,None,True
2024-12-18,06:25:51,28.74687689443506,77.07463210971605,Vandalism,None,False
2024-06-03,05:57:12,28.54963788313926,77.389908269801,Vandalism,None,True
2024-11-21,21:27:10,28.73071778652042,77.11366941301067,Burglary,None,False
2023-11-26,00:56:32,28.66312073636933,77.18510706161972,Robbery,Firearm,False
2023-02-10,01:23:46,28.702457862159587,77.08361476587285,Murder,Knife,False
2023-05-17,10:56:22,28.773397445599855,77.04044926017676,Theft,None,False
2023-05-06,11:24:19,28.898501765000045,77.13921654050431,Fraud,None,False
2024-12-12,05:17:36,28.79513083278293,77.03094244691418,Cybercrime,None,False
2024-10-29,06:21:19,28.753234538393194,77.1634097902762,Cybercrime,None,False
2024-08-07,07:11:06,28.870377728917948,77.23260966934657,Assault,None,False
2023-11-15,05:37:55,28.693436369246154,77.10183041109686,Theft,None,True
2023-11-25,16:18:07,28.78687524684476,77.02990322036494,Theft,None,False
2024-08-12,13:15:10,28.64797857543416,77.0707057681167,Theft,None,False
2023-08-07,02:49:59,28.764128097519553,77.16935870152221,Burglary,None,False
2024-11-15,06:34:31,28.671155889527515,76.96609668351607,Fraud,None,False
2023-08-06,09:18:26,28.739923459401446,77.29088110311848,Fraud,None,False
2023-10-16,15:38:13,28.77933024140046,77.03936846977065,Fraud,None,False
2023-03-05,08:01:25,28.773674579247263,77.12164420473447,Vandalism,None,False
2024-02-26,16:33:52,28.704792472104373,77.01015707942787,Fraud,None,False
2023-03-19,21:55:04,28.731283379275794,77.14138149293336,Vandalism,None,False
2024-06-06,21:54:14,28.66506958508883,77.21224226874227,Robbery,Blunt Object,False
2023-08-06,12:21:58,28.693787193764862,77.05059742810819,Cybercrime,None,False
2023-12-18,22:55:21,28.615001455804656,77.16818058285095,Assault,Knife,False
2024-06-29,15:23:41,28.839935716643062,77.20884357218675,Cybercrime,None,True
2023-03-28,09:01:53,28.710161496997586,77.08774387253618,Fraud,None,False
2024-04-10,12:07:39,28.668932575715623,77.29723042288897,Cybercrime,None,False
2023-09-21,01:34:44,28.816295049191524,76.94874967817654,Burglary,Firearm,True
2023-01-19,13:37:40,28.783544094768008,77.03613098432662,Fraud,None,False
2023-12-21,11:28:42,28.74647841536974,77.12940795978591,Fraud,None,False
2023-03-21,04:46:28,28.713982404501643,77.02372417423796,Robbery,Knife,False
2023-12-24,21:32:57,28.696261582609154,77.0989531964007,Cybercrime,None,False
2023-12-03,08:40:47,28.642763240853455,77.06240917205905,Theft,None,False
2023-10-07,13:47:01,28.69526010101078,77.10029790470367,Theft,None,False
2024-07-14,00:35:52,28.626525766295973,77.06561039065367,Burglary,Firearm,True
2023-08-04,03:54:45,28.61553724586659,77.05960509919566,Burglary,None,False
2023-01-16,12:27:41,28.653291861536772,77.05190659312726,Fraud,None,True
2023-09-03,09:53:14,28.77574302036574,77.21807327121209,Fraud,None,False
2024-09-29,05:47:28,28.373310004750262,77.08736370964243,Fraud,None,False
2024-11-28,13:15:50,28.755342265723716,77.0313179155443,Fraud,None,False
2024-01-27,05:22:35,28.703382878901866,76.85424560140892,Vandalism,None,False
2024-01-29,12:33:52,28.803348383620797,77.03536015807636,Fraud,None,False
2023-08-23,21:38:15,28.63560976567918,77.07715379427499,Assault,Blunt Object,False
2024-08-15,12:46:59,28.73614386779358,77.14020828966483,Theft,None,False
2024-07-14,16:00:57,28.474154447633012,77.28260451965394,Fraud,None,False
2024-06-26,00:33:02,28.7373346371472,77.16844017898485,Burglary,Poison,False
2023-09-06,21:59:27,28.707110012339186,77.10823767761146,Cybercrime,None,False
2024-07-28,21:56:12,28.75488077713896,77.15520921342707,Vandalism,None,False
2024-10-08,23:25:36,28.714860343622295,77.04164081944307,Burglary,Rope,False
2024-04-06,10:38:36,28.753633752347856,77.15523594573261,Theft,None,False
2024-11-26,13:43:58,28.78520549119552,77.01772227892248,Fraud,None,True
2023-06-10,16:17:35,28.56960133313916,77.21078414339165,Theft,None,False
2023-12-03,01:56:46,28.671030059541167,77.18834725347037,Assault,Blunt Object,True
2024-05-12,12:25:48,28.743178800902776,77.13776854123354,Cybercrime,None,False
2024-08-22,01:42:39,28.66566403387468,77.18027434929229,Assault,Knife,False
2023-09-23,19:24:17,28.667448597007155,77.19543933523106,Murder,Knife,False
2023-02-12,05:25:35,28.645895233015377,77.08098938618562,Murder,Knife,False
2023-10-03,00:28:27,28.74454081540714,76.86124491820803,Burglary,Knife,True
2024-07-08,23:45:53,28.764660416064586,77.1374044837753,Burglary,Rope,True
2023-03-01,07:07:51,28.646405336672114,77.05475315942336,Fraud,None,False
2024-09-17,23:37:40,28.918371103446418,77.24645979274302,Robbery,Firearm,False
2024-03-19,03:00:20,28.629917935829823,77.08976423318789,Murder,Knife,False
2023-10-09,17:36:02,28.676545980696492,77.19113414071562,Theft,None,True
2023-08-14,12:37:05,28.704391519123252,77.0922510510062,Theft,None,False
2024-12-18,00:54:28,28.636924413608,77.06245518203623,Burglary,None,False
2023-03-19,14:03:47,28.766444569787648,77.15677837860537,Theft,None,False
2023-06-12,20:42:25,28.77636585073385,77.03898372777711,Theft,None,True
2024-05-19,10:44:53,28.665401516112183,77.1915408005187,Theft,None,False
2024-12-29,09:45:00,28.95680104183286,77.06661736290565,Theft,None,True
2023-10-31,05:24:06,28.762116051597264,77.14504606667963,Vandalism,None,False
2023-05-24,07:43:41,28.672977362328087,77.18279562286872,Burglary,Firearm,False
2023-09-16,10:13:21,28.68473163399556,77.3488013688775,Theft,None,True
2023-03-04,15:39:28,28.671034069253217,77.18836851538785,Theft,None,False
2024-06-25,19:21:22,28.654799131306763,77.1868199656337,Burglary,None,False
2023-02-10,02:10:59,28.765520545923522,77.14722402657421,Burglary,Poison,True
2024-04-27,22:35:50,28.758997778589595,77.03211348231174,Assault,Knife,True
2024-11-02,03:27:35,28.705818385038555,77.17490750507444,Burglary,Rope,False
2023-10-05,16:55:42,28.905190303541342,77.06449463493998,Fraud,None,False
2024-07-06,22:55:48,28.618471187633972,76.98580821986286,Robbery,Knife,False
2023-08-19,14:30:27,28.646080786170316,77.06729354258819,Fraud,None,False
2024-05-15,21:57:43,28.77864344605637,77.04028682745727,Robbery,Blunt Object,True
2024-09-24,22:31:56,28.75063840768192,77.1068231689645,Burglary,Rope,False
2024-05-09,19:16:10,28.613858527925586,77.05431356845153,Murder,Knife,False
2023-02-14,19:35:22,28.619802447023176,77.06485787064199,Theft,None,False
2023-07-18,09:37:56,28.644363412887476,77.06438478991089,Cybercrime,None,True
2023-06-28,00:56:53,28.709143190155647,77.10635821486433,Assault,Knife,True
2024-04-24,12:43:31,28.67299616819354,77.18298668043163,Theft,None,False
2024-03-20,10:34:51,28.69005683583304,77.09666279354312,Fraud,None,True
2023-08-04,19:15:37,28.709147105368345,77.02891464240876,Burglary,Firearm,True
2024-10-11,07:21:58,28.652701507958728,77.05591367919045,Theft,None,False
2023-12-24,18:27:27,28.725730541124832,77.11415656568154,Theft,None,False
2023-06-29,14:08:13,28.77872775936104,77.19257911740284,Cybercrime,None,False
2024-07-11,01:55:37,28.773503261096796,76.8918993798617,Assault,Blunt Object,False
2024-07-02,18:46:10,28.766041481480134,77.16777308224195,Fraud,None,True
2024-05-29,00:45:12,28.779278757156785,77.03486646912674,Robbery,Knife,False
2024-11-28,16:54:33,28.775191683198692,77.01301621493269,Cybercrime,None,False
2024-03-31,03:53:47,28.63671284734458,77.05709860960536,Assault,Blunt Object,True
2024-11-06,16:31:30,28.750551492686483,77.14291085909994,Cybercrime,None,False
2024-01-12,04:41:08,28.630757483318277,77.10139936783716,Robbery,Firearm,False
2023-04-28,02:38:47,28.6663977301689,77.1879352433255,Robbery,Knife,False
2024-10-22,15:46:13,28.710916606513976,77.12630387746165,Theft,None,False
2023-08-29,12:44:24,28.685356799321234,77.18493103058329,Cybercrime,None,False
2023-12-10,06:58:11,28.697897357033323,77.10543747351674,Cybercrime,None,False
2023-12-18,06:16:36,28.736759595991636,77.05116869109943,Kidnapping,Blunt Object,False
2024-07-05,21:13:27,28.78247313967529,76.96269019853182,Cybercrime,None,False
2023-08-15,20:50:44,28.67966001644625,77.15808584593175,Kidnapping,None,False
2023-02-04,08:10:32,28.67122415852408,77.18043245596571,Burglary,Rope,False
2023-04-13,09:38:59,28.752722141388077,77.14414398759313,Fraud,None,True
2023-12-28,23:32:15,28.821490093157422,77.00069623280773,Murder,Knife,True
2024-09-27,22:12:23,28.7572815932741,77.15663647898283,Murder,Knife,False
2024-10-28,11:10:33,28.744613780987912,77.15323104254381,Theft,None,False
2024-03-04,02:44:29,28.695003678272553,77.11641042475057,Assault,None,False
2023-08-24,18:23:27,28.63271217063024,77.05596102905768,Fraud,None,True
2024-11-30,00:37:48,28.691857749916444,77.08892301273133,Burglary,Poison,True
2024-02-12,01:57:01,28.69001215290882,77.18792774673913,Burglary,Knife,True
2024-08-12,19:29:02,28.718129342570055,77.03684230366531,Theft,None,False
2024-10-16,19:00:16,28.79486118110468,77.02007775606326,Assault,None,False
2023-07-29,14:50:00,28.7120363929433,77.09377488723395,Theft,None,False
2024-05-25,16:07:35,28.697654922981243,77.11008282386119,Fraud,None,False
2023-10-29,09:29:15,28.65273827344156,77.06847472933897,Theft,None,False
2023-04-07,19:32:36,28.633603258842435,77.05803273134278,Cybercrime,None,False
2024-02-21,10:24:53,28.705668987411986,77.0940071903809,Theft,None,False
2023-05-24,14:13:48,28.657809627601296,77.03848053056049,Fraud,None,False
2024-09-10,23:14:35,28.74631260484631,77.1474043349713,Robbery,Blunt Object,True
2024-07-27,21:27:11,28.615660563352282,77.04853770869764,Theft,None,False
2023-06-08,13:44:56,28.71035289512542,77.10280283636554,Theft,None,False
2023-08-17,03:42:59,28.86141360220429,77.25702264458849,Assault,None,True
2024-04-21,14:19:17,28.70843046378604,77.10563238249001,Cybercrime,None,False
2023-04-17,22:40:41,28.78475931108579,77.00594917982122,Burglary,Rope,False
2024-03-11,12:25:05,28.660154404866738,77.18350675503099,Fraud,None,False
2024-02-15,18:47:18,28.710260257087477,77.10539669812138,Fraud,None,True
2023-03-10,17:21:17,28.635175350322847,77.07187406282469,Theft,None,False
2024-12-05,23:55:20,28.798924440287546,77.04187989600292,Robbery,Knife,False
2023-01-30,22:47:54,28.683995993295905,77.17690774202045,Assault,None,True
2023-09-24,12:06:24,28.684859341227007,77.18395758639328,Fraud,None,True
2023-11-16,19:28:01,28.679215555285218,77.18615431842825,Cybercrime,None,False
2024-11-13,09:05:31,28.702885128945596,77.09389997524879,Theft,None,False
2024-07-02,08:33:05,28.673278633364458,77.19236761617483,Assault,None,False
2023-09-20,13:11:28,28.63968524194687,77.07143347262608,Theft,None,True
2024-11-10,06:52:52,28.761470706706177,77.14951062602981,Kidnapping,Knife,False
2024-12-17,12:50:48,28.687988001036196,77.1789445332881,Theft,None,True
2023-04-12,03:45:26,28.855054686261262,77.1459126981541,Burglary,Poison,True
2023-10-27,16:50:17,28.753941340815466,77.14362198619662,Cybercrime,None,True
2024-06-02,23:44:54,28.70321739769865,77.10046240486506,Robbery,Blunt Object,False
2024-11-21,03:36:22,28.741517036147492,77.15032384577283,Robbery,Knife,False
2024-05-16,03:49:37,28.62371968199029,77.16109917689788,Murder,Firearm,False
2023-01-05,21:30:16,28.717162804757283,77.09023084323705,Robbery,Knife,False
2023-09-16,00:30:36,28.72122307728367,77.10121448965616,Murder,Firearm,False
2024-09-01,05:49:28,28.694349786150614,77.11007754780209,Burglary,Poison,True
2023-09-25,03:31:39,28.659454552174495,77.09432633239686,Burglary,Blunt Object,False
2023-02-03,05:37:37,28.78005721755788,77.02433262068136,Assault,None,False
2024-10-17,11:36:50,28.681339970324018,77.17963698597106,Fraud,None,False
2023-09-01,20:01:47,28.62973348207821,77.06801060124216,Fraud,None,False
2023-02-14,00:29:13,28.66204417648976,77.17096739827325,Burglary,Firearm,True
2024-06-22,20:05:13,28.766026062049775,77.1405366010079,Vandalism,None,True
2023-01-01,00:01:00,28.620935551430726,77.06872861484962,Robbery,Firearm,False
2024-06-20,17:26:31,28.67106136570519,77.18032344878863,Fraud,None,False
2023-01-11,16:32:26,28.6409549960665,77.06481669939019,Theft,None,True
2024-03-10,20:47:35,28.628828075809693,77.25011148745658,Burglary,Knife,False
2024-08-27,17:01:00,28.55647695196906,77.14698749166772,Theft,None,False
2023-10-03,02:30:56,28.790521210038765,77.02490348239168,Robbery,Blunt Object,True
2024-07-28,02:09:59,28.60172655547222,77.20421742141703,Burglary,Rope,False
2024-09-26,06:04:04,28.634191392459833,77.0564333605925,Murder,Blunt Object,False
2023-08-10,12:05:33,28.682973089624596,77.18284741233539,Fraud,None,False
2024-12-21,14:12:56,28.62612856332371,77.07997059144553,Theft,None,False
2024-09-22,11:47:21,28.7787998924122,77.02847242710095,Theft,None,True
2023-08-24,08:43:45,28.646657842523265,77.06875076797004,Kidnapping,Firearm,False
2024-06-11,23:38:45,28.663711042912915,77.04589931850595,Robbery,Knife,False
2023-04-10,15:49:33,28.71235952208926,77.1099300969405,Theft,None,True
2024-05-14,13:18:50,28.70272835089126,77.11037273694816,Theft,None,False
2023-10-06,21:18:21,28.763442740176366,77.13868037215013,Theft,None,False
2024-08-02,11:55:58,28.691597665058808,77.16691237746862,Fraud,None,False
2024-04-20,21:41:32,28.632746837187614,77.05988212326376,Vandalism,None,True
2024-07-08,02:56:40,28.80334940513187,77.02941743370248,Assault,Blunt Object,True
2024-06-09,10:10:42,28.643780661099495,77.07682078603905,Theft,None,False
2023-10-04,21:22:06,28.671096818574345,77.1707156328707,Murder,Firearm,True
2024-03-06,06:41:37,28.639927651647618,77.07620791833806,Vandalism,None,False
2023-01-23,17:57:31,28.704808649970552,77.12180658259057,Fraud,None,True
2024-07-24,23:13:09,28.777893492626216,77.03801910636066,Burglary,Firearm,False
2023-03-24,20:44:50,28.709207630446507,77.01717818818582,Cybercrime,None,False
2024-11-04,11:42:59,28.637256696935122,77.55040842510259,Theft,None,False
2023-05-12,12:01:16,28.71428624510034,77.11111097989007,Theft,None,False
2024-03-07,18:12:44,28.641781968469193,77.25945840662811,Theft,None,False
2023-01-14,00:03:08,28.71509415601793,77.12131621289359,Robbery,Knife,True
2024-01-25,05:32:48,28.662431141483985,77.04770910711902,Murder,Knife,False
2024-05-10,01:21:12,28.7730016051073,77.02246212184538,Robbery,Blunt Object,False
2024-02-07,23:41:51,28.744660593566678,77.15573452364261,Burglary,Knife,False
2023-02-21,22:37:40,28.66843196547904,77.20322598540763,Murder,Blunt Object,False
2023-10-22,19:23:36,28.66314679882082,77.06243538405921,Cybercrime,None,False
2023-09-06,01:58:45,28.693653262161497,77.19738134627241,Murder,Knife,False
2024-09-09,01:04:41,28.699592934408226,77.08240784655975,Murder,Firearm,True
2023-09-13,09:43:20,28.67192031615039,77.17605377868922,Fraud,None,False
2024-06-01,00:31:22,28.756165056251458,77.15339228286875,Assault,Knife,False
2023-06-10,07:05:27,28.644730176588993,77.0677368474138,Theft,None,False
2024-07-31,17:21:26,28.58284780529163,77.14363602775698,Cybercrime,None,False
2024-07-22,23:45:21,28.66970383846983,77.18449982199864,Assault,Knife,False
2024-01-04,13:00:22,28.68367409845232,77.17025600226779,Theft,None,False
2023-11-28,13:59:14,28.701287063473305,77.10131465765971,Cybercrime,None,False
2024-01-29,09:44:05,28.66895731028429,77.19149829496133,Cybercrime,None,False
2023-11-14,18:34:26,28.666896116411994,77.17694599600559,Theft,None,False
2023-06-29,12:30:10,28.74700080867048,77.1634205541144,Theft,None,False
2023-09-13,08:41:22,28.779175558875878,77.03710045390885,Murder,Knife,False
2024-10-12,22:48:59,28.8038570510123,77.03175181579651,Murder,Firearm,False
2024-12-06,11:20:11,28.765220606800334,77.16921354084093,Theft,None,False
2023-08-06,07:07:47,28.684371915600405,77.18233198684023,Cybercrime,None,True
2024-10-26,03:51:21,28.790521077589986,77.01962621406867,Assault,Blunt Object,False
2024-07-01,23:28:53,28.6362995684185,77.05645324818369,Burglary,Firearm,False
2023-06-17,06:29:12,28.806506121201743,77.02437415485745,Vandalism,None,True
2024-10-25,05:31:31,28.635825232487385,77.05206079019752,Murder,Firearm,False
2024-04-18,03:10:19,28.760081176193076,77.1167621392669,Robbery,Firearm,True
2024-01-22,16:04:26,28.812775897702657,77.16962596660774,Fraud,None,False
2024-01-24,01:52:43,28.63029610153276,77.05442722229989,Assault,Blunt Object,True
2024-06-16,12:04:55,28.840632874827584,77.08217017554233,Fraud,None,False
2023-08-17,15:07:56,28.79597591818018,77.03100319052086,Fraud,None,False
2023-07-30,23:09:04,28.694423435717116,77.09946739222335,Robbery,Knife,False
2024-03-03,02:58:01,28.60729502044503,77.04594472375976,Robbery,Knife,False
2024-01-28,11:10:55,28.724192570656523,77.15366050903691,Cybercrime,None,False
2024-07-06,10:39:52,28.738198086767458,77.15232631992491,Theft,None,False
2023-03-10,16:16:32,28.638233842644404,77.05601585191042,Cybercrime,None,True
2023-11-25,07:03:10,28.75542684619133,77.14699548127311,Robbery,Firearm,False
2024-12-14,17:50:37,28.797921379948466,77.04438061876252,Theft,None,False
2024-06-28,10:59:42,28.822282829394204,77.05300898045098,Cybercrime,None,False
2024-03-09,20:52:13,28.664475011650808,77.18332029929388,Kidnapping,Firearm,True
2024-06-12,03:17:37,28.672596516337137,77.17641176837577,Robbery,Knife,False
2023-04-22,18:56:25,28.632342655533332,77.06208482030732,Fraud,None,False
2023-04-22,06:13:39,28.780059305497474,77.0393834703704,Assault,Blunt Object,False
2023-07-26,06:25:26,28.650751060515216,77.07350799805423,Kidnapping,Rope,True
2023-07-05,10:31:16,28.578170444811995,77.14260583076937,Theft,None,False
2024-01-28,06:31:20,28.746825342937665,77.14029585789189,Cybercrime,None,False
2023-12-07,03:44:19,28.66123977630513,77.20937049801347,Murder,Firearm,False
2023-07-25,04:52:17,28.670376816464294,77.1981545465996,Burglary,None,False
2023-09-20,23:04:52,28.679588785155204,77.1785590952102,Murder,Firearm,True
2023-01-03,22:59:08,28.685700484289065,77.18695396772115,Assault,None,False
2023-10-14,15:06:50,28.634774406115536,77.0810880263558,Theft,None,False
2023-08-02,08:56:36,28.730047882308646,77.10437961919855,Kidnapping,Blunt Object,False
2024-10-15,06:31:31,28.665544673300943,77.19429538267609,Vandalism,None,False
2023-12-05,05:29:18,28.649272754273614,77.06879238180295,Robbery,Firearm,True
2023-12-26,03:28:13,28.639024686564746,77.0708410057191,Burglary,Rope,False
2024-01-10,01:35:09,28.71321813593571,77.09581221761219,Robbery,Knife,False
2024-02-02,01:52:02,28.629930098603193,77.06831373059339,Burglary,Knife,False
2023-06-07,06:08:00,28.65836653050394,77.18402015777838,Murder,Firearm,False
2024-01-04,08:38:04,28.65937548952127,77.22436652107889,Theft,None,False
2023-04-29,08:13:01,28.66481561092328,77.21322729720039,Theft,None,True
2024-09-10,04:55:21,28.69895790555637,77.1124999100506,Burglary,Rope,False
2024-06-02,17:54:23,28.77470341543837,77.14181952861634,Theft,None,False
2023-08-13,12:10:39,28.64702035721731,77.0899878241591,Theft,None,False
2024-01-15,21:29:01,28.70476588826903,77.1031178827023,Vandalism,None,True
2024-07-23,09:29:21,28.65198498947351,77.06291080864095,Cybercrime,None,False
2024-08-16,20:24:31,28.657027740054293,77.19382287374839,Theft,None,True
2024-01-04,17:46:46,28.50380515861348,77.06082083488617,Fraud,None,False
2023-07-27,19:06:03,28.824842574915664,77.06684575713572,Theft,None,False
2024-02-20,22:55:31,28.637163035075357,77.07129263905166,Robbery,Knife,False
2024-04-11,13:28:52,28.775588852131655,77.0202777428041,Theft,None,False
2023-01-16,12:07:46,28.73155139874933,77.08420767015875,Theft,None,False
2024-06-12,21:40:21,28.77166326885811,77.03886952539996,Theft,None,False
2024-08-27,18:05:21,28.67874487605577,77.17890244983394,Cybercrime,None,False
2023-10-24,06:36:53,28.641186679938752,77.0672039274201,Theft,None,False
2024-02-13,08:42:16,28.766003614197523,77.1496720678989,Robbery,Knife,True
2024-07-31,17:05:16,28.769568849300814,77.15902002170847,Cybercrime,None,True
2023-09-10,13:54:03,28.7920307292709,77.10643091987436,Fraud,None,False
2023-11-05,05:21:05,28.744976744859336,77.147875008468,Theft,None,False
2023-05-17,05:15:28,28.75752853465782,77.17068464378382,Assault,None,False
2023-10-04,00:04:19,28.749259803768037,77.16054787443528,Assault,None,False
2023-11-02,04:57:53,28.671294354932325,77.11354687558863,Robbery,Knife,False
2023-01-23,05:24:45,28.65925396749264,77.07014292581421,Assault,Blunt Object,True
2023-07-15,04:42:42,28.741687007272592,77.14677524976189,Burglary,Poison,False
2023-09-29,08:35:06,28.656662213444417,77.06391878042629,Kidnapping,None,False
2023-12-10,08:22:59,28.632611598803845,77.05431047555027,Burglary,Poison,False
2023-04-30,23:09:50,28.774449352271116,77.20194102812177,Murder,Blunt Object,False
2023-10-09,14:51:04,28.704278553014824,77.12725313800937,Fraud,None,False
2024-09-02,16:32:26,28.712341523634556,77.10006518930368,Theft,None,False
2023-10-09,00:07:35,28.745942939519008,77.14275115695361,Burglary,None,False
2024-02-06,08:57:21,28.757454213204806,77.14761222955087,Assault,None,False
2023-05-05,12:10:25,28.660837437539836,77.07716311802918,Theft,None,False
2023-07-22,15:37:52,28.680430665474972,77.17071003827044,Theft,None,False
2024-11-15,19:51:01,28.697377811274475,77.11505677525741,Cybercrime,None,False
2023-07-20,19:48:08,28.64779338002049,77.21471417339195,Burglary,Rope,False
2023-06-09,02:19:52,28.708846039230348,77.10301717884813,Robbery,Firearm,False
2024-06-26,08:07:20,28.637071671870647,77.06155756156475,Assault,Blunt Object,True
2023-06-30,05:56:49,28.785996479548746,77.04282538898302,Assault,None,True
2024-11-28,00:59:52,28.66524264399366,77.17987183157474,Assault,Knife,False
2023-02-13,03:29:29,28.70858231319323,77.16876783576862,Murder,Firearm,False
2023-07-09,21:29:26,28.635015356624773,77.04933430207113,Burglary,Firearm,False
2024-06-18,23:29:04,28.760839651517102,77.13732050885054,Burglary,Poison,False
2024-12-15,23:27:05,28.83259797147622,77.08690739025171,Robbery,Firearm,False
2024-12-09,06:53:15,28.688624689177256,77.09769579780597,Assault,Blunt Object,False
2023-07-21,12:27:07,28.78789123633069,77.02717298912447,Fraud,None,False
2024-04-02,18:30:45,28.704300297488246,77.10990078365705,Fraud,None,False
2023-03-23,22:11:16,28.68388096646124,77.0087942323534,Robbery,Firearm,True
2023-12-15,20:26:22,28.78111016002628,77.0466484013646,Cybercrime,None,False
2024-06-04,06:44:30,28.770950643453332,77.13230073826058,Kidnapping,Blunt Object,False
2023-01-15,00:12:24,28.655010279091915,77.06500147716035,Burglary,Poison,False
2023-03-13,20:17:59,28.796498267912014,77.04745117397324,Fraud,None,False
2024-02-08,16:36:58,28.766417364904985,77.03834488788648,Theft,None,False
2023-04-11,09:47:22,28.694690227387174,77.08861707568516,Fraud,None,False
2024-01-25,13:13:06,28.572259861752652,77.16259137824154,Theft,None,False
2024-04-14,00:01:28,28.645494524660293,77.07032466021874,Assault,None,False
2024-10-12,09:37:06,28.79079075254496,77.02829066435417,Cybercrime,None,True
2024-11-14,02:15:39,28.697052642612256,77.05135624712175,Assault,Knife,False
2023-07-02,23:47:15,28.68306722271345,77.0057745262019,Robbery,Firearm,False
2024-03-06,23:28:42,28.678004842938744,77.19325120748982,Burglary,Rope,False
2023-11-17,20:41:44,28.622438697017902,77.23062696454014,Fraud,None,False
2023-07-25,15:26:53,28.64523521496478,77.06491078976406,Cybercrime,None,False
2023-11-29,07:13:51,28.534157048039248,76.92177376904343,Burglary,None,False
2023-05-24,14:51:14,28.645541163627797,77.07039732124632,Fraud,None,False
2023-11-02,02:08:08,28.636961955635506,77.26950939005832,Burglary,Knife,False
2024-12-29,09:42:09,28.651449359742546,77.05341658748291,Theft,None,True
2023-12-10,14:58:24,28.754408486670535,77.17726929133724,Fraud,None,True
2023-09-04,02:50:27,28.771674359972003,77.03778269938917,Assault,None,False
2023-10-10,21:21:08,28.670872554472766,77.18956896290919,Cybercrime,None,False
2023-03-05,15:49:58,28.686772736463183,77.17863762911288,Theft,None,False
2024-06-02,15:03:28,28.655289122717072,77.08471203394272,Fraud,None,False
2024-04-16,19:05:08,28.754762747373444,77.16034888687494,Robbery,Knife,True
2023-04-22,04:55:21,28.645055922979672,77.10442593090313,Robbery,Blunt Object,False
2024-01-16,14:15:44,28.75233324907292,77.1604693592566,Fraud,None,False
2023-04-18,04:05:41,28.824567593575694,77.09153451508826,Assault,None,True
2024-08-21,02:31:59,28.799436228457328,77.04780047441562,Assault,Blunt Object,True
2024-12-05,02:35:56,28.6525685374318,77.05733973468278,Assault,Knife,False
2023-10-18,20:41:46,28.64291711832601,77.021261864531,Assault,None,False
2023-03-29,04:44:11,28.79359166070238,77.02038231792513,Robbery,Knife,False
2023-03-18,01:03:50,28.650868376541112,77.05168890652176,Assault,None,True
2024-06-18,18:41:53,28.79233546119842,77.03267219582732,Theft,None,False
2023-01-16,15:40:46,28.687436385618597,77.19391454578322,Theft,None,False
2023-04-29,09:38:38,28.79845065412002,77.0471081871829,Fraud,None,False
2023-12-07,14:40:40,28.71846308339882,76.98662069335755,Theft,None,False
2024-04-13,17:15:45,28.63357476945003,77.04163151470684,Theft,None,False
2024-07-06,14:08:12,28.63326334166572,77.06318823657705,Theft,None,False
2024-12-27,15:49:01,28.74850345819175,77.1506986439559,Theft,None,False
2023-09-20,07:33:57,28.75337154194614,77.07209347419344,Kidnapping,Poison,False
2024-02-07,03:49:27,28.742881711995874,77.15196766332437,Burglary,Blunt Object,False
2024-12-15,18:09:52,28.77511509513227,77.02979213503022,Theft,None,False
2024-12-16,01:18:42,28.767527769644232,77.14979494695905,Burglary,Blunt Object,True
2024-03-25,05:16:49,28.771809575533478,77.16681635986939,Kidnapping,Rope,True
2023-11-25,06:26:13,28.77830694691421,77.02138876233586,Murder,Blunt Object,False
2023-02-05,22:11:55,28.698844583807983,77.21783277633969,Burglary,Poison,False
2023-08-29,14:50:13,28.639198090937715,77.07158090298262,Theft,None,True
2024-08-19,23:50:37,28.82494399891361,77.02509743496374,Burglary,Knife,True
2024-08-27,03:34:55,28.636494891171143,77.17376620321271,Murder,Knife,False
2023-01-27,21:39:58,28.719284754964157,77.03389384734564,Vandalism,None,True
2024-04-07,04:01:36,28.700578195518805,77.10179480447273,Murder,Knife,False
2023-11-10,02:47:56,28.658451455750445,77.19015643106484,Robbery,Knife,False
2023-09-29,23:09:11,28.779313078110608,77.00466283776203,Robbery,Knife,True
2023-09-24,23:28:31,28.673861290316903,77.17508428741107,Robbery,Firearm,False
2024-03-23,10:08:18,28.690988221923025,77.1766455497908,Fraud,None,True
2023-06-25,20:35:24,28.743123566364215,77.15757932669962,Burglary,Rope,False
2023-07-13,00:42:00,28.777495526319925,77.02470543798749,Assault,None,False
2024-11-10,14:01:56,28.649195013828244,77.0520953269211,Theft,None,True
2024-06-06,04:54:22,28.739527263418008,77.16975998002094,Robbery,Firearm,False
2024-12-12,07:58:22,28.759894987376008,77.14985790715006,Assault,Blunt Object,True
2024-04-10,20:59:01,28.703752279029807,77.15308643581162,Burglary,None,False
2024-01-30,03:03:16,28.683833374496132,77.17494024708685,Assault,None,False
2023-06-04,21:28:04,28.677761465259657,77.1774329582379,Kidnapping,Rope,True
2024-10-21,14:36:22,28.672210187554874,77.18410692867465,Theft,None,False
2024-03-09,04:01:04,28.703432142694734,77.17605668983026,Murder,Blunt Object,True
2024-11-20,08:42:54,28.758970865591156,77.13741830790629,Theft,None,False
2024-02-05,17:36:01,28.660521767929346,77.17880283315242,Theft,None,False
2024-03-03,08:19:13,28.722386252624418,77.09398408167499,Assault,None,False
2024-12-20,14:43:25,28.67201777290387,77.17713653973044,Fraud,None,False
2023-12-29,00:43:15,28.778559556159117,77.03428239743906,Burglary,None,True
2024-11-26,22:09:06,28.768107772761958,77.15705968399881,Robbery,Firearm,False
2024-01-05,01:44:45,28.63606469038573,77.09003229510803,Burglary,Poison,True
2024-03-17,10:44:25,28.78488573220961,77.0267277904362,Theft,None,True
2023-03-11,04:37:00,28.798220963746775,77.02780929382058,Robbery,Knife,False
2024-12-16,06:33:20,28.770729136549875,77.14379357209033,Theft,None,False
2023-05-01,22:57:00,28.718400303889215,77.10451047664283,Burglary,Rope,False
2023-08-04,15:02:20,28.717010522327026,77.12151765708703,Theft,None,False
2023-05-18,03:24:38,28.63277392709479,77.07525771820758,Burglary,Firearm,True
2024-05-04,15:51:15,28.56320960955746,76.99778156447519,Theft,None,False
2023-10-13,06:51:17,28.746065905402077,77.15753636636178,Cybercrime,None,False
2023-04-18,12:06:08,28.64443015876935,77.06082863915837,Cybercrime,None,False
2023-07-01,22:36:08,28.645562352790225,77.06841289589293,Robbery,Knife,False
2024-02-08,01:18:09,28.770924812394135,77.21191668356153,Murder,Blunt Object,True
2023-10-26,20:12:53,28.692300348127674,77.18228637627558,Fraud,None,False
2024-02-10,17:11:03,28.65199110378691,77.16385361291853,Cybercrime,None,False
2023-11-29,02:43:51,28.58967451837354,77.03462958678884,Assault,None,False
2023-05-20,18:04:33,28.71409380946393,77.10125871625183,Theft,None,True
2024-07-12,01:37:47,28.66201807541642,77.16760196934635,Assault,Blunt Object,False
2023-01-03,04:12:41,28.75458716679394,77.16391896536969,Robbery,Knife,True
2023-09-21,03:31:32,28.655385457775314,77.06360880502893,Assault,None,True
2024-05-15,18:56:30,28.80418909419096,77.0314517963406,Fraud,None,False
2024-02-13,03:04:18,28.672714323766026,77.15682564090261,Burglary,Blunt Object,False
2024-09-05,01:44:48,28.779626370508385,77.0410201503491,Robbery,Knife,False
2024-12-24,14:30:55,28.86049613368597,77.01947653663328,Fraud,None,False
2023-05-25,04:33:22,28.750325232929306,77.20718790323234,Burglary,Blunt Object,False
2023-01-20,12:23:47,28.75421208153196,77.12966719542473,Theft,None,True
2023-01-20,06:33:23,28.67657289999574,77.19011430624062,Vandalism,None,False
2024-02-27,12:57:02,28.609357710498156,77.07708454691257,Fraud,None,False
2024-12-25,19:18:40,28.588550395787124,76.84548524514197,Kidnapping,Blunt Object,False
2024-10-01,20:58:34,28.806800441178765,77.10212514661983,Assault,Knife,False
2023-12-27,06:55:28,28.863867499670498,77.18823221919062,Robbery,Knife,False
2024-07-23,16:03:08,28.780557902383343,77.03166819339897,Theft,None,False
2023-08-18,16:03:44,28.649761773907702,77.07216883416756,Cybercrime,None,False
2024-10-23,01:20:49,28.7363670630742,77.21305931452895,Burglary,None,False
2024-04-24,21:56:56,28.641133312633258,77.05252856453214,Murder,Knife,False
2024-10-31,09:16:53,28.64345190746439,77.06455184890736,Theft,None,True
2024-08-30,06:02:30,28.772084646052605,77.01913277915855,Cybercrime,None,False
2023-10-30,14:32:42,28.648573862964735,77.0584364314863,Fraud,None,True
2023-04-25,15:31:42,28.64244159094338,77.05890307334299,Theft,None,True
2024-09-15,14:53:15,28.85616009017632,77.22867611603951,Theft,None,True
2023-11-21,18:24:39,28.66172646309961,77.1771720678692,Cybercrime,None,False
2024-12-23,11:18:09,28.652600042679698,77.06851936237103,Theft,None,False
2024-01-05,20:06:39,28.69995420376702,76.98873997950358,Burglary,Poison,False
2023-09-14,23:15:04,28.777274599538462,77.02733232432455,Murder,Knife,False
2024-10-03,12:15:38,28.73179943311191,77.27287271546973,Theft,None,False
2024-07-17,14:32:30,28.635411976521187,76.99989647524448,Theft,None,False
2024-01-22,14:12:05,28.693241352317205,77.20567389805142,Fraud,None,True
2023-10-29,22:06:21,28.769631170332392,77.04703634150876,Burglary,None,False
2023-12-05,08:11:48,28.672379686378843,77.17515679997688,Burglary,Rope,False
2023-12-19,07:19:58,28.544081071323784,77.17315207734207,Theft,None,False
2023-04-17,22:29:58,28.702388288047587,77.10420705482755,Robbery,Firearm,False
2023-03-19,13:04:03,28.745091882589886,77.1493090396575,Theft,None,False
2023-09-02,10:05:26,28.655441875364527,77.09244068946218,Cybercrime,None,True
2023-06-02,21:57:03,28.697404476736242,77.08715819039314,Murder,Firearm,True
2024-05-23,20:23:29,28.671384997452968,77.04886595752663,Vandalism,None,True
2024-12-26,11:11:53,28.675914590069425,77.16477972171576,Theft,None,False
2023-08-16,19:09:51,28.76412952563382,77.03347826491854,Burglary,None,False
2024-10-27,02:01:14,28.755843675877685,77.16511498990803,Burglary,Blunt Object,False
2023-12-09,00:01:16,28.788095468410155,77.03100189281255,Robbery,Firearm,False
2024-12-31,02:10:18,28.66460399755935,77.19749012068235,Burglary,Blunt Object,False
2023-03-11,09:47:54,28.683388512460503,77.17003670522251,Theft,None,False
2023-12-31,03:23:29,28.754479637282106,77.15394052231527,Assault,Blunt Object,False
2024-03-01,02:20:39,28.670643463433944,77.19021850485807,Burglary,Poison,False
2023-09-28,23:45:35,28.787273313834817,77.0834514302195,Robbery,Firearm,False
2023-06-15,16:22:10,28.701291307542025,77.11748958462668,Fraud,None,False
2024-02-01,02:29:14,28.763428388923625,77.1532236038991,Robbery,Blunt Object,True
2023-03-30,21:40:48,28.7678079096092,77.03594000106307,Fraud,None,False
2023-03-04,21:24:52,28.761080834649178,77.12495478371602,Burglary,Firearm,False
2024-11-24,12:01:00,28.64661869448318,77.05833308013204,Cybercrime,None,False
2024-04-01,18:56:34,28.682014571987047,77.01176190472367,Theft,None,False
2023-12-03,09:29:31,28.672618107095964,77.19641991576182,Theft,None,False
2023-05-05,10:18:29,28.669636015011843,77.19215573558793,Theft,None,False
2023-05-11,19:21:31,28.746036687811205,77.16008756192656,Burglary,Blunt Object,False
2024-10-22,15:42:42,28.704265585562194,77.13770248287894,Cybercrime,None,False
2024-05-05,13:10:40,28.674171532560973,77.18891625232442,Theft,None,False
2023-12-16,09:24:36,28.758424148820662,77.01830174686543,Theft,None,False
2024-08-09,08:59:08,28.70827080498009,77.08206461646104,Cybercrime,None,False
2023-08-31,14:32:18,28.778794196443528,77.03195659158965,Fraud,None,False
2024-08-15,09:32:21,28.745818598623874,77.14558438597307,Theft,None,False
2024-05-21,14:28:49,28.786815822001536,77.04259294955781,Theft,None,False
2023-03-11,20:28:08,28.744515506187454,77.14674941803813,Cybercrime,None,False
2024-09-13,05:59:05,28.630973902667296,76.86036202481228,Cybercrime,None,True
2024-06-07,19:40:01,28.645517117903175,77.07184717745828,Kidnapping,Rope,False
2024-06-15,16:24:39,28.805764320731587,77.01542336235593,Theft,None,False
2024-06-14,08:29:44,28.578930195147986,77.10466055475918,Murder,Knife,False
2024-08-19,22:34:08,28.652392736865668,77.0640485044831,Burglary,Blunt Object,False
2023-10-04,06:26:05,28.786993046358738,77.04391830927737,Murder,Firearm,False
2024-07-02,00:16:11,28.63018634407693,77.08050299133271,Robbery,Knife,False
2024-10-04,22:34:37,28.86756055117612,77.08281888769024,Assault,Blunt Object,True
2024-02-15,07:15:30,28.661426630340333,77.1758064390375,Murder,Blunt Object,False
2024-03-25,16:56:34,28.774718201487786,77.03607162585702,Theft,None,False
2023-07-18,17:29:30,28.665140529964113,77.18521034252862,Fraud,None,True
2023-05-06,14:41:48,28.66673934781459,77.16126621461602,Theft,None,False
2023-03-29,08:32:22,28.67716619786982,77.18398463681547,Vandalism,None,False
2023-01-21,23:17:40,28.789277578157087,77.02577012780836,Murder,Blunt Object,True
2023-05-04,15:26:40,28.666304555246406,77.18651466858482,Theft,None,False
2024-06-19,21:00:52,28.71929019572531,77.10261168009507,Fraud,None,False
2024-02-07,06:16:22,28.746558509604714,77.07034123155744,Robbery,Knife,False
2024-10-06,22:56:14,28.688663694781262,77.11217429419155,Robbery,Firearm,False
2024-03-09,16:01:06,28.713184142390862,77.10960774025176,Theft,None,False
2023-04-05,23:13:26,28.672280545616577,77.18847056099739,Robbery,Knife,False
2023-12-08,16:36:22,28.65303761797388,77.07870158684956,Fraud,None,False
2023-06-04,21:45:35,28.793985261046473,77.03313821225035,Vandalism,None,True
2023-01-27,22:34:54,28.573274674457565,77.11806582976718,Robbery,Knife,False
2023-09-02,09:08:36,28.72975773958493,77.17340297753184,Theft,None,False
2024-05-04,03:29:27,28.839489185932344,77.09298494879432,Murder,Firearm,False
2023-07-05,02:24:38,28.66510987189813,77.0449071297996,Burglary,Poison,False
2024-09-10,00:04:12,28.758293418724616,77.14451479607817,Burglary,None,False
2024-11-14,22:03:13,28.65502778000311,77.18048225623701,Robbery,Blunt Object,False
2023-11-01,11:23:08,28.65952827301579,77.18088572101968,Theft,None,False
2023-06-15,12:41:55,28.784447692480942,77.04368541409337,Theft,None,True
2024-01-05,08:54:49,28.553341486523607,77.19334451656458,Assault,Blunt Object,False
2023-04-01,01:12:13,28.71390804502798,77.20538491536097,Robbery,Firearm,False
2023-12-02,21:41:27,28.669782488249687,77.16917755413238,Robbery,Firearm,False
2024-04-04,17:09:24,28.582350067378414,76.9733192546333,Theft,None,True
2024-05-06,00:04:04,28.751881415292065,77.25019220222147,Robbery,Knife,False
2023-07-11,01:29:48,28.63845048473345,77.06879135298257,Robbery,Firearm,False
2024-02-02,07:01:33,28.76886557941864,77.03430321249179,Fraud,None,False
2024-12-03,08:23:25,28.71078562616337,77.08801875224724,Fraud,None,False
2024-11-16,11:21:21,28.7820611653102,77.03965917140486,Fraud,None,True
2023-07-18,04:48:59,28.644762293527705,77.19585453061703,Assault,Knife,False
2024-01-22,00:50:17,28.757636793758913,77.15966727647718,Robbery,Blunt Object,False
2023-05-24,02:46:49,28.699972807208052,77.08527277518435,Robbery,Blunt Object,False
2024-10-19,22:57:46,28.64944062956317,77.06167409674583,Robbery,Knife,False
2023-03-03,20:57:57,28.644421154554326,77.07337606985199,Assault,Blunt Object,False
2023-04-07,05:02:20,28.78030638738626,77.29462374170896,Theft,None,False
2024-09-21,18:23:48,28.705638542288735,77.0955878756221,Theft,None,True
2024-11-13,13:22:55,28.752215831530915,77.15665663372539,Fraud,None,False
2023-03-22,15:49:20,28.68425856518993,77.16782966048562,Fraud,None,True
2024-02-02,18:40:21,28.704953761517917,77.26345416570385,Theft,None,False
2023-01-07,11:53:45,28.751697911289977,77.1618101185487,Fraud,None,False
2024-06-17,00:37:01,28.7534117527216,77.1980860606525,Robbery,Knife,False
2023-08-05,08:44:49,28.776002394584,77.02444598329936,Fraud,None,True
2024-05-20,09:32:19,28.70612718921223,76.94927782127597,Theft,None,True
2023-04-21,04:21:31,28.677125939338836,77.12778766575157,Murder,Firearm,False
2023-05-14,21:02:29,28.7219463560695,77.1065271818927,Robbery,Knife,False
2024-09-02,13:47:46,28.76035228470873,77.1641447584705,Cybercrime,None,True
2023-08-29,13:48:32,28.74445342411105,77.15084917337629,Theft,None,False
2024-12-17,20:42:57,28.808354125918036,77.03170877777617,Burglary,None,False
2023-11-06,19:44:05,28.81574307487822,77.19887378771732,Assault,Blunt Object,True
2023-01-28,02:42:48,28.55628862856123,77.1335479277006,Burglary,Poison,True
2023-12-15,07:53:21,28.755567474722053,77.1557995878784,Fraud,None,True
2023-08-04,22:09:12,28.776558875202088,77.02133080488089,Robbery,Knife,False
2024-05-19,07:33:27,28.699339899999792,77.10152205002916,Burglary,None,True
2024-02-28,01:12:54,28.822598444760033,77.28423108197256,Murder,Firearm,False
2024-01-03,08:01:33,28.768065978462232,77.16110185210782,Burglary,Firearm,False
2023-11-12,20:24:37,28.603665973770042,77.06161038250106,Vandalism,None,True
2023-11-04,21:41:50,28.7250926052413,77.03925609619239,Cybercrime,None,True
2024-07-18,12:01:54,28.78987205652528,77.03970486108255,Theft,None,True
2023-08-04,05:56:02,28.709462900625656,77.11275134604558,Murder,Firearm,False
2024-10-15,16:24:03,28.613640878628694,77.19578287040923,Fraud,None,False
2023-07-29,13:27:24,28.697143545498797,77.09309064047358,Theft,None,True
2024-06-09,23:26:43,28.649421161341866,77.074658735622,Assault,None,False
2024-02-14,18:07:03,28.7529013486376,77.10458040237727,Theft,None,True
2023-06-08,02:38:23,28.787201538261012,77.03386426918068,Murder,Blunt Object,False
2024-06-27,01:33:35,28.662840491038644,77.17007379855056,Robbery,Blunt Object,False
2023-02-03,18:44:32,28.753311741205266,77.1532985683577,Fraud,None,False
2024-10-11,11:48:47,28.704213323783677,77.1092610161365,Theft,None,False
2023-02-16,06:58:50,28.70194523283836,77.10812979181905,Cybercrime,None,True
2023-07-31,03:00:19,28.672654132326734,77.20073358962037,Robbery,Firearm,False
2024-06-15,12:55:01,28.784907137267265,77.05590722611527,Theft,None,True
2024-04-14,20:04:09,28.70762011591091,77.10036322829413,Robbery,Blunt Object,False
2024-08-29,12:42:33,28.614155202374032,76.95821114259424,Fraud,None,True
2023-01-15,11:37:47,28.604955771560384,77.01453936908361,Theft,None,True
2024-12-28,14:03:51,28.648048200204123,77.0572383462894,Theft,None,True
2024-06-11,13:01:39,28.785969270525545,77.04531978362378,Theft,None,True
2023-05-19,07:00:05,28.695319164836516,77.31041566984669,Murder,Knife,True
2023-10-19,11:50:45,28.69234189019661,77.10099416451625,Theft,None,False
2024-12-17,20:49:57,28.6501687076389,77.19615066060571,Fraud,None,False
2024-03-17,02:51:05,28.76170208369634,77.01806884710824,Robbery,Firearm,False
2024-07-09,16:13:05,28.703026531775492,77.1180137772101,Theft,None,True
2023-05-05,12:08:09,28.646358418340373,77.04898452545736,Theft,None,False
2023-04-23,04:01:47,28.662128334073095,77.19922989702846,Robbery,Blunt Object,False
2024-09-05,14:47:24,28.74788865201204,77.14307036627551,Fraud,None,False
2024-02-26,02:46:53,28.851837256063085,77.2036097005587,Robbery,Firearm,False
2024-07-31,10:52:14,28.83150596432668,77.00749581197343,Fraud,None,True
2023-06-18,07:32:16,28.738848943589858,77.15383166489363,Assault,Knife,True
2024-08-16,13:53:29,28.677451261330734,77.18614601803705,Theft,None,False
2024-10-28,16:55:09,28.68888183935639,77.16516232909993,Cybercrime,None,False
2024-02-02,18:23:03,28.65269695051298,77.05153374955853,Theft,None,False
2024-02-07,06:11:04,28.792657353208607,77.0277504329548,Burglary,Poison,True
2023-09-28,21:56:43,28.62270282041095,77.04150972930509,Theft,None,False
2024-06-08,20:48:14,28.559538979922344,77.10654289398336,Theft,None,False
2024-01-12,00:16:11,28.626832660933953,77.18112982309003,Burglary,Rope,False
2024-03-22,19:47:04,28.760500560810332,77.16938157052903,Assault,None,False
2024-05-18,06:31:18,28.74073274835411,77.15456777670802,Robbery,Firearm,False
2023-05-06,01:50:07,28.798100998118276,77.02622337303974,Assault,None,True
2023-12-25,16:46:07,28.555274178717696,77.12250940591285,Cybercrime,None,True
2023-04-04,20:05:26,28.769873665307856,77.05703938672927,Murder,Knife,False
2023-09-20,08:59:10,28.688654982920788,77.20413976333302,Kidnapping,Knife,False
2023-05-12,20:05:11,28.644724469766633,77.06800573593702,Murder,Firearm,False
2024-11-17,06:14:48,28.658152456804736,77.19079248055868,Vandalism,None,True
2023-06-08,22:28:20,28.74194456787949,77.12706906810526,Robbery,Blunt Object,False
2024-10-31,23:35:16,28.746192893805116,77.13794526524383,Robbery,Firearm,True
2024-05-17,18:46:33,28.798879267361595,77.05065677455082,Fraud,None,False
2024-01-24,04:59:41,28.770070709275867,77.04541715607523,Assault,None,False
2023-10-15,02:22:44,28.653613849835008,77.04680223315282,Robbery,Firearm,True
2024-03-10,11:00:31,28.780197324690683,77.02669836277877,Cybercrime,None,False
2024-04-21,23:22:53,28.651579953986275,77.05021220649095,Burglary,Rope,True
2024-01-16,12:13:36,28.694212737434054,77.03390654960505,Fraud,None,False
2024-05-04,17:16:01,28.751434118338516,77.08082079683122,Theft,None,False
2024-07-30,16:58:49,28.778747542960595,77.0303670342437,Theft,None,False
2024-04-05,06:41:35,28.724460428328403,77.09833100363882,Kidnapping,Blunt Object,False
2023-03-21,02:19:01,28.77368994781716,77.03833433569157,Robbery,Firearm,False
2024-09-24,22:40:00,28.78266475330577,77.01834766069135,Robbery,Firearm,False
2023-07-14,07:55:43,28.927249633520248,77.06725210544134,Fraud,None,True
2024-03-29,04:07:15,28.666313054603865,77.11848353519082,Murder,Knife,False
2024-11-04,12:58:05,28.77140116769209,77.13570254673482,Fraud,None,False
2023-05-28,17:36:24,28.756859858494206,77.17337272161794,Cybercrime,None,True
2023-05-26,04:40:54,28.716972868073967,76.97896660206966,Murder,Firearm,False
2023-08-04,20:05:39,28.637916031470397,77.06456882529757,Robbery,Blunt Object,False
2023-03-18,15:42:21,28.6874080391564,77.17910664155585,Cybercrime,None,False
2024-02-28,21:11:52,28.792366517974322,77.01814631172954,Cybercrime,None,True
2024-09-10,19:11:21,28.73966281630405,77.14767199311315,Kidnapping,None,True
2024-07-12,16:31:01,28.68848028721873,77.18318874639515,Theft,None,True
2024-05-21,04:16:32,28.73308111955666,77.13030795955736,Robbery,Firearm,False
2023-11-05,04:44:29,28.685192079825867,77.17639779307463,Robbery,Blunt Object,False
2024-07-04,10:23:55,28.710982851084882,77.09419117336145,Fraud,None,False
2024-04-17,23:33:17,28.803932726559207,77.02449608895705,Burglary,Firearm,True
2024-01-01,23:31:30,28.745276106969214,77.15799669813488,Burglary,Rope,True
2024-06-25,09:23:58,28.674897884314323,77.18576852406261,Fraud,None,False
2024-05-14,09:28:56,28.646373137954924,77.05159607801193,Fraud,None,False
2023-08-25,16:04:36,28.800233589290794,77.04143542205891,Fraud,None,False
2023-02-23,10:26:04,28.687689499512672,77.1772166911089,Theft,None,False
2024-04-14,04:14:59,28.745752354471517,77.12223684622347,Robbery,Knife,False
2024-05-16,16:02:21,28.655380026262016,77.07410248131829,Fraud,None,False
2024-04-19,10:29:38,28.723405080295812,76.95070488681569,Fraud,None,False
2023-10-26,13:38:58,28.88206618870877,77.15809874336902,Fraud,None,False
2024-12-09,08:49:25,28.643256295860887,77.14315421382668,Robbery,Knife,True
2023-12-01,10:22:22,28.658989064515474,77.19305353067472,Theft,None,False
2023-10-11,22:51:36,28.556978825572084,77.0804165507963,Assault,Blunt Object,False
2024-04-12,23:11:03,28.706544544496055,77.11288839711983,Assault,Blunt Object,True
2024-10-19,02:00:44,28.675165446764343,77.18884962873614,Assault,Blunt Object,False
2023-01-28,00:43:03,28.643818330915508,77.06217814049056,Robbery,Firearm,False
2023-06-26,12:47:44,28.674954772503483,77.18060942079148,Fraud,None,True
2024-10-03,20:10:42,28.687234297569187,77.09481676506304,Kidnapping,Blunt Object,False
2023-02-23,13:21:07,28.786547748411117,77.03000878996512,Theft,None,False
2024-05-25,17:04:51,28.75254190917818,77.14926646330562,Theft,None,False
2024-10-27,14:41:34,28.635464016072685,77.05756900539023,Theft,None,False
2023-10-04,07:51:55,28.67341682556114,77.10301431405419,Cybercrime,None,False
2023-06-07,00:51:42,28.6480337834447,77.06069449709115,Robbery,Firearm,True
2024-08-07,14:46:31,28.773803447443075,77.01851917960083,Theft,None,False
2023-03-05,03:53:25,28.670074372073753,77.05120184969735,Assault,Blunt Object,False
2024-04-07,08:26:32,28.668913749987354,77.18767000302515,Cybercrime,None,False
2024-08-10,08:41:16,28.757708606095658,77.15770865692562,Burglary,None,False
2023-07-19,06:31:50,28.699672829304678,77.10488558070641,Theft,None,False
2024-03-08,12:38:51,28.710234366424086,77.07128686324587,Theft,None,False
2023-04-27,12:13:34,28.728640974177136,77.20803655467508,Cybercrime,None,False
2023-05-10,07:54:57,28.783877997765646,77.03234452846358,Fraud,None,False
2023-03-15,03:46:03,28.794781610348757,77.0421136035982,Murder,Firearm,True
2024-11-24,06:12:46,28.86249364409635,76.92687697655205,Theft,None,False
2023-11-01,02:07:44,28.763151191831696,77.15851580045403,Murder,Knife,False
2023-04-09,13:12:03,28.615534760224673,77.12765879179989,Theft,None,False
2024-01-21,17:12:47,28.71461121747758,77.09420841077515,Fraud,None,False
2024-02-22,00:59:59,28.748356242902283,77.1896353675731,Robbery,Knife,False
2024-11-26,07:42:40,28.773389804374684,77.03107714307556,Murder,Blunt Object,False
2023-10-21,07:54:01,28.757109683766426,77.14453868494458,Robbery,Knife,True
2024-04-13,06:07:48,28.616184680090647,77.08899553981372,Burglary,Knife,False
2023-12-07,18:26:49,28.712116397169037,77.10893734001193,Fraud,None,False
2023-06-18,19:41:15,28.775485872708135,77.03902167885117,Fraud,None,True
2024-12-08,23:20:36,28.665740602238333,77.16639830202007,Burglary,Poison,False
2024-05-29,18:47:04,28.667385642895276,77.21479693715858,Theft,None,True
2023-02-03,23:46:18,28.650659605521415,77.06248428192627,Robbery,Knife,False
2024-06-26,08:06:06,28.662429451640893,77.06352378638836,Kidnapping,Knife,False
2023-12-10,01:36:38,28.675187849058606,77.17181562514155,Robbery,Knife,True
2024-10-06,06:48:45,28.64061892654799,77.06034430538641,Murder,Firearm,False
2023-02-05,10:08:55,28.660589255415484,77.17411551749103,Cybercrime,None,False
2024-01-11,11:49:42,28.678205067914863,77.18259511839942,Fraud,None,False
2023-07-21,23:58:55,28.641012382088068,77.05338572562462,Burglary,Blunt Object,True
2024-11-17,13:52:02,28.79986849825589,77.02412020785322,Theft,None,False
2023-11-16,17:14:33,28.75661592807262,77.14762130911926,Fraud,None,True
2024-03-13,23:36:39,28.704462792926385,77.10707609741941,Burglary,Firearm,False
2023-02-15,09:39:18,28.690397434107922,77.10243383755846,Theft,None,False
2023-06-20,22:29:55,28.823172864897984,77.27865018934921,Burglary,Blunt Object,True
2023-11-26,15:03:25,28.642799860267452,77.06291681207217,Fraud,None,False
2023-07-11,09:59:03,28.696213330286014,77.193849242816,Theft,None,False
2024-02-11,00:20:59,28.64237154307448,77.0406016549114,Robbery,Knife,False
2023-03-29,21:18:16,28.799754946178727,77.00139628699543,Theft,None,False
2023-08-29,06:24:21,28.68497726751339,77.18584299963752,Burglary,Rope,False
2023-04-29,02:48:04,28.75927720764027,77.14993266196521,Assault,Blunt Object,True
2024-12-29,06:14:21,28.697801751957535,77.1171199283087,Cybercrime,None,False
2024-08-18,02:48:35,28.679426271944653,77.06140649234263,Burglary,Firearm,False
2023-05-14,22:05:51,28.69608629321202,77.1218022132718,Robbery,Firearm,False
2023-12-05,17:25:05,28.663791748732805,77.17685128505794,Cybercrime,None,False
2024-01-19,17:38:32,28.66791967926094,77.19095280304607,Theft,None,False
2024-01-08,18:57:42,28.615503743200012,76.9269232142242,Cybercrime,None,False
2024-05-26,21:18:37,28.73442905437094,77.13779619865325,Vandalism,None,False
2023-02-18,18:42:21,28.79771538202848,77.03266206599486,Theft,None,False
2024-02-06,23:08:17,28.649112490868074,77.06786487727122,Robbery,Blunt Object,False
2024-02-29,19:01:18,28.709718391839232,77.09502187033488,Fraud,None,False
2024-07-09,00:48:20,28.76454526429818,77.15395995914314,Burglary,Firearm,False
2023-01-26,01:48:03,28.768090974792635,77.1587082994529,Robbery,Firearm,False
2024-12-09,14:53:50,28.63792203726519,77.0575286597613,Fraud,None,True
2024-09-25,05:39:27,28.74682535193546,77.16467548021951,Vandalism,None,True
2024-04-08,03:10:02,28.640049490470545,77.054515272032,Robbery,Knife,False
2023-10-23,16:22:06,28.736077804112682,77.09278328936276,Cybercrime,None,False
2023-08-22,21:04:22,28.733556851257518,77.2914813903894,Burglary,Rope,False
2024-09-29,10:08:00,28.71323070805929,77.10277010554303,Cybercrime,None,False
2024-03-02,04:35:10,28.66001576615794,77.17750037502792,Burglary,Rope,False
2024-08-10,18:35:46,28.77520461025453,76.98539589603382,Theft,None,False
2023-06-28,18:45:10,28.695509702963303,77.18264416562636,Theft,None,False
2024-10-07,15:09:44,28.754588483932096,77.14583354807043,Cybercrime,None,True
2023-02-01,21:50:16,28.709067377567756,77.09091998193479,Vandalism,None,True
2023-08-01,08:24:53,28.725748925891015,77.11567351304653,Fraud,None,False
2023-11-06,11:59:23,28.79394296445197,77.01859570994212,Cybercrime,None,False
2023-09-23,04:57:17,28.70615413270458,77.11459086398014,Robbery,Firearm,False
2023-07-03,06:44:56,28.680031053993577,77.17247890895366,Burglary,None,False
2023-09-01,05:18:57,28.639090624469134,77.0573063861994,Kidnapping,None,True
2023-07-12,06:46:06,28.698065621655115,77.1177877883571,Cybercrime,None,False
2024-12-22,14:22:05,28.73488986861177,77.1590591913966,Theft,None,True
2024-02-13,06:18:59,28.691176966250715,77.0928874851255,Murder,Blunt Object,False
2023-08-19,07:15:21,28.50312666331313,77.04759455688412,Fraud,None,False
2023-01-05,12:24:58,28.85517316515392,77.12898242424649,Cybercrime,None,False
2024-10-18,20:56:01,28.58426384530009,77.20421476743793,Fraud,None,False
2024-05-05,02:23:31,28.82723042635687,77.11290464810392,Murder,Firearm,True
2024-11-05,00:08:20,28.664447491581527,77.07071564124625,Burglary,Knife,True
2024-07-04,09:34:43,28.76092652507293,77.14446621292834,Cybercrime,None,False
2023-02-25,14:57:23,28.766839848562135,77.12417912776046,Cybercrime,None,False
2023-12-15,02:18:23,28.709298290026712,77.09565414380859,Murder,Knife,False
2023-12-30,22:34:31,28.78538098884359,77.02433138499786,Burglary,Poison,True
2024-09-03,13:48:08,28.489386790003397,77.20233045685785,Cybercrime,None,False
2023-03-04,06:41:28,28.659076110183104,77.18357186464783,Burglary,Knife,False
2024-08-08,20:52:30,28.78743002129449,77.03576563015865,Kidnapping,Rope,True
2023-08-29,16:23:43,28.675792092640176,77.129621147528,Fraud,None,False
2023-06-08,10:48:16,28.78880967069785,77.03984964815753,Fraud,None,False
2023-05-03,18:06:41,28.661434413393845,77.06484194151498,Theft,None,False
2023-10-07,05:23:07,28.71050488450177,77.011827103465,Burglary,Knife,True
2024-11-27,10:58:40,28.747694632389933,77.16923831031406,Theft,None,True
2024-08-27,17:27:38,28.684869681571836,77.1569612504184,Theft,None,True
2023-01-29,08:28:04,28.701174838064507,77.10920992652089,Murder,Knife,True
2023-02-02,06:25:54,28.763226023140298,77.16148627866731,Kidnapping,Poison,False
2023-12-01,00:32:12,28.715884432614132,76.9985031848383,Burglary,Knife,False
2023-01-25,10:51:54,28.747980869473583,77.15845157323885,Theft,None,False
2023-11-22,23:40:21,28.668588123057404,77.05909279228467,Burglary,Knife,False
2023-03-09,16:00:05,28.749683767838814,77.04689474425207,Cybercrime,None,True
2024-01-25,08:22:57,28.60670329557509,77.03486841364227,Assault,Blunt Object,False
2024-12-19,13:03:11,28.733275280232974,77.16603435062908,Cybercrime,None,False
2023-06-20,11:47:01,28.681798697470853,77.099861717696,Theft,None,False
2024-07-11,20:48:20,28.586287210464995,77.01406197846379,Burglary,Rope,False
2023-05-17,20:44:20,28.717865226597386,77.10451066990032,Murder,Firearm,True
2023-11-07,12:37:05,28.694446038408184,77.09660482867504,Theft,None,False
2024-07-31,23:27:43,28.74644518779558,77.15206454327921,Burglary,None,False
2024-01-14,10:40:48,28.72138916847877,77.29205747732286,Fraud,None,False
2023-11-26,09:03:31,28.764936992340022,77.03215187685244,Fraud,None,False
2024-06-13,15:47:15,28.640944323074656,77.07196548527716,Theft,None,False
2024-01-31,02:58:33,28.787648181181783,77.03840362208116,Burglary,Blunt Object,True
2023-08-20,16:28:53,28.647550861860154,77.05318008874717,Fraud,None,False
2024-12-11,08:37:34,28.8252265496493,77.18235049046157,Fraud,None,False
2024-12-18,09:27:14,28.683255297917245,77.19514050170508,Theft,None,False
2023-09-03,02:50:37,28.788276751006517,77.04730992404119,Robbery,Knife,False
2024-11-09,14:07:18,28.741863957178666,77.08059414119755,Fraud,None,False
2024-03-12,16:14:58,28.704033960895167,77.10226156231865,Cybercrime,None,True
2024-03-16,06:10:43,28.698906086779093,77.1188188884837,Assault,None,True
2024-07-19,23:02:23,28.677062953655035,77.18344738475834,Burglary,Rope,False
2023-09-22,00:31:10,28.677982742549265,77.21229854516737,Assault,Knife,False
2023-09-10,04:23:38,28.772782758114,77.02404961488286,Burglary,Firearm,False
2023-09-24,14:14:21,28.5660428982553,77.07924007615645,Cybercrime,None,False
2024-07-08,09:53:52,28.646555184433275,77.0578467748166,Theft,None,False
2024-05-03,12:14:39,28.66870273201848,77.18392404866628,Theft,None,False
2024-10-09,02:05:25,28.699078921751703,77.10560175827183,Burglary,None,False
2024-09-23,12:50:20,28.765242343467428,77.15927030469801,Theft,None,False
2023-08-12,18:32:54,28.762910133471653,77.16335918411507,Theft,None,False
2023-07-10,06:54:41,28.706928281601186,77.10091358973958,Robbery,Blunt Object,False
2024-05-12,18:37:55,28.666377469291167,77.17858821836364,Theft,None,False
2024-07-02,13:16:50,28.77886314467323,77.03981672326623,Fraud,None,True
2024-04-19,16:58:17,28.73877825545942,77.17217578627144,Theft,None,False
2024-12-21,23:56:22,28.662496631438998,77.19681749484242,Burglary,Knife,False
2024-12-15,09:49:18,28.661401962849325,76.99249833579255,Theft,None,False
2023-06-30,18:17:55,28.669707822351782,77.20733765992588,Theft,None,True
2024-03-23,13:30:16,28.750222831335087,77.1492490352853,Cybercrime,None,False
2023-12-22,07:06:34,28.782178953193704,77.0310137961657,Murder,Blunt Object,True
2024-06-17,22:24:13,28.69628523934199,77.10393213083206,Robbery,Knife,False
2024-02-27,08:34:23,28.714855949081983,77.1056428931548,Theft,None,False
2024-06-17,12:08:35,28.592983470110003,77.06806540950663,Theft,None,False
2023-07-29,22:26:12,28.698584725998984,77.10302939468235,Robbery,Firearm,False
2024-12-22,04:19:19,28.837145167156233,77.08761172039792,Robbery,Blunt Object,False
2024-08-16,14:36:49,28.753218451311298,77.1702764481882,Theft,None,False
2024-07-17,13:08:01,28.652862059916718,77.06824081282106,Theft,None,True
2023-06-12,17:39:14,28.803681316153018,77.03739811254795,Fraud,None,False
2023-01-21,07:19:13,28.505447285802248,77.18576657578804,Kidnapping,Firearm,False
2023-02-21,16:29:06,28.628179915428817,77.06702005368582,Fraud,None,False
2024-05-15,11:40:04,28.686962564258707,77.097831445896,Theft,None,True
2024-12-21,23:52:09,28.670462154703902,77.17479880892769,Robbery,Blunt Object,True
2023-01-24,17:45:19,28.780611480028085,77.04282561720362,Theft,None,False
2023-04-16,13:12:00,28.666960470878404,77.18795140879512,Fraud,None,False
2024-05-26,01:48:56,28.74444350360393,77.15060500423608,Burglary,Poison,False
2023-05-27,11:34:02,28.707338392663274,77.09253471583382,Theft,None,False
2023-07-03,21:18:15,28.740982795670895,77.1574187815058,Kidnapping,None,True
2023-04-06,11:03:46,28.816408039934064,77.09459349805127,Theft,None,False
2023-02-26,12:38:59,28.699526870934434,77.10405675387689,Cybercrime,None,False
2024-05-31,06:50:13,28.674654799187653,77.18492902540711,Theft,None,False
2023-12-20,17:28:46,28.648817548996863,77.17180895708834,Fraud,None,False
2023-10-17,10:19:25,28.69564769894563,77.10400867628512,Theft,None,False
2023-09-09,23:06:11,28.645958778836224,77.06886180488684,Burglary,Firearm,False
2023-02-13,07:32:35,28.706675817492105,77.08949264929613,Murder,Knife,True
2023-04-02,07:35:22,28.79857004617585,77.04521918303423,Theft,None,True
2024-02-20,09:16:21,28.741518027099733,77.15582705294375,Fraud,None,False
2023-02-12,07:19:50,28.6445575614757,77.11638639892006,Kidnapping,Rope,False
2023-10-25,04:19:25,28.809431027964187,77.3155104266321,Murder,Knife,False
2024-12-26,22:57:18,28.65161277705143,77.0654493473511,Robbery,Knife,False
2023-04-13,22:46:32,28.640701788316917,77.06432134871011,Assault,None,False
2024-11-12,06:51:27,28.687697718933283,77.18205291243241,Burglary,Knife,True
2024-04-17,23:06:40,28.665238873486523,77.16630310134484,Burglary,None,True
2024-07-11,02:12:42,28.759230478674105,77.15497288125628,Robbery,Blunt Object,False
2024-08-14,17:27:49,28.63950918267377,77.20510141257074,Cybercrime,None,False
2024-11-17,12:57:25,28.661922313561238,77.08903559081753,Theft,None,False
2024-03-09,11:16:21,28.78393335866702,77.02899047257863,Theft,None,True
2024-09-12,23:51:55,28.72768650657496,77.2176515145933,Burglary,Firearm,False
2024-04-07,06:43:44,28.589851810188158,77.1513520138474,Vandalism,None,False
2024-12-19,14:16:39,28.705821586696064,77.10403763829545,Theft,None,True
2024-05-29,09:33:16,28.652818445698742,77.06299297425217,Cybercrime,None,False
2024-05-01,23:04:17,28.75890229261906,77.15965864629571,Robbery,Firearm,False
2024-09-07,23:24:00,28.749056347996195,77.15549183460814,Robbery,Firearm,False
2023-05-22,18:58:33,28.67902123927894,77.08923182202801,Cybercrime,None,False
2024-08-13,23:16:16,28.64087938603522,77.06721080404097,Assault,Knife,True
2023-08-20,08:00:59,28.674916447090183,77.18644544034318,Assault,Knife,False
2023-08-10,10:45:30,28.78392482637104,77.01645878987532,Fraud,None,True
2024-12-09,10:55:14,28.707236841609973,77.10885379551569,Fraud,None,False
2024-12-22,06:14:08,28.706525959371536,77.09656270806315,Assault,Knife,False
2023-07-06,00:59:27,28.772145302833344,77.03874606644895,Robbery,Knife,True
2024-12-17,13:15:29,28.676739344346583,77.1196244047685,Fraud,None,False
2024-07-17,11:17:17,28.67595399201117,77.10189381742265,Theft,None,False
2023-02-28,13:20:29,28.77960714652064,77.02281916410847,Theft,None,False
2024-11-25,04:54:11,28.64883731660769,77.05646879911774,Robbery,Knife,False
2024-09-18,01:59:23,28.705739514808947,77.10660460221902,Robbery,Knife,False
2023-08-02,06:24:21,28.74823187284397,77.14046114365627,Theft,None,False
2023-08-24,23:17:53,28.77836085613853,77.14722228124054,Burglary,Poison,True
2024-09-03,16:31:31,28.650334171586014,77.0818946354957,Theft,None,False
2024-04-03,11:53:45,28.78309077468539,77.07245571911726,Cybercrime,None,True
2024-04-19,02:01:58,28.643428836124652,77.05417392780261,Burglary,Blunt Object,False
2024-11-01,07:42:08,28.792269642695775,77.15912707080588,Assault,Blunt Object,False
2024-04-23,14:05:41,28.748955741817383,77.14207825192902,Theft,None,False
2024-05-15,10:24:03,28.630887662623365,77.07236514003804,Theft,None,True
2023-08-08,11:01:41,28.716137312895558,77.12399845363328,Theft,None,False
2024-01-12,14:29:08,28.695870513741376,77.08786496896697,Cybercrime,None,False
2023-06-25,21:46:11,28.713726135747116,77.10292039036997,Kidnapping,Poison,True
2023-11-08,10:48:47,28.713172346600576,77.09864066873484,Theft,None,False
2024-03-25,15:34:05,28.641731821569632,77.0696329817662,Cybercrime,None,False
2024-12-28,06:23:06,28.777334807965055,77.1822565622686,Kidnapping,Blunt Object,False
2023-12-29,19:47:04,28.67457987468973,77.16395472376509,Fraud,None,False
2024-03-23,15:12:27,28.815009946547672,77.09202279883185,Fraud,None,False
2023-01-05,11:42:27,28.66896511636226,77.19592747603318,Theft,None,False
2023-02-23,14:25:45,28.63865542664487,77.16544764971145,Theft,None,False
2023-12-12,02:25:32,28.698257768948015,76.91834343835156,Robbery,Knife,True
2023-12-06,15:01:50,28.655385940674787,77.03492146370452,Fraud,None,True
2024-03-10,09:33:05,28.624258719332424,77.06777330079481,Theft,None,False
2024-07-12,01:42:54,28.759370711986783,77.14612420142123,Assault,None,False
2024-12-10,22:52:02,28.755578220903033,77.12718569954222,Robbery,Knife,False
2023-10-30,03:43:16,28.76116975464471,77.15499725487054,Burglary,Blunt Object,False
2023-01-29,23:16:47,28.643643571466665,77.06270841482137,Burglary,Knife,False
2023-08-18,20:25:41,28.649032541761933,77.06221098476502,Theft,None,False
2023-09-29,13:55:02,28.765359444972688,77.05446332234524,Cybercrime,None,False
2024-01-23,08:51:53,28.824180081942846,76.97400553380453,Kidnapping,Rope,True
2023-10-28,18:37:22,28.66958627695234,77.0788965809844,Theft,None,False
2024-11-17,03:33:05,28.794888495665088,77.01090731064681,Robbery,Knife,False
2024-09-04,08:45:09,28.699109917355702,77.08489363556663,Vandalism,None,False
2023-12-06,18:12:45,28.641249044841718,77.05777499106915,Cybercrime,None,False
2024-11-29,22:21:35,28.704896940673827,77.09645125600991,Assault,None,False
2024-10-22,23:35:00,28.776589766086094,77.03869656691765,Burglary,Firearm,False
2024-10-29,11:42:44,28.678646727409426,77.1880139834278,Theft,None,True
2023-03-09,19:57:34,28.752330999095093,77.14678261417775,Robbery,Knife,False
2024-04-13,09:04:53,28.692214751797923,77.15261620700686,Fraud,None,True
2024-03-09,08:41:42,28.68233220299028,77.10644111930371,Assault,None,True
2023-04-09,01:57:31,28.707191381873347,77.10312150906087,Robbery,Firearm,False
2024-10-12,03:42:48,28.672606865781283,77.15683880614068,Burglary,Blunt Object,False
2024-09-23,17:52:03,28.779701467368994,77.05039438711079,Theft,None,False
2024-01-02,21:51:39,28.78422901295568,77.02942710161327,Murder,Firearm,True
2023-06-16,00:36:28,28.70579061955901,77.1379772868628,Burglary,Firearm,True
2023-07-11,19:51:19,28.76998202446895,77.07961198368422,Fraud,None,False
2024-04-21,19:55:21,28.75834919602394,77.16926650802762,Cybercrime,None,False
2024-12-24,13:35:24,28.764162507994328,77.17590300215858,Theft,None,False
2023-05-04,22:04:18,28.63842296416483,77.2701189507502,Robbery,Firearm,False
2024-04-22,00:04:51,28.62503263600774,77.13785661467405,Murder,Blunt Object,False
2024-11-29,14:38:00,28.761424765292382,77.14739222808096,Theft,None,False
2023-08-05,13:17:27,28.754979642774742,77.16160461102452,Cybercrime,None,False
2023-09-26,20:15:55,28.63307291016881,77.26943834595477,Assault,None,False
2024-01-04,21:24:26,28.565640337527267,77.29646914427285,Kidnapping,Poison,False
2024-12-10,14:53:58,28.764113261347998,77.15160274423673,Fraud,None,False
2024-03-01,21:48:38,28.663833178876327,77.0517971737209,Robbery,Blunt Object,False
2024-09-04,01:02:31,28.782742043597427,77.03201504138453,Burglary,None,False
2023-01-20,00:23:31,28.766652262466348,77.17218654100385,Robbery,Firearm,True
2024-09-30,09:25:24,28.756093799206543,77.1440437151201,Theft,None,False
2024-04-25,07:28:54,28.778642739593636,77.0306690921539,Murder,Knife,False
2023-07-25,07:26:46,28.663798778947033,77.17071058597892,Cybercrime,None,False
2024-12-12,09:46:42,28.72507127212373,77.10552613525947,Fraud,None,True
2024-04-29,19:15:03,28.695768668663195,77.11066603570359,Cybercrime,None,True
2023-04-01,22:55:59,28.692316538751932,77.09153987952129,Assault,Blunt Object,True
2023-08-28,17:13:50,28.63606957598936,77.07904513280864,Fraud,None,False
2023-09-30,08:33:38,28.751571199342216,77.12808293013097,Burglary,Firearm,True
2023-01-13,16:56:29,28.686200659331757,77.17943618635839,Cybercrime,None,True
2024-05-11,21:54:25,28.685605919941217,77.09933316512037,Fraud,None,False
2024-05-11,22:26:17,28.70931003896605,77.10654049166534,Burglary,Poison,True
2023-06-26,01:50:20,28.66208414979165,77.0539723213743,Assault,Knife,False
2023-11-09,10:15:52,28.708772012026497,77.03254307214216,Fraud,None,False
2023-04-25,21:58:51,28.549880710581277,77.1910527372306,Cybercrime,None,True
2024-08-23,12:51:42,28.788732695691476,77.035336784497,Theft,None,True
2023-05-25,12:24:17,28.746779019325864,77.03395271473117,Cybercrime,None,True
2024-06-07,10:43:41,28.63404304912682,77.06287647372169,Theft,None,False
2024-05-25,01:35:29,28.820221140241163,77.26330771354536,Assault,Blunt Object,False
2023-04-08,08:41:08,28.783643270680745,77.10541744267681,Cybercrime,None,False
2023-09-21,01:16:16,28.646797839294003,77.06261593859325,Robbery,Blunt Object,True
2024-11-14,17:13:16,28.601505666030057,77.10496473782106,Fraud,None,False
2024-10-16,03:18:31,28.57061731824115,77.0900922773897,Burglary,Knife,False
2024-06-17,04:11:41,28.86771051105963,77.18478592227834,Robbery,Knife,False
2023-06-09,22:19:33,28.774868808157635,77.03177570930359,Murder,Knife,False
2024-02-18,06:23:47,28.77575623688245,77.03187486231825,Robbery,Firearm,False
2024-03-03,05:58:32,28.764511078165246,77.1590300793831,Theft,None,False
2023-05-16,09:45:04,28.952514408074535,77.22174774025076,Theft,None,False
2024-11-14,07:45:29,28.786140003810775,77.03927149974135,Fraud,None,False
2023-05-11,04:13:59,28.683855682581665,76.98974957529136,Assault,None,False
2023-04-18,08:43:53,28.767157765782876,77.16258991476931,Murder,Firearm,False
2023-12-01,00:59:06,28.701689457854062,77.10523935736931,Burglary,Poison,True
2024-06-23,10:23:15,28.82819391873848,77.1871351426206,Fraud,None,False
2023-10-12,21:37:10,28.689468987487505,77.10493620021491,Cybercrime,None,False
2023-05-31,23:58:58,28.672423684745116,77.1936300069914,Assault,None,False
2023-05-09,03:55:24,28.794410427387824,77.04568607828179,Burglary,Firearm,False
2024-08-23,00:04:08,28.772921056612798,77.02465888465944,Murder,Blunt Object,False
2023-11-05,09:24:54,28.795240824361354,77.02658354184659,Theft,None,False
2023-03-11,10:38:46,28.688885670190857,77.10782596487614,Fraud,None,False
2024-06-07,19:26:50,28.69862781559734,77.1203979077031,Fraud,None,False
2024-07-27,22:13:23,28.757061845539887,77.15410259286642,Robbery,Firearm,False
2024-05-02,20:19:11,28.667175610838424,77.26158353339271,Murder,Firearm,False
2023-04-11,08:08:55,28.739955445988983,77.06165004818439,Fraud,None,False
2023-08-13,22:24:01,28.696159162933945,77.10176526945436,Robbery,Knife,False
2024-03-27,04:26:28,28.606335316284518,77.20538774416791,Murder,Firearm,False
2023-06-18,11:33:14,28.736016579459758,77.15110485971667,Cybercrime,None,True
2024-06-23,07:39:59,28.765113354508795,77.13671194201098,Murder,Knife,False
2023-07-04,08:21:31,28.636927170269846,77.06910258706706,Cybercrime,None,False
2023-03-12,21:48:58,28.77523960611614,77.03227615343505,Cybercrime,None,False
2023-02-20,01:53:30,28.680618415719803,77.18712912779493,Assault,None,False
2024-07-24,22:49:43,28.697349609885805,77.11447494516565,Burglary,Blunt Object,False
2023-06-13,03:31:50,28.784966945714853,77.03992995410941,Murder,Knife,False
2024-04-16,13:18:53,28.857010100667324,77.21425205487746,Theft,None,False
2023-08-20,05:47:35,28.816112940633104,77.12176799298496,Robbery,Knife,False
2024-01-14,03:38:39,28.783493512091052,77.12385965745644,Assault,Blunt Object,False
2024-07-31,21:03:35,28.583167553222157,77.1327743792505,Vandalism,None,True
2024-09-08,22:35:11,28.756663609837386,77.15833729361522,Robbery,Knife,False
2024-12-28,20:23:57,28.691300302478663,77.02635444432362,Assault,None,True
2023-07-25,23:57:28,28.650665060831756,77.04936727712747,Murder,Knife,False
2023-07-20,06:49:47,28.798688191358565,77.03018581938797,Murder,Knife,False
2024-09-02,16:11:42,28.728652817205617,77.15835581532816,Theft,None,True
2024-11-22,07:51:13,28.710006880448443,77.0884101570005,Burglary,Firearm,False
2024-10-03,01:09:45,28.652340865805446,77.06553153828376,Assault,Blunt Object,True
2023-08-19,04:03:46,28.667747386154414,77.17500333049054,Robbery,Firearm,False
2024-11-04,18:46:43,28.75075946917943,77.1395125831339,Fraud,None,False
2023-06-24,11:07:59,28.876326739098705,77.25111513251434,Theft,None,False
2023-01-30,17:41:33,28.749270020097594,77.0801601583658,Theft,None,False
2024-01-10,18:03:00,28.642128920120626,77.07008065706174,Fraud,None,False
2023-03-21,01:48:53,28.879882689950197,77.04546032604033,Robbery,Blunt Object,False
2023-10-15,10:35:26,28.632924139573767,77.07797640773595,Fraud,None,False
2024-03-27,13:58:38,28.73622861412416,77.14241469191748,Fraud,None,True
2023-08-04,03:06:15,28.701631421074893,77.08689566532196,Robbery,Knife,False
2024-01-01,03:53:10,28.715221490628068,77.11106905270506,Burglary,Firearm,True
2024-07-01,01:45:32,28.64662067727847,77.23046141191779,Robbery,Firearm,True
2024-04-22,15:55:54,28.849029242840384,77.091182935171,Theft,None,True
2023-08-16,03:32:33,28.63959331822432,77.08509602027742,Robbery,Firearm,False
2023-02-04,00:42:15,28.761311618220844,77.15506324652969,Robbery,Blunt Object,False
2023-09-02,21:19:13,28.797735459466395,77.03551930635004,Cybercrime,None,False
2024-10-16,03:18:57,28.66904379414081,77.18330159760488,Assault,Blunt Object,False
2023-08-21,01:43:40,28.684486542873195,77.1625781443365,Murder,Firearm,True
2024-02-21,07:03:07,28.64121969260561,77.07633057398581,Cybercrime,None,False
2023-04-06,05:04:24,28.748981315989067,77.16796108560432,Vandalism,None,True
2023-07-30,03:08:48,28.845574381935982,77.09594708845111,Robbery,Firearm,False
2023-02-07,13:57:58,28.77841460695111,77.02962641125852,Fraud,None,False
2024-11-23,12:45:31,28.670746144920017,77.08124424446933,Theft,None,False
2023-10-16,14:19:12,28.785353909718065,77.02641846448381,Theft,None,False
2023-03-20,15:44:48,28.645270410355813,77.06493826926616,Fraud,None,False
2023-02-24,07:30:40,28.691666412623906,77.10330041269216,Fraud,None,False
2023-06-12,07:25:41,28.797324043248118,77.01450643318785,Cybercrime,None,False
2023-09-19,15:54:36,28.786758396513726,77.23997979700549,Theft,None,False
2023-05-09,06:05:36,28.648044265490565,77.27191757581912,Fraud,None,False
2023-11-08,23:26:52,28.667196629375514,77.18691082661861,Burglary,None,False
2023-12-10,06:02:54,28.673422731533638,77.07180036428375,Burglary,Firearm,False
2024-09-03,15:32:18,28.777927009302417,77.03948575480864,Theft,None,False
2024-04-05,19:23:02,28.712588054577314,77.10185577800424,Theft,None,False
2023-03-27,22:28:41,28.660500317863278,77.18653170166635,Assault,Knife,False
2023-10-25,18:37:33,28.64832014359411,77.06033284988614,Fraud,None,False
2023-02-17,04:28:23,28.692772312871806,77.16686070735099,Robbery,Blunt Object,False
2024-08-02,21:57:14,28.482371628974644,77.02941651003025,Kidnapping,Knife,True
2023-10-14,06:40:59,28.791204245340914,77.02194155362568,Murder,Firearm,False
2023-08-07,23:16:37,28.774290290814736,77.04201021336179,Burglary,None,False
2023-01-28,19:20:28,28.750354792279776,77.14020609096285,Vandalism,None,False
2023-12-27,18:18:04,28.791914289194654,77.02824807046728,Fraud,None,False
2023-09-27,23:04:13,28.780310159259418,77.04059779272562,Burglary,Firearm,False
2023-09-24,04:50:30,28.660651132192186,77.16107280153602,Robbery,Firearm,False
2023-11-07,07:45:17,28.749767158263722,77.16180873289066,Fraud,None,False
2023-12-01,14:41:38,28.72965596989868,77.18822915041231,Fraud,None,False
2024-06-24,11:56:05,28.502470568957683,77.13404968083236,Theft,None,False
2024-05-07,06:36:04,28.68063864504642,77.1689920257739,Kidnapping,Knife,True
2023-04-20,12:08:39,28.790305759054654,77.09134811034943,Fraud,None,False
2024-06-18,21:40:35,29.0112336701606,76.88477639311033,Murder,Firearm,True
2024-09-08,08:05:56,28.841011436767474,77.0630841903474,Burglary,Firearm,False
2024-09-23,21:36:19,28.6879284828556,77.09723044856436,Burglary,Blunt Object,False
2023-04-19,00:44:17,28.676874792413376,77.19287466669566,Assault,Blunt Object,False
2024-10-18,14:02:28,28.87629642881322,77.24468930887043,Theft,None,True
2024-07-26,17:41:21,28.607561797929552,77.21551646922661,Theft,None,True
2023-02-12,20:29:16,28.64801284957121,77.0559539697907,Assault,None,False
2023-03-08,10:30:15,28.751980894065227,77.14540157340555,Theft,None,False
2024-09-28,17:33:47,28.754470923419365,77.14520342117706,Theft,None,False
2023-08-05,15:33:36,28.743820059267826,77.15729119127784,Theft,None,True
2023-06-07,19:05:22,28.6503873054826,77.06062402999909,Murder,Firearm,True
2023-02-04,09:02:41,28.657776513039362,77.05989569413505,Cybercrime,None,False
2023-04-14,19:15:40,28.671072254548744,77.18910488982347,Murder,Knife,False
2024-04-21,17:20:02,28.702775744150568,77.10334797729027,Fraud,None,False
2024-03-02,20:47:37,28.728895615293812,77.15266707384738,Burglary,Blunt Object,False
2023-11-13,15:03:54,28.655828040625288,77.17029049429001,Cybercrime,None,True
2024-10-14,22:10:56,28.660746774612445,77.17207416846466,Murder,Blunt Object,False
2024-08-31,16:49:08,28.74861146140368,77.14763507384455,Theft,None,False
2024-01-26,02:35:51,28.68074275204257,77.18472387814136,Burglary,Blunt Object,True
2023-09-07,16:31:16,28.765089255711818,77.03333294637548,Theft,None,False
2023-04-13,00:13:28,28.757282552465835,77.14921433483747,Murder,Knife,False
2023-06-23,14:24:33,28.69801140230933,77.1215310125397,Fraud,None,False
2024-09-20,01:31:23,28.780559959763558,76.94501200125373,Robbery,Blunt Object,True
2024-07-13,02:28:54,28.751656829613605,77.16758336098059,Assault,Blunt Object,False
2023-04-25,00:11:20,28.845766130829794,77.18759369277758,Assault,Knife,False
2023-03-08,01:26:39,28.679468246839555,77.19904634748403,Assault,None,False
2023-08-23,06:32:03,28.693278480016065,77.18120920011954,Vandalism,None,False
2024-01-07,04:04:49,28.60715675567117,77.07547076823755,Burglary,Firearm,False
2024-08-27,11:59:29,29.013769551377205,76.94556436572749,Fraud,None,False
2023-05-30,03:57:07,28.669394608604705,77.16837308847508,Robbery,Blunt Object,True
2023-06-09,11:53:49,28.716576386287738,76.98223089711053,Theft,None,False
2024-09-01,14:13:00,28.69322489771664,76.90749048399813,Theft,None,True
2024-12-24,10:01:39,28.765862066508465,77.22473452564681,Cybercrime,None,False
2023-03-27,18:52:08,28.665705637793653,77.08898699929243,Fraud,None,False
2023-09-27,23:10:29,28.68775927692687,77.12059106752251,Burglary,Firearm,False
2024-09-24,11:58:01,28.700283041303358,77.17931169524307,Theft,None,False
2024-10-28,05:02:09,28.796430391334507,77.02435928777508,Fraud,None,False
2023-07-03,08:16:12,28.781006715072255,77.04151619448926,Robbery,Knife,False
2024-05-24,04:32:57,28.659883309519408,77.16279278718154,Assault,Knife,False
2024-02-15,03:16:49,28.756363159528984,77.1574634641107,Burglary,Poison,False
2024-06-20,15:07:16,28.746876998120467,77.1467134894588,Theft,None,False
2023-06-21,06:28:35,28.696498076782593,77.09383074760656,Vandalism,None,False
2023-07-19,22:23:21,28.681034958206045,77.17069501513002,Robbery,Blunt Object,False
2023-02-02,21:03:59,28.641444771385668,77.05344663832486,Fraud,None,False
2024-03-23,06:21:29,28.659547110240986,77.19120178174747,Fraud,None,True
2024-03-20,23:41:34,28.698901747778265,77.10438440080421,Robbery,Knife,True
2024-10-14,01:30:47,28.5532924120199,77.02830605462435,Robbery,Knife,True
2023-11-01,21:40:34,28.779708788069502,77.36122714558454,Kidnapping,Firearm,False
2023-11-08,14:49:10,28.764337839356095,77.03048892204711,Theft,None,False
2023-05-01,08:55:28,28.74532805981435,77.04088998467608,Cybercrime,None,True
2023-06-21,16:57:05,28.79259521986994,77.02383267329341,Fraud,None,False
2024-06-17,16:54:11,28.64563847660217,77.05727928095502,Fraud,None,False
2023-06-27,17:03:19,28.826043108295476,77.03486354969644,Fraud,None,False
2023-09-21,19:27:11,28.668912620371348,77.19706890374972,Murder,Firearm,False
2023-10-24,15:35:44,28.601296134090713,77.10937500567637,Fraud,None,False
2023-07-13,01:05:41,28.735874656563134,77.14162066541371,Assault,None,True
2023-08-28,14:00:29,28.74231312758908,77.00343024904639,Theft,None,False
2024-07-21,20:08:20,28.638654270681762,77.06743086402048,Burglary,Knife,False
2023-11-09,12:07:13,28.646181385885306,77.18478420732164,Fraud,None,False
2024-06-11,05:53:42,28.67625662787486,77.18685683111924,Burglary,Poison,False
2024-05-10,13:25:11,28.828196559873852,77.13448230626142,Theft,None,False
2024-12-17,22:22:56,28.659488472904695,77.07161262283037,Burglary,None,False
2024-10-16,14:26:38,28.668865475701654,77.19543148075022,Theft,None,True
2024-11-19,16:38:11,28.730486602090295,77.06303202913395,Theft,None,True
2023-04-02,04:11:39,28.786883856953207,77.04362326824392,Murder,Firearm,True
2023-08-05,02:31:01,28.648650450942423,77.08072392832551,Robbery,Knife,False
2024-01-02,19:51:21,28.76496530557899,77.15773160033403,Cybercrime,None,False
2023-03-07,13:42:11,28.69383931917259,77.1007026748599,Theft,None,False
2024-01-09,00:49:32,28.711266413975085,77.17216315012178,Robbery,Knife,False
2023-03-07,01:24:02,28.79047333041272,77.03419540410219,Burglary,Poison,True
2023-09-29,10:44:13,28.70530349915377,77.10970456895076,Theft,None,True
2023-08-19,05:02:10,28.6655141377437,77.1994551581925,Theft,None,False
2023-10-24,05:19:01,28.683628331148366,77.11705409482173,Cybercrime,None,False
2023-01-09,23:02:35,28.70364814471575,77.11252579814273,Burglary,Blunt Object,False
2024-02-08,16:12:41,28.740484043429262,77.13710344109109,Theft,None,False
2023-03-31,11:15:53,28.759642544760265,77.16059054289089,Theft,None,True
2024-09-03,18:18:41,28.64081169173413,77.07284799130527,Cybercrime,None,False
2023-10-10,03:57:37,28.59565293764212,77.10196694266739,Robbery,Blunt Object,False
2023-05-18,21:33:04,28.79245969924272,77.04245017579618,Assault,None,False
2024-01-26,04:04:42,28.788707888482612,77.02856607562046,Robbery,Firearm,False
2024-06-02,02:18:09,28.79377077783687,77.03556337608813,Burglary,Firearm,False
2023-11-17,11:18:35,28.72161409073749,77.10165329102502,Cybercrime,None,False
2023-09-23,08:57:40,28.658703743057938,77.17055316531984,Vandalism,None,False
2023-05-17,18:30:23,28.784536436368796,77.03389825271327,Cybercrime,None,False
2023-06-15,23:43:38,28.90106566849511,76.99865006623858,Robbery,Blunt Object,False
2024-07-23,21:28:00,28.708046219930395,76.9965578592918,Vandalism,None,False
2023-12-15,12:33:16,28.779173451467866,77.04933972030071,Fraud,None,True
2023-10-14,05:30:41,28.5904663776844,77.1612042424068,Robbery,Firearm,True
2024-09-17,14:32:37,28.708029073590144,77.10225828573643,Theft,None,False
2023-10-14,13:32:07,28.789294366231918,77.02089979618059,Theft,None,True
2024-03-26,22:34:17,28.869732250780356,77.29498454951236,Burglary,Blunt Object,False
2024-03-17,21:38:49,28.708810469775933,77.34481061306136,Burglary,Knife,False
2023-01-09,01:11:03,28.640109720684503,77.06650431993856,Assault,Blunt Object,False
2023-07-20,21:39:27,28.798418890637745,77.02790995539779,Kidnapping,Rope,False
2024-01-14,14:34:29,28.565945094112056,76.94132829343812,Fraud,None,False
2024-05-14,07:56:39,28.910182656390266,77.04959753493613,Robbery,Firearm,False
2024-06-27,17:49:19,28.782242632365815,77.0213723592168,Cybercrime,None,True
2023-04-30,02:16:33,28.763583392793294,77.14468440140776,Burglary,None,False
2024-01-09,20:17:11,28.639187369723388,77.06549520419416,Assault,None,False
2024-10-09,06:25:15,28.59769540727544,77.08464177304859,Robbery,Firearm,False
2023-11-15,08:01:12,28.79812209589503,77.03678254397518,Vandalism,None,False
2024-05-02,02:32:44,28.717154229242837,77.12398647094639,Burglary,None,False
2023-08-09,12:41:23,28.700208649040235,77.12246152319756,Cybercrime,None,True
2023-12-25,10:08:37,28.622884286946594,77.1235926161964,Fraud,None,False
2024-05-10,07:45:08,28.64525025566343,77.07258762507134,Fraud,None,False
2023-05-08,15:40:21,28.655131739387937,77.06217981195513,Theft,None,False
2024-09-23,05:08:27,28.707006664931132,77.10578534753914,Vandalism,None,False
2024-07-25,10:40:38,28.651378583444295,77.16661010397523,Theft,None,False
2023-11-19,08:05:28,28.748049363092782,77.14688401323623,Fraud,None,False
2023-02-18,21:28:42,28.58417175780359,77.17745825713737,Cybercrime,None,False
2024-01-20,22:25:34,28.674121184210176,77.18035305452614,Burglary,Rope,False
2024-07-13,11:25:21,28.578484472549263,77.09804551357553,Cybercrime,None,False
2023-10-09,10:36:22,28.677833152440016,77.10087043689195,Theft,None,False
2023-08-31,07:28:50,28.710418366880777,77.12669149843215,Robbery,Knife,True
2024-10-14,19:43:51,28.658458982365207,77.18474816736692,Kidnapping,Firearm,True
2023-04-12,18:51:21,28.633685687301355,77.05437530167708,Theft,None,True
2024-02-23,09:05:44,28.775893138582266,77.30391137233597,Theft,None,False
2024-07-17,11:50:42,28.709235875880267,77.02079045413598,Cybercrime,None,False
2024-03-13,12:53:33,28.755986704475102,77.16189029157499,Theft,None,False
2024-03-26,08:45:16,28.76030997565873,77.17993112872465,Vandalism,None,False
2024-06-07,10:31:36,28.77694662430905,77.0350223147992,Fraud,None,False
2023-01-31,00:08:41,28.659589179534184,77.07736159237018,Burglary,Firearm,False
2024-04-06,17:47:28,28.509092207347564,77.102164237996,Theft,None,False
2024-03-06,12:36:34,28.798945207658484,77.06140642990401,Cybercrime,None,False
2023-07-25,06:22:20,28.65113795883751,77.05882136706303,Kidnapping,Knife,False
2023-07-21,01:26:51,28.603179684756263,77.32437433575309,Robbery,Knife,False
2024-02-18,02:01:50,28.681387415864656,77.17401933073116,Burglary,None,False
2023-12-11,00:50:44,28.683784363366623,77.13351865168288,Burglary,Blunt Object,False
2024-08-12,23:19:42,28.679538066538882,77.17350381342455,Burglary,None,False
2024-03-12,02:58:51,28.64268095818745,76.93720654376271,Murder,Knife,False
2023-05-20,14:02:07,28.65449762289605,77.0590838153323,Fraud,None,False
2024-10-26,09:27:17,28.758763216491833,77.16672258508576,Theft,None,False
2023-07-20,20:42:34,28.78629870142374,77.03137029524052,Fraud,None,False
2023-11-22,21:13:43,28.64603921476884,77.0631319360385,Fraud,None,True
2024-07-19,05:39:26,28.76656164997878,77.15560838397539,Theft,None,False
2024-06-27,20:04:33,28.638655989804214,77.0729784905689,Robbery,Knife,False
2023-04-08,18:25:16,28.716404843563584,77.0891166937318,Fraud,None,False
2024-09-17,19:27:09,28.769427838847683,77.15614711773209,Cybercrime,None,False
2023-01-03,03:32:36,28.786932699501463,77.04256624631599,Assault,Knife,False
2024-04-12,15:19:39,28.647402360899573,77.1979164514191,Fraud,None,True
2024-03-17,16:00:10,28.700332245302622,77.0877504932029,Fraud,None,False
2023-05-10,14:58:55,28.604324372089305,77.15920218329033,Theft,None,True
2024-09-21,08:11:10,28.694645316600052,77.1186007612319,Burglary,Poison,True
2024-02-18,15:53:30,28.823028345343964,77.2358439166033,Theft,None,True
2023-07-25,02:49:43,28.675347785796774,77.18507861617296,Robbery,Blunt Object,False
2024-08-06,08:57:20,28.584728814575573,77.20207835101576,Robbery,Firearm,False
2024-05-15,15:32:11,28.74208334550371,77.15923056252923,Cybercrime,None,False
2024-05-18,15:24:13,28.66098311811453,77.05644037016053,Fraud,None,True
2023-05-11,11:40:07,28.702838584501226,77.10576670921543,Theft,None,False
2023-04-23,13:57:29,28.774745645945412,77.03062401178724,Theft,None,True
2023-04-08,12:00:16,28.67902949810467,77.17924578728628,Theft,None,False
2023-04-06,07:06:28,28.71718989409729,77.08739075438184,Murder,Firearm,False
2023-10-18,14:38:43,28.655327712402336,77.06911185474816,Theft,None,False
2024-03-01,23:06:31,28.698411714124436,77.09325591431771,Murder,Knife,False
2024-03-14,11:28:47,28.763297173827574,77.02454824987588,Theft,None,False
2024-06-11,17:46:59,28.76457176655003,77.15193914273722,Theft,None,False
2023-12-04,11:52:06,28.65572980880392,77.05630128929376,Fraud,None,False
2023-10-14,01:27:21,28.774810616010658,77.03075013979156,Assault,None,False
2023-12-15,02:24:48,28.607542499379015,77.09178727828294,Robbery,Knife,False
2024-12-22,15:08:18,28.6974503348868,77.08707177850964,Theft,None,False
2024-12-07,07:58:43,28.67227685299283,77.18356435416432,Vandalism,None,False
2023-10-28,17:27:05,28.83093586114961,77.19618056771331,Cybercrime,None,True
2023-06-19,12:21:34,28.76629943199233,77.15970357498394,Fraud,None,False
2023-01-27,15:26:05,28.7574261275895,77.14021055093528,Theft,None,False
2023-05-19,22:14:28,28.71908721979353,77.16217937773308,Assault,Knife,False
2024-01-11,15:21:27,28.688674379493705,77.18936288541732,Fraud,None,True
2024-05-25,23:00:07,28.82813834346054,76.99930021086348,Robbery,Firearm,False
2024-03-27,17:43:51,28.670835823738518,77.18679350713661,Theft,None,False
2023-02-04,20:20:27,28.820195269074258,77.08797713541611,Murder,Firearm,False
2023-04-25,18:55:27,28.695855404085084,77.17121403060031,Theft,None,True
2023-08-12,10:01:32,28.59151291728549,77.26324045498235,Theft,None,False
2023-07-07,17:22:47,28.695308639068923,77.08331410576442,Fraud,None,True
2024-05-12,07:12:45,28.70510670085226,77.27234587023756,Burglary,None,False
2024-03-23,14:28:05,28.759964531303336,77.16001090543004,Theft,None,False
2023-04-09,18:15:40,28.708238576230713,77.08726225027289,Cybercrime,None,False
2024-05-25,23:23:33,28.68865090630407,77.07990613742096,Burglary,Poison,False
2024-10-02,17:53:55,28.70606272338441,77.1156254919434,Fraud,None,False
2024-05-03,03:06:20,28.70754133704828,77.10873599527052,Robbery,Blunt Object,True
2023-10-28,15:10:22,28.719937175456394,77.10578766851442,Theft,None,True
2024-08-26,06:26:29,28.69183448996924,77.020647519435,Assault,Blunt Object,False
2024-10-26,07:26:07,28.724322125629723,77.10776547779155,Burglary,Blunt Object,False
2024-07-09,22:04:47,28.664663982840807,77.17078832332199,Burglary,Firearm,False
2023-07-11,14:01:37,28.65663063726929,77.05212558303592,Cybercrime,None,False
2023-02-20,11:32:10,28.662638341575025,77.0349353720291,Cybercrime,None,False
2023-06-22,01:25:55,28.798325951977898,77.03736894811163,Assault,Knife,False
2023-08-17,07:51:51,28.71595944230569,77.08495415649583,Kidnapping,Knife,False
2024-03-23,01:55:52,28.693007298485938,77.18957058858402,Robbery,Blunt Object,False
2023-03-14,01:06:08,28.613779639110454,76.93060900439711,Burglary,Rope,False
2024-08-27,17:23:53,28.72182972131473,77.10239288664627,Theft,None,False
2024-07-09,16:10:24,28.658901319626246,77.18194606474518,Theft,None,False
2024-04-04,14:58:13,28.69836065366926,77.10259290068308,Theft,None,False
2023-12-10,10:55:24,28.651359236116484,77.07742609947464,Fraud,None,False
2023-10-15,08:15:11,28.79498890363693,77.03035592501699,Robbery,Firearm,False
2024-06-08,22:49:33,28.74099151288292,77.10881071214921,Robbery,Blunt Object,False
2023-07-02,01:50:22,28.740778710453693,77.15648232784693,Robbery,Knife,True
2023-06-29,10:10:56,28.772666723379178,77.15282426604188,Theft,None,False
2023-09-15,06:40:28,28.658158173202747,77.18280268671109,Assault,Blunt Object,False
2023-11-03,23:03:53,28.63196287801027,77.07113605506886,Robbery,Firearm,False
2024-08-09,17:33:42,28.709348649917253,77.10079089946525,Cybercrime,None,False
2024-05-06,17:04:39,28.750788357341442,77.15037765698385,Fraud,None,False
2024-10-19,22:11:54,28.704927449434233,77.02527649786585,Robbery,Firearm,True
2023-10-01,19:43:58,28.660222469189986,77.19388698946695,Burglary,None,False
2024-05-06,12:16:22,28.665559902350303,77.11920431041692,Cybercrime,None,False
2023-08-30,02:55:09,28.676952819511673,77.18572020479655,Robbery,Firearm,True
2024-08-23,14:10:50,28.772361820029015,77.0157415983545,Cybercrime,None,False
2023-04-05,22:13:17,28.77821307475308,77.03645711532418,Robbery,Firearm,True
2023-02-22,15:26:29,28.666820501325255,77.178950786463,Theft,None,False
2024-03-22,05:55:52,28.916829741374958,76.91795761151955,Assault,None,False
2024-04-18,03:30:52,28.666549660040893,77.20146604068574,Burglary,Blunt Object,True
2024-08-27,20:46:47,28.703654013280048,77.09544014834502,Assault,Knife,True
2023-01-02,17:49:14,28.68578768917011,77.18305230436482,Fraud,None,True
2024-08-14,15:26:00,28.67061691604956,77.18442368927037,Fraud,None,False
2024-03-29,18:24:52,28.637518911906174,77.05232508937112,Cybercrime,None,False
2023-01-01,00:23:13,28.692740307236527,77.00140030399241,Robbery,Knife,True
2024-03-09,12:23:48,28.784206933117964,77.03604406567476,Cybercrime,None,False
2023-03-31,23:58:55,28.789406045605162,77.21529249855169,Assault,Blunt Object,False
2024-05-13,09:53:37,28.700042634983678,77.1074941460794,Fraud,None,False
2023-08-03,21:09:53,28.759025234462065,77.15577818715816,Burglary,Knife,False
2024-05-28,17:08:29,28.669305405890494,77.17221932187536,Theft,None,False
2024-05-17,19:20:38,28.789120018890664,77.01543137437808,Kidnapping,Firearm,False
2023-11-29,07:48:17,28.671421605674315,77.15696368984352,Theft,None,False
2023-10-22,07:28:05,28.660735975766418,77.17372866061552,Theft,None,True
2023-06-27,12:35:52,28.655067242076296,77.06938108024404,Cybercrime,None,False
2023-05-22,05:57:26,28.74856065316158,77.1597936979513,Fraud,None,False
2024-12-09,13:35:49,28.652976229633804,77.06089335151626,Fraud,None,True
2024-01-14,23:33:06,28.77025621855786,77.03042087689936,Burglary,Knife,True
2023-06-04,15:26:07,28.703121075948278,77.0901754560917,Theft,None,False
2023-09-17,17:53:17,28.740804679292996,77.13048118543024,Theft,None,True
2023-06-05,18:17:19,28.708550426998944,77.10528923097168,Theft,None,True
2023-09-19,11:30:35,28.65139843035115,77.06070671972127,Fraud,None,False
2024-11-01,21:23:29,28.67611785107371,77.17852259715755,Assault,Blunt Object,False
2023-09-08,23:57:30,28.69825500784378,77.11588249630762,Assault,Blunt Object,False
2024-09-19,07:23:36,28.49972312984735,77.19017599891544,Assault,Blunt Object,False
2024-07-21,18:39:17,28.667894591245542,77.17499961822357,Theft,None,False
2023-06-03,12:34:45,28.706715774840653,77.0876039038765,Fraud,None,False
2024-07-05,03:43:54,28.665939769280538,77.17400860353487,Murder,Firearm,False
2023-09-13,12:06:37,28.68196017418149,77.02208623118393,Theft,None,False
2023-08-27,23:00:11,28.69011118685639,77.20047016516499,Robbery,Firearm,True
2023-09-19,21:43:47,28.68388006477252,77.10794322704767,Fraud,None,True
2023-10-24,06:25:35,28.65268663439078,77.06792985202391,Kidnapping,None,False
2024-02-23,22:58:49,28.637518865069083,77.06005904437842,Burglary,Poison,True
2024-04-05,14:42:53,28.62927253452223,77.06047359688412,Theft,None,False
2024-07-05,15:02:53,28.583103497133283,77.09102111783655,Cybercrime,None,False
2024-05-08,02:44:21,28.553819828869493,77.0824865445772,Burglary,None,True
2024-03-24,09:38:23,28.691614183109003,77.10456816361793,Cybercrime,None,False
2023-08-09,17:41:28,28.77730580439057,77.03540580347875,Theft,None,False
2023-05-24,14:07:24,28.794915807283648,77.04839446936106,Theft,None,False
2024-07-23,17:11:36,28.758819954109793,77.02415805906128,Theft,None,False
2024-07-03,09:58:00,28.70106913922888,77.10710327818381,Fraud,None,True
2024-02-07,02:57:04,28.657596454958455,77.172679075932,Robbery,Knife,True
2024-04-28,06:38:38,28.78540357202657,77.03334888241528,Murder,Knife,False
2024-05-02,05:22:03,28.7878761840642,77.03693675726889,Fraud,None,False
2023-05-24,20:07:30,28.677485944331156,77.18443655316632,Murder,Blunt Object,False
2023-01-28,21:04:43,28.754657397733265,77.15914763089725,Vandalism,None,False
2023-06-14,09:44:53,28.68170677333436,77.11794333486972,Fraud,None,False
2023-03-08,09:43:53,28.762055179491195,77.02170838183096,Fraud,None,False
2023-08-17,12:33:05,28.671832392033497,77.1892261289109,Fraud,None,False
2023-10-21,11:42:31,28.614147331092006,77.06221875676059,Theft,None,False
2024-09-25,20:34:59,28.783339503941573,77.20195181160285,Fraud,None,True
2024-05-14,18:11:06,28.634367034150255,77.0724164713045,Fraud,None,False
2023-06-14,05:08:51,28.637938518711074,77.05857325346474,Fraud,None,False
2024-01-23,03:04:45,28.600917344927158,77.01357478375292,Assault,None,False
2023-01-11,05:22:47,28.758443769220285,77.15381615373273,Cybercrime,None,True
2023-03-03,17:20:23,28.789015865075903,77.03464014389702,Cybercrime,None,False
2024-12-10,15:54:24,28.77453386011476,77.1903213998155,Fraud,None,False
2024-12-09,01:24:32,28.52992833801339,77.01706903495857,Assault,None,False
2024-01-22,23:37:56,28.7017862404251,77.10227322474513,Burglary,None,True
2024-06-12,02:33:43,28.637090942618197,77.19370236709884,Robbery,Blunt Object,True
2023-02-25,00:55:15,28.773899483682907,77.15436161955581,Burglary,Poison,True
2024-01-10,19:17:14,28.71253410321982,77.18744562551043,Kidnapping,Poison,False
2024-11-08,05:42:28,28.517516024479658,77.10534689404385,Burglary,Firearm,False
2023-12-13,06:39:11,28.683890358254676,77.17606846002799,Assault,None,True
2024-09-21,11:15:19,28.69183439420098,77.100641943899,Theft,None,True
2024-08-11,13:36:11,28.70349314566798,77.09341347718085,Fraud,None,False
2023-07-23,07:35:42,28.72506161276051,77.09771303618993,Theft,None,False
2024-03-20,21:15:19,28.772563406485734,77.0315637868093,Kidnapping,Poison,True
2024-11-06,15:51:02,28.793178606377044,77.03267414249,Fraud,None,True
2023-08-02,14:58:17,28.67895593920044,77.17378489405667,Cybercrime,None,True
2024-06-15,17:38:48,28.85286884464035,77.15867110279186,Theft,None,True
2023-01-26,13:40:51,28.654577015688776,77.06615160632475,Fraud,None,False
2023-05-29,02:31:16,28.78658840377288,77.01519474403229,Robbery,Firearm,False
2024-06-15,21:13:35,28.654958958331044,77.23714805955561,Fraud,None,False
2023-01-08,23:21:55,28.65969741947284,77.05102934400281,Robbery,Firearm,False
2024-01-03,01:43:24,28.70659736067864,77.09819056199515,Robbery,Blunt Object,False
2024-08-07,03:29:36,28.634396853063514,77.13098396953555,Robbery,Knife,False
2024-07-13,12:53:04,28.81819629323654,77.14766624732843,Fraud,None,False
2024-07-18,02:28:27,28.70090487550081,77.10764861179936,Burglary,Firearm,False
2024-08-31,08:48:14,28.66810238264191,77.14371143007307,Vandalism,None,False
2024-04-15,02:31:34,28.798064657004556,77.011728403407,Burglary,Knife,False
2024-12-04,13:34:18,28.762072522985402,77.1371094507843,Theft,None,False
2023-02-07,12:14:33,28.686383277105445,77.17612974390127,Theft,None,False
2024-01-16,14:17:25,28.741923286223937,77.15945269227089,Cybercrime,None,False
2023-04-21,13:07:59,28.677741700631422,77.17250813097039,Theft,None,True
2023-12-09,01:54:58,28.63157000242832,77.06062518512509,Burglary,Rope,False
2024-03-19,02:00:47,28.58369130498288,76.99635270270764,Assault,Knife,True
2024-09-24,00:45:28,28.715662079042144,77.0059128365745,Assault,Knife,False
2023-12-04,17:38:50,28.678365392900265,77.19740143595884,Fraud,None,False
2024-05-02,20:51:35,28.689244458509943,77.11551510619856,Assault,Blunt Object,False
2024-04-17,05:31:58,28.664280967328356,77.05062398882623,Theft,None,False
2023-03-26,20:37:35,28.65601235195181,77.07320857597912,Fraud,None,True
2023-05-22,16:35:12,28.76264317339174,77.16541747850734,Theft,None,False
2023-07-11,09:08:40,28.786905749659585,77.02667070504403,Fraud,None,False
2023-03-18,23:01:22,28.765045732912206,77.16382842211713,Burglary,Knife,False
2023-08-29,17:39:24,28.655153139014935,77.0629450208232,Theft,None,True
2023-09-13,00:16:14,28.632480548638668,77.12163622541117,Burglary,Poison,False
2024-01-14,05:54:56,28.793522300175677,77.04274351789861,Assault,None,True
2023-08-11,07:08:21,28.669803238729255,77.18565372896128,Burglary,Poison,False
2024-01-09,15:10:36,28.631012216955142,77.07234950103006,Theft,None,False
2023-02-04,23:58:17,28.69626691243275,77.11035255359572,Murder,Blunt Object,True
2024-07-23,20:57:47,28.7726069542261,77.04281415906435,Kidnapping,Rope,False
2024-04-25,13:33:40,28.787318351900225,77.02468642304385,Cybercrime,None,True
2023-11-18,09:48:51,28.77323563810805,77.04346383081948,Theft,None,False
2024-07-27,23:08:43,28.76159555037445,77.1497588852462,Robbery,Knife,False
2023-10-16,19:18:54,28.736889528743703,77.14267583759519,Vandalism,None,True
2023-10-30,09:52:13,28.749795852913127,77.1661818902375,Theft,None,True
2024-11-04,21:37:25,28.794214363052923,77.26488614123222,Kidnapping,Firearm,True
2023-01-04,14:48:23,28.7706363521603,77.14715249195409,Cybercrime,None,False
2024-02-10,14:13:54,28.685251314024118,77.06137200756696,Theft,None,False
2024-11-14,12:06:25,28.777384893946987,77.01408505290665,Theft,None,False
2024-03-11,15:47:07,28.67395252281983,77.16964434406289,Theft,None,False
2023-06-22,08:19:27,28.75375828118466,77.17365770809563,Murder,Firearm,False
2023-04-15,15:34:43,28.699006549036692,77.10444774005629,Theft,None,False
2024-06-06,11:16:36,28.79316648385809,77.03530291291968,Fraud,None,True
2023-04-10,11:21:41,28.677024841879422,77.17887597566312,Theft,None,False
2024-02-18,07:56:03,28.64178122024939,77.05289989477812,Kidnapping,Poison,True
2023-07-25,03:09:24,28.652560450088895,77.04508508343386,Burglary,None,False
2023-12-20,15:41:28,28.653810883383823,77.04846301615255,Theft,None,True
2023-01-05,05:57:56,28.800360727407664,77.06711824737879,Cybercrime,None,False
2023-11-11,16:36:40,28.77178131311867,77.03829298645081,Cybercrime,None,False
2023-08-21,22:35:42,28.65338767535076,77.05811921351896,Assault,Blunt Object,False
2023-03-19,22:12:53,28.776161054867895,76.87399155053308,Burglary,Blunt Object,False
2023-12-21,19:00:51,28.57204037102534,77.23174089304688,Vandalism,None,False
2023-10-07,07:10:24,28.701863307258023,77.08387786673552,Robbery,Firearm,False
2023-11-08,00:33:00,28.66711133819558,77.17326599527475,Burglary,Firearm,False
2023-07-19,22:12:44,28.67244038268527,77.17879249016192,Burglary,Poison,False
2023-12-22,14:49:49,28.675889317289382,77.18180533948387,Theft,None,False
2024-01-30,04:32:25,28.76769739255037,77.1567454859972,Burglary,Knife,False
2023-05-08,03:08:35,28.788676716111933,77.04415157123896,Burglary,Poison,False
2023-03-21,21:18:00,28.780212312495703,77.01988122556642,Burglary,Firearm,True
2024-06-10,15:43:41,28.656169703246324,77.06385841748109,Theft,None,False
2023-03-31,16:26:08,28.67549351207899,77.1761667007847,Theft,None,False
2023-11-08,11:08:19,28.747931446668964,77.16096722338771,Theft,None,False
2023-07-03,00:43:50,28.793946557981375,77.04033823405749,Robbery,Firearm,True
2024-01-24,10:52:42,28.762029616054456,77.1581902953726,Cybercrime,None,False
2023-08-22,06:50:13,28.717252273007816,77.08496203156791,Cybercrime,None,False
2024-06-14,09:50:06,28.825132384994156,77.06512791295096,Theft,None,True
2024-10-06,17:53:28,28.757799792138808,77.14445987002046,Fraud,None,True
2023-04-24,20:53:35,28.667507009631496,77.18013845432144,Kidnapping,Blunt Object,True
2023-12-20,03:42:05,28.776060616232726,77.0404785182548,Robbery,Firearm,False
2023-12-01,19:22:38,28.77061965748455,77.03349229623382,Assault,Blunt Object,False
2024-04-23,06:21:56,28.755425080968422,77.1343920042168,Fraud,None,False
2024-06-13,01:48:22,28.65999761794764,77.12806995380483,Burglary,Knife,True
2023-11-15,19:16:37,28.708387279932943,77.10045692791401,Burglary,Blunt Object,False
2024-10-29,00:50:40,28.771788820448073,77.0915683742764,Assault,Blunt Object,False
2023-11-16,14:01:24,28.705465291207506,77.12766538689866,Theft,None,False
2024-11-09,00:14:58,28.76336999628734,77.14574281997585,Robbery,Firearm,False
2023-05-08,22:13:01,28.65541781274817,77.03561035082708,Burglary,Poison,True
2024-05-05,08:24:07,28.67088022838581,77.24512342580799,Assault,None,False
2023-09-02,05:03:00,28.6798272531933,77.17118910254831,Cybercrime,None,False
2023-08-16,15:32:11,28.66809553034411,77.18622767224277,Fraud,None,False
2023-05-30,23:37:44,28.635034922190673,77.05524659959185,Robbery,Firearm,True
2024-01-01,07:40:35,28.65754959666174,77.05636624371527,Kidnapping,Knife,False
2023-09-24,21:28:13,28.793646668160292,77.04505323189532,Assault,None,False
2024-07-30,17:02:52,28.630753790883105,77.01350374434429,Cybercrime,None,False
2023-04-09,07:05:24,28.676486791351884,76.99363722793264,Kidnapping,Poison,False
2023-03-02,23:03:48,28.675310338785028,77.18044348088146,Robbery,Firearm,True
2024-12-24,16:41:22,28.707705800158863,77.11646943456233,Theft,None,False
2024-12-18,11:26:30,28.785848498077033,77.15142397754124,Theft,None,False
2023-10-25,03:19:04,28.65443951587032,77.18693375982103,Assault,Blunt Object,True
2024-03-20,13:22:07,28.876362766070454,76.80144774836866,Theft,None,True
2023-06-10,13:07:58,28.773038254297564,77.08656414252437,Cybercrime,None,False
2024-02-27,04:37:47,28.745602049969772,77.16051128583912,Burglary,Rope,False
2023-09-23,07:24:52,28.721197059006073,77.11025230728838,Kidnapping,Blunt Object,False
2023-11-23,20:52:00,28.700388080487386,77.09306530175593,Murder,Firearm,False
2024-10-18,17:34:13,28.755546276337896,77.16123169292382,Theft,None,False
2023-10-05,22:40:14,28.700229469737664,77.0995961700835,Burglary,Firearm,False
2023-06-16,18:44:50,28.782320002498384,77.1632865194596,Cybercrime,None,False
2023-07-26,19:31:03,28.819112867839365,76.95647140939413,Assault,None,False
2023-03-01,07:39:08,28.667028113207063,77.18324681639454,Robbery,Knife,True
2023-09-09,08:10:25,28.74408862442115,77.1685039729889,Vandalism,None,False
2024-10-18,09:31:44,28.65820312306591,77.05716454662615,Theft,None,False
2023-08-08,12:13:33,28.721939186066074,77.10245747903281,Theft,None,False
2024-04-09,10:30:19,28.963038971738904,77.1169686130525,Fraud,None,False
2023-07-25,20:27:32,28.709861927503283,77.1164990344117,Burglary,Firearm,False
2023-08-09,01:18:27,28.796876333498076,77.03760732066137,Burglary,Knife,False
2023-06-27,02:19:57,28.78268859680556,77.03764132699995,Robbery,Knife,False
2024-03-06,00:46:25,28.622481582812387,77.11771337188642,Murder,Knife,False
2023-09-19,17:07:12,28.5931692467502,76.92441183599198,Theft,None,False
2024-03-01,03:50:14,28.78460426764139,77.04512277890673,Robbery,Firearm,True
2023-01-21,05:54:37,28.653358046415963,77.06168087704275,Burglary,None,False
2024-01-08,03:52:53,28.801569896981754,77.02680938609154,Robbery,Blunt Object,False
2023-05-20,06:57:18,28.624921673382023,77.04067898705799,Burglary,Poison,False
2023-04-12,09:31:49,28.585980905940428,77.18416247432623,Cybercrime,None,False
2024-10-04,04:50:40,28.63775197316533,77.06710958641857,Burglary,Rope,False
2023-11-24,07:23:16,28.800562833835837,77.02149903037423,Cybercrime,None,True
2023-10-01,11:43:05,28.75888499731796,77.15788963072656,Theft,None,False
2024-05-20,20:02:28,28.66549262011527,77.19604210925246,Vandalism,None,True
2023-03-22,04:32:19,28.675329294445053,77.06412470190871,Burglary,Poison,True
2024-07-03,10:52:06,28.69521613218418,77.18772766742367,Theft,None,False
2024-02-07,06:55:26,28.79662905496855,77.2379892931522,Kidnapping,Firearm,False
2023-08-01,06:59:59,28.747595260005408,77.16499821097054,Fraud,None,False
2024-03-31,03:01:01,28.77908105885002,77.02705376610663,Burglary,Knife,False
2023-04-13,12:53:20,28.70138000027692,77.09627935165055,Theft,None,False
2024-04-25,15:54:43,28.712321564326572,77.10517210655145,Fraud,None,False
2023-07-06,07:50:15,28.74918775585383,77.15924505033155,Kidnapping,Blunt Object,False
2023-08-27,00:31:46,28.701348175626137,77.09921929629635,Burglary,Poison,False
2024-09-06,13:34:59,28.754586838849015,77.15713460355667,Theft,None,False
2024-02-06,20:44:05,28.707998476493774,77.09886750817748,Assault,Blunt Object,True
2024-10-23,04:29:25,28.78881112074394,77.08026058489205,Assault,Blunt Object,False
2023-10-07,14:09:17,28.66755015511391,77.16781978351233,Theft,None,False
2023-03-27,21:47:42,28.802417848099903,77.10373900761941,Theft,None,True
2024-01-06,12:15:51,28.756208723585107,77.162958029157,Theft,None,False
2023-08-11,16:29:46,28.66932593768402,77.16875600751527,Theft,None,False
2023-02-05,04:45:13,28.674797807022152,77.18557961552081,Burglary,Poison,False
2024-05-28,15:45:22,28.671471509338396,77.19723737578077,Cybercrime,None,False
2023-10-03,07:44:16,28.455483343227865,77.21450566378998,Robbery,Firearm,False
2023-03-02,14:44:57,28.783215365036423,77.14817707777006,Theft,None,True
2023-09-17,16:48:30,28.670740984505308,77.1153388878327,Theft,None,False
2024-12-01,10:33:54,28.60145658893641,77.05173080216167,Fraud,None,True
2024-03-25,18:01:56,28.782394073352098,77.03657418034653,Theft,None,True
2024-11-27,02:00:13,28.768042804219256,77.19178405543194,Murder,Knife,False
2023-02-12,20:17:16,28.682258535100786,77.18502927204213,Vandalism,None,False
2024-04-07,22:07:59,28.708259226590577,77.09159246284179,Robbery,Firearm,False
2023-07-12,03:38:04,28.63658973193181,77.07145460223674,Robbery,Firearm,False
2023-06-22,12:35:00,28.762472094867288,77.15973799416444,Fraud,None,False
2024-10-20,00:10:41,28.638955832383438,77.07160492131943,Assault,Knife,True
2023-02-18,23:47:06,28.772487555475195,77.04327359809864,Burglary,Rope,True
2023-04-17,10:37:28,28.78149129198754,77.04934170406342,Theft,None,True
2024-11-12,02:53:00,28.738885579079348,77.17013404045919,Assault,Blunt Object,False
2024-09-07,14:37:10,28.640485356708368,77.05870520743989,Cybercrime,None,False
2023-06-25,14:59:52,28.646048388189858,77.055529210872,Theft,None,False
2024-12-06,07:58:52,28.783376709986975,77.0251237373473,Burglary,Firearm,False
2023-01-14,10:31:50,28.667089364690206,77.18736885950301,Theft,None,True
2024-04-09,10:18:36,28.745084345046966,77.14481805764994,Fraud,None,False
2024-08-07,14:34:10,28.630372087502536,77.05746069320038,Fraud,None,False
2023-07-10,16:27:51,28.835260202972393,77.0179066359897,Fraud,None,False
2023-01-20,20:41:40,28.63678366734813,77.06443921946482,Robbery,Knife,True
2024-01-29,14:11:32,28.780392035662004,77.05478154433351,Theft,None,False
2024-07-03,01:25:28,28.687847203532375,77.13602183462174,Burglary,Blunt Object,True
2024-04-24,21:22:08,28.713537687847992,77.11174577865863,Theft,None,False
2023-04-14,11:35:01,28.78643287581557,77.03088872513315,Fraud,None,True
2023-08-30,04:16:14,28.664340285363796,77.06150239724685,Burglary,Knife,False
2023-09-02,18:09:46,28.659930989557154,77.03791510117061,Fraud,None,True
2023-11-12,23:33:45,28.736831967972932,77.16071615752237,Robbery,Knife,False
2024-01-12,07:13:13,28.620619316028993,77.06244277159095,Cybercrime,None,True
2024-12-02,04:10:55,28.752051393657286,77.17489965192232,Robbery,Firearm,True
2023-12-11,13:56:14,28.625783487712866,77.05348896713015,Fraud,None,False
2023-03-10,06:56:54,28.782739035413183,77.03052470662531,Assault,None,True
2024-02-29,18:19:09,28.6986045540919,77.10169012090599,Theft,None,False
2024-12-09,10:57:50,28.578143727113027,77.1382192878995,Theft,None,False
2023-03-30,13:23:48,28.620885146579226,77.06224230644123,Theft,None,False
2023-01-31,07:30:46,28.698096433057366,77.11266287942757,Murder,Knife,True
2024-01-26,23:19:23,28.801653110706333,77.0291894783125,Robbery,Blunt Object,False
2023-08-01,14:35:51,28.768007259291416,77.1493388371937,Theft,None,False
2023-11-29,06:08:40,28.774438734768708,77.04995903632187,Burglary,Poison,False
2024-12-04,07:52:35,28.78930776444734,77.03254438522612,Murder,Knife,False
2024-09-01,16:16:10,28.772817747509865,77.12992150351302,Fraud,None,False
2024-09-02,14:47:38,28.69717805920585,76.9698565172692,Theft,None,False
2023-09-03,23:20:57,28.70139463262839,77.10873255423459,Robbery,Firearm,False
2023-10-29,00:14:14,28.672872285743132,77.19152325761131,Murder,Firearm,False
2023-11-28,10:13:36,28.757936550238668,77.14371863681914,Theft,None,False
2024-05-30,07:26:27,28.66090828042168,77.1809282150007,Theft,None,False
2023-01-15,03:53:51,28.651677155189542,77.13613218096218,Robbery,Firearm,True
2024-10-28,09:48:23,28.63228623412373,77.04096076742452,Fraud,None,False
2024-11-22,12:36:23,28.76463069717595,77.15398202968628,Theft,None,False
2023-11-01,06:05:06,28.667072729345726,77.18267641808735,Cybercrime,None,False
2023-07-11,14:47:24,28.84199112430017,77.13187866882748,Cybercrime,None,False
2023-07-27,14:06:32,28.79002950809425,77.02497765463474,Theft,None,False
2024-05-05,23:59:51,28.684364193771344,77.20568102260464,Robbery,Knife,False
2024-02-23,07:04:51,28.696185323574873,77.09068106025629,Theft,None,True
2023-08-14,04:49:39,28.645855422438352,77.07125505049845,Burglary,Poison,False
2024-04-08,00:02:32,28.694961032794975,76.99717936039573,Robbery,Blunt Object,False
2024-01-30,02:34:02,28.703014158382196,77.10848092272778,Robbery,Knife,True
2023-12-27,04:21:19,28.663396817305394,77.1632255017755,Robbery,Knife,False
2024-03-01,01:30:54,28.82057107852399,77.12652306257705,Assault,Blunt Object,False
2023-06-03,14:30:09,28.701305222872172,77.18543439252264,Theft,None,False
2023-06-11,18:16:02,28.635538991725628,77.05295290166308,Theft,None,False
2023-03-15,11:10:19,28.677442771507103,77.05331205451856,Fraud,None,True
2024-01-27,02:32:46,28.666066580247094,77.20080468475,Burglary,Firearm,False
2023-06-11,12:16:56,28.665819932094944,77.05896294957745,Cybercrime,None,False
2024-07-14,18:22:29,28.755017189497483,77.15062157179936,Theft,None,True
2023-07-15,01:59:48,28.76517499240118,77.1655564556184,Assault,Knife,False
2023-03-14,02:51:09,28.6563273620131,77.18726010800066,Robbery,Firearm,False
2023-08-28,19:13:47,28.63103178658839,77.08008272157875,Kidnapping,Rope,False
2023-04-10,05:04:17,28.74812480302104,77.02016504616374,Burglary,None,False
2023-02-16,07:27:04,28.641686786120623,77.05961022741734,Assault,None,False
2024-07-07,22:28:29,28.709351129428857,77.11291912604177,Burglary,None,True
2024-10-03,22:34:30,28.632617927080286,77.08088754500912,Burglary,Rope,False
2023-09-07,19:41:59,28.864669010782084,77.01496764324091,Cybercrime,None,False
2024-02-04,15:55:58,28.67482801794362,77.19960808544114,Cybercrime,None,False
2024-10-12,20:04:27,28.766429185866777,77.14913256969952,Murder,Firearm,False
2024-02-22,11:58:47,28.785533981456787,77.40221982917193,Theft,None,False
2024-01-21,12:20:08,28.705151599818514,77.09617351748561,Theft,None,False
2023-06-08,00:50:43,28.675824198520914,77.18496552095498,Robbery,Firearm,False
2024-09-21,22:48:02,28.65164632609999,77.14666250678142,Robbery,Knife,False
2024-08-27,18:42:42,28.631555989402727,77.05584466132991,Theft,None,False
2024-06-14,09:53:30,28.761682447761547,77.13495129148458,Theft,None,False
2023-03-28,21:05:17,28.793131675919945,77.01238018634295,Vandalism,None,True
2023-03-19,23:02:45,28.530967542112368,77.05260212569442,Burglary,Blunt Object,False
2023-01-22,22:46:45,28.732786384281937,77.23502636031274,Robbery,Firearm,False
2023-10-14,20:48:22,28.70986227631596,77.07784463924241,Kidnapping,None,False
2024-03-27,03:31:30,28.64989581247985,77.05379101179533,Assault,Blunt Object,True
2023-10-15,23:39:38,28.705494151593463,77.09050553742046,Robbery,Blunt Object,False
2024-08-29,07:45:31,28.674925905168752,77.1812016367415,Fraud,None,False
2024-06-16,19:09:34,28.746057320785507,77.15415040636537,Kidnapping,None,False
2024-06-02,03:46:40,28.6456854965316,77.07425454012339,Robbery,Firearm,False
2023-03-20,01:22:16,28.768043665969373,77.03173951092305,Robbery,Knife,False
2024-09-07,09:44:54,28.776497376002965,77.04119762058177,Theft,None,False
2023-08-04,19:09:54,28.71163912065192,77.10757879845069,Kidnapping,None,False
2024-06-13,02:40:03,28.667061667419304,77.19135470582941,Murder,Firearm,False
2023-10-12,15:47:29,28.55108690712567,76.92896892964073,Theft,None,False
2023-04-19,06:55:12,28.576512900009806,77.09915251896732,Burglary,Rope,True
2023-04-13,02:08:33,28.77161644009883,76.80489675259905,Assault,Knife,True
2024-06-17,12:24:47,28.83637428318798,77.11561121961785,Fraud,None,True
2023-03-25,04:23:45,28.688422276524104,77.1035094697029,Assault,None,False
2023-07-15,13:29:48,28.655025254146786,77.06849441015306,Theft,None,False
2024-02-11,18:32:44,28.71509073062554,77.08883753370604,Theft,None,True
2023-02-19,19:34:57,28.779959947648614,77.02325307769478,Robbery,Blunt Object,False
2023-03-25,14:31:52,28.661275802050444,77.06889362843486,Theft,None,False
2024-04-08,03:27:42,28.67257009588958,77.05782390466582,Robbery,Knife,False
2024-07-23,09:59:59,28.696853257883177,77.10107173361405,Cybercrime,None,False
2024-07-12,02:47:34,28.841935722142257,77.06588803106247,Assault,None,False
2023-02-16,12:40:24,28.67534437597907,77.18346690702887,Cybercrime,None,True
2024-04-30,08:28:06,28.78449496761202,77.02597601539539,Theft,None,True
2023-06-18,03:26:08,28.702727089320895,77.1006989739865,Robbery,Knife,False
2023-06-26,11:19:29,28.703343534032534,77.19685168181528,Fraud,None,True
2023-11-05,08:31:19,28.88016280346245,77.01845652373304,Theft,None,False
2023-11-13,13:54:02,28.664900637521228,77.0199988101594,Fraud,None,False
2024-07-30,15:01:33,28.785971015372223,77.0271165054249,Theft,None,True
2023-04-04,21:30:30,28.7280796833742,77.21286269104448,Cybercrime,None,False
2023-08-20,08:59:01,28.678841683141954,77.10741779889601,Murder,Firearm,True
2024-01-08,03:15:03,28.69949812951102,77.10710422267985,Burglary,Knife,True
2024-02-03,14:12:23,28.665135305622496,77.19446260988308,Theft,None,True
2024-02-02,14:38:02,28.763232806180405,77.15818352148543,Fraud,None,False
2023-11-15,19:36:18,28.78342257178101,77.02793795328279,Burglary,Rope,True
2024-06-18,17:47:41,28.64213762453107,77.17774362008176,Theft,None,False
2023-03-14,18:38:14,28.627327085723138,77.24706350466582,Theft,None,False
2023-05-24,08:14:24,28.70086408928719,77.10751894389861,Murder,Firearm,False
2024-03-26,05:10:36,28.80509249519255,77.02543776645933,Murder,Knife,False
2024-08-07,14:55:29,28.64478761750845,77.07304183164638,Cybercrime,None,False
2023-03-18,14:51:39,28.713612773888766,77.0992218468976,Theft,None,False
2023-04-23,17:22:10,28.77893269562478,77.03016864067456,Fraud,None,False
2023-03-11,22:43:18,28.848885776615138,77.07458941436401,Robbery,Knife,False
2024-01-20,08:50:22,28.704881156924834,77.09823213529077,Cybercrime,None,False
2024-01-07,20:11:54,28.71115548564796,77.10405525037584,Assault,Knife,False
2024-11-01,01:51:24,28.603756618924177,77.00561758859651,Assault,None,True
2024-01-10,16:37:27,28.50423944334445,77.01936785908744,Theft,None,False
2023-11-22,14:08:11,28.783494580363218,77.23487605380123,Cybercrime,None,False
2024-12-10,10:07:52,28.772655836321718,77.15796322006408,Theft,None,False
2024-03-05,16:39:32,28.67283473950471,77.19024914554915,Theft,None,False
2023-04-25,03:01:37,28.73272782230819,77.28294489719872,Assault,None,False
2024-12-06,23:55:32,28.703115546858232,77.11593008083737,Robbery,Firearm,False
2024-08-06,15:23:32,28.791511408181787,77.17604432862042,Theft,None,False
2024-02-24,06:38:30,28.50295086745382,77.19541895615478,Kidnapping,Rope,False
2024-03-07,02:50:47,28.672824920210907,77.17806073505565,Robbery,Knife,False
2024-10-05,18:41:14,28.68927086958822,77.10244412866032,Fraud,None,True
2024-03-03,02:23:15,28.707455159681825,76.97219980781853,Burglary,Rope,False
2023-09-16,07:25:58,28.556771982710632,77.15116194801281,Murder,Blunt Object,False
2024-07-07,13:36:14,28.682817051310614,77.18440282909923,Theft,None,True
2023-03-08,08:45:15,28.765608346496844,77.15163615015649,Assault,Knife,False
2023-10-15,00:16:04,28.753556487256,77.1433297197126,Robbery,Knife,False
2024-11-03,20:39:10,28.768497580224462,77.05104662133861,Theft,None,True
2023-02-13,12:20:52,28.817229905024973,76.96324874328616,Theft,None,True
2024-04-05,19:57:42,28.78565751907831,77.03149953688897,Cybercrime,None,True
2023-02-17,22:14:04,28.70136007526837,77.09840982152186,Robbery,Firearm,False
2024-07-31,00:15:09,28.742226914696797,77.18431755254716,Robbery,Firearm,True
2024-08-12,04:03:23,28.74433911690282,77.09044816256208,Burglary,Knife,False
2024-06-27,19:41:21,28.68837732831089,77.19618143169227,Assault,None,False
2023-03-23,15:02:14,28.67873444938116,77.18322689463037,Fraud,None,False
2024-11-18,17:17:41,28.70050987023999,77.13702705096124,Cybercrime,None,False
2024-04-13,11:35:17,28.657265131144054,77.18465388173082,Theft,None,False
2024-11-28,20:46:22,28.596514143816215,77.06135434902336,Murder,Blunt Object,False
2023-04-12,13:01:00,28.71021106095446,77.09117117186646,Cybercrime,None,False
2024-07-11,03:12:05,28.54679914573505,77.10880776754293,Burglary,Firearm,True
2023-12-02,05:57:56,28.767135418455535,77.0195119644595,Cybercrime,None,False
2024-06-30,17:12:08,28.761665941185065,77.15045214742395,Theft,None,False
2023-06-16,09:40:01,28.68695486949709,77.17045185659063,Theft,None,True
2024-06-29,14:02:02,28.703160476343676,77.10649584553208,Theft,None,False
2023-04-14,08:13:07,28.58704850698711,77.20567619044996,Robbery,Blunt Object,False
2024-03-24,10:08:07,28.759206788831662,77.13640712913313,Cybercrime,None,True
2023-01-23,03:41:08,28.643722582037917,77.06635956736258,Robbery,Blunt Object,False
2024-07-12,02:44:11,28.63819943326472,77.0477013509449,Murder,Firearm,False
2024-05-01,19:24:14,28.786884587894473,77.05461242950284,Fraud,None,False
2024-03-26,06:44:03,28.66540159008423,77.25942411812848,Assault,None,False
2023-08-27,01:43:35,28.636577111782387,77.0646554563501,Burglary,Poison,True
2023-10-31,11:16:57,28.79181522530876,77.0324158633403,Theft,None,False
2023-09-12,06:30:14,28.674326435111876,77.17511275213505,Robbery,Blunt Object,True
2024-08-31,11:43:09,28.893245511526924,77.13255869246392,Theft,None,False
2024-05-13,16:45:58,28.748939398234697,77.15060248442741,Cybercrime,None,False
2024-08-02,00:06:30,28.699297076456453,77.18384907116338,Burglary,None,False
2023-03-11,16:56:37,28.66815586301422,77.17104932083518,Theft,None,False
2023-08-09,12:46:58,28.735840989058875,77.15613584273846,Theft,None,False
2023-05-17,02:30:38,28.680646419928244,77.17853303820036,Robbery,Blunt Object,True
2023-12-21,16:30:58,28.753950295819692,77.14079538290711,Fraud,None,False
2023-02-26,09:21:00,28.755429284648276,77.15731495320567,Theft,None,True
2024-11-27,08:40:26,28.668748357328322,77.19940452669586,Theft,None,False
2023-06-10,18:05:26,28.62038936732531,77.1308476604019,Theft,None,False
2023-07-11,00:47:29,28.78893172197046,77.09477104998507,Robbery,Knife,False
2024-07-28,07:43:22,28.68525231811055,76.95961338495503,Theft,None,False
2023-05-01,08:15:30,28.767673414957162,77.15080106798332,Cybercrime,None,False
2023-01-30,16:37:00,28.757836542493482,77.16977204878602,Theft,None,False
2024-06-15,22:07:50,28.777817015079822,77.0305247139571,Robbery,Knife,False
2024-01-10,15:18:28,28.687444823507434,77.1713280233426,Theft,None,False
2024-02-02,19:51:12,28.916891807475725,77.02801272147238,Kidnapping,Knife,False
2024-06-01,10:18:02,28.772304825433594,77.0338230902069,Theft,None,True
2024-03-27,13:04:15,28.924934826433987,76.91140340644078,Theft,None,False
2024-06-26,12:20:02,28.782689842815103,77.03726265017258,Fraud,None,False
2023-11-03,13:21:02,28.674436499585354,77.18631921670003,Theft,None,False
2024-08-04,08:48:49,28.666919669178277,77.17650278154069,Murder,Firearm,False
2024-09-23,20:22:13,28.68925773528408,76.98951119120973,Kidnapping,None,False
2024-11-14,18:58:57,28.6436531359856,77.05861254706329,Theft,None,False
2024-07-17,17:00:00,28.749399548148453,77.155705064126,Theft,None,False
2023-10-08,10:21:49,28.73589340506801,77.15020909896617,Fraud,None,False
2023-11-04,16:11:59,28.697273537656148,77.17163890313675,Cybercrime,None,False
2023-01-19,07:02:11,28.766955004964846,77.15304656120912,Robbery,Knife,False
2023-07-03,18:06:22,28.643804219111857,76.97043583404702,Theft,None,False
2024-02-24,19:38:15,28.718068196528524,77.24783971058147,Vandalism,None,False
2023-06-28,00:20:00,28.78020788854803,77.03169038575264,Robbery,Knife,False
2024-02-18,06:23:15,28.7942037085019,77.03590870791348,Burglary,None,False
2023-12-05,03:22:22,28.658377242202754,77.18348887215856,Burglary,Blunt Object,False
2023-12-21,08:28:22,28.85532349106656,77.09880588135326,Robbery,Firearm,False
2024-11-23,08:29:57,28.429951057052264,77.14132149915912,Vandalism,None,False
2024-10-19,17:37:56,28.70211543560456,77.0842090558608,Fraud,None,False
2023-11-19,03:56:01,28.657307919099463,77.19225107143289,Murder,Firearm,False
2023-04-15,17:59:28,28.630861725440493,77.0117503619264,Theft,None,False
2024-02-29,16:51:41,28.703743614390685,77.0960579700168,Theft,None,False
2023-07-08,14:06:51,28.64510048627778,77.06047279970564,Theft,None,False
2024-01-19,12:11:29,28.662100044199065,77.17738802201438,Theft,None,False
2024-07-28,16:28:08,28.748375332130912,77.10669180402387,Cybercrime,None,False
2023-04-28,13:48:47,28.69590575176082,77.29623842411794,Fraud,None,False
2023-06-12,16:51:42,28.651410375253857,77.07102441264821,Fraud,None,True
2024-05-27,01:49:38,28.75244031592205,77.15470145190352,Robbery,Firearm,False
2023-02-02,19:25:36,28.749789000104744,77.16027549765525,Murder,Knife,False
2023-12-07,13:06:14,28.693060009590095,77.12473777489306,Theft,None,False
2023-06-03,20:24:12,28.645706113021554,77.06231833118595,Burglary,Knife,True
2024-07-16,23:06:15,28.78348188067156,77.14583380722506,Robbery,Firearm,False
2024-01-02,21:23:40,28.637342884698416,77.06944096746811,Vandalism,None,True
2024-09-06,18:47:06,28.668148310009247,77.17958593638652,Cybercrime,None,False
2024-04-09,11:29:31,28.693235890466443,77.10741557919403,Fraud,None,False
2023-04-20,23:35:09,28.679142572444842,77.17934807940077,Robbery,Firearm,False
2024-02-06,22:12:53,28.7912481668848,77.01391874986268,Burglary,Firearm,True
2024-02-13,01:01:22,28.667031465984856,77.1808002081379,Burglary,Blunt Object,False
2024-03-02,05:21:13,28.586871750309705,76.92762869625814,Fraud,None,False
2024-05-29,19:21:59,28.781021040349614,77.03944020087062,Vandalism,None,False
2023-10-02,10:56:31,28.796921083914263,77.02702712116796,Theft,None,False
2024-12-01,10:11:59,28.711432158376216,77.10886542038077,Fraud,None,True
2024-04-14,11:07:50,28.656286081743346,77.05899808969646,Fraud,None,True
2024-12-02,02:54:43,28.736114995048155,77.15320185852423,Robbery,Firearm,True
2023-05-22,23:29:57,28.743962062590303,77.14526494890939,Burglary,Firearm,True
2023-10-13,01:10:00,28.701087808559468,77.09911072368652,Robbery,Blunt Object,False
2023-08-24,17:47:15,28.64551559266896,77.06953156316419,Theft,None,False
2023-03-21,22:22:22,28.78042264416724,77.03645697506609,Robbery,Firearm,False
2023-01-28,17:19:25,28.674248160099303,77.19185494395879,Theft,None,False
2023-09-03,05:51:11,28.782214081488934,77.03171073324226,Fraud,None,False
2024-06-28,11:16:16,28.66665995520011,77.08627514600416,Theft,None,False
2023-08-02,05:06:33,28.746265118716543,77.14367402713857,Assault,Knife,False
2023-09-06,16:15:35,28.781676538528274,76.99417983168155,Fraud,None,False
2024-07-15,12:28:58,28.78090881910302,77.04265342786272,Fraud,None,True
2023-12-16,21:56:12,28.78057299204996,77.04078740453687,Fraud,None,False
2023-04-06,04:57:30,28.638189542792734,77.0519883639365,Burglary,None,False
2024-05-28,18:16:14,28.76815174145099,77.04562724069274,Fraud,None,False
2023-06-22,07:30:01,28.59041288183656,77.17721865901251,Theft,None,False
2023-04-24,04:38:45,28.774100529732063,77.04567383917941,Murder,Knife,False
2024-04-06,02:07:46,28.69616782724615,77.1656346994031,Burglary,Poison,False
2023-11-04,09:14:07,28.595624356584118,77.17981318638033,Cybercrime,None,False
2023-11-30,23:48:52,28.67923042923366,77.19026921854761,Burglary,Blunt Object,True
2024-01-18,15:07:03,28.748362444495957,77.17237534161023,Cybercrime,None,False
2023-05-14,10:52:02,28.7552804946669,77.14033037423157,Theft,None,False
2023-08-25,20:49:18,28.67156851499957,77.17046433103772,Murder,Blunt Object,False
2024-12-26,03:37:27,28.66000941358554,77.055896687372,Assault,Knife,True
2024-07-22,12:33:34,28.789024834847446,77.0277932685502,Fraud,None,False
2024-11-28,06:49:28,28.637946126902378,77.04339745818719,Cybercrime,None,False
2024-05-17,23:04:39,28.650081746029908,77.0754918125263,Robbery,Firearm,False
2023-06-27,08:34:05,28.74494032418635,77.13704770885002,Vandalism,None,False
2024-06-12,19:55:42,28.784431604273784,76.93787586508938,Theft,None,False
2024-10-14,11:11:53,28.68629532935948,77.17345604877046,Fraud,None,False
2023-11-17,21:04:25,28.693067072571754,77.10498462421133,Theft,None,True
2024-11-09,22:57:32,28.663718607149885,77.17542888918707,Assault,None,False
2023-07-13,21:09:32,28.647639819326713,77.03820887662833,Kidnapping,None,False
2023-05-04,18:31:26,28.770524192459284,77.15293640132467,Theft,None,True
2023-02-11,19:34:21,28.57480339875965,77.00077546307132,Burglary,Knife,False
2024-01-03,08:35:05,28.803264637826082,77.16260529350741,Burglary,Rope,False
2023-08-29,20:57:59,28.71796780657285,77.09567257155196,Kidnapping,Blunt Object,True
2023-02-01,10:36:43,28.70706583837151,77.10676567911784,Theft,None,True
2023-04-30,00:33:52,28.773626750025223,77.21522811234321,Assault,None,False
2023-12-27,20:34:49,28.666927360941557,77.1813582973224,Robbery,Knife,False
2024-02-06,15:14:41,28.7479985025442,77.15197388126644,Theft,None,False
2024-01-09,16:49:21,28.71108432782063,77.0859596449974,Fraud,None,True
2023-05-05,15:27:48,28.655193715694594,77.05110817875736,Theft,None,False
2023-12-15,00:34:06,28.781026296803027,77.04493941924967,Robbery,Blunt Object,False
2023-03-04,12:43:25,28.67738009717983,77.18589529948264,Theft,None,False
2024-11-07,15:33:48,28.586037395470488,76.99809140641763,Fraud,None,False
2024-10-12,11:25:51,28.798225639666892,77.04358564545157,Theft,None,False
2024-01-23,16:59:45,28.669150881267,77.19213951251055,Theft,None,False
2023-10-12,06:02:14,28.743600864546305,77.15519235132886,Vandalism,None,False
2023-01-14,03:59:43,28.75452907326168,77.15247314274137,Robbery,Blunt Object,False
2024-06-06,09:52:29,28.668915643681224,77.17670144818537,Theft,None,True
2023-09-04,18:28:57,28.66331635836205,77.18732665026042,Cybercrime,None,False
2023-05-31,11:50:13,28.637285080848326,77.19937446211674,Cybercrime,None,False
2023-06-18,23:22:54,28.671854449584092,77.1719154951058,Assault,Knife,False
2023-10-03,11:59:48,28.680318611785157,77.06141428008635,Theft,None,False
2024-05-20,14:44:26,28.68419103411728,77.17880999810748,Theft,None,False
2024-03-23,02:51:30,28.67647896187997,77.24365467054925,Robbery,Knife,True
2024-09-04,03:08:29,28.789182673214633,77.04912706016005,Assault,None,False
2024-05-26,22:09:02,28.79669045004064,77.02362837411638,Assault,Blunt Object,False
2024-06-04,21:02:26,28.80309508544001,77.25503032920747,Robbery,Firearm,False
2024-10-19,14:09:35,28.719428131323234,77.11238095983578,Cybercrime,None,False
2024-12-17,12:39:26,28.79377522994909,77.02947338956326,Fraud,None,True
2024-05-07,13:29:27,28.695726179156505,77.09897782681104,Theft,None,False
2024-12-07,07:43:05,28.737452109985675,77.16592795315422,Robbery,Knife,False
2024-07-18,04:56:41,28.67577070405823,77.2316330729065,Murder,Knife,False
2024-07-02,23:14:10,28.661785004227784,77.19332624921003,Robbery,Firearm,False
2023-09-08,18:26:34,28.749151193418207,77.13965630591692,Theft,None,False
2024-07-16,11:14:22,28.866811805215978,77.21323116693408,Theft,None,False
2023-10-14,11:45:59,28.676217924201858,77.18283937885136,Theft,None,True
2023-09-13,08:19:15,28.67849510018819,77.18444628577917,Cybercrime,None,True
2024-01-06,07:00:43,28.666177240458286,77.17837947730216,Fraud,None,True
2024-05-13,03:01:08,28.72370717832039,77.12922156742628,Robbery,Knife,True
2023-06-09,14:07:44,28.719726685052308,77.10728223940163,Theft,None,False
2024-09-04,22:02:40,28.67072250967298,77.17451814106103,Assault,Blunt Object,False
2023-04-29,18:24:08,28.776777175895695,77.02696732341315,Theft,None,False
2024-01-29,14:40:12,28.805611640414256,77.05056282296384,Cybercrime,None,True
2023-07-11,20:02:55,28.711562783899353,77.09289386823588,Burglary,None,True
2023-11-17,18:18:04,28.793405592671103,77.07863829714894,Theft,None,False
2023-01-23,21:18:18,28.62256990561356,77.06537100637401,Cybercrime,None,False
2024-12-08,13:44:29,28.63568086959166,77.0544194657091,Theft,None,False
2024-05-28,22:55:06,28.641595920064322,77.05751677027058,Burglary,Poison,True
2023-05-03,17:17:21,28.67375743180896,77.18167669449983,Theft,None,False
2023-09-14,11:32:50,28.625341909071526,77.07770277988882,Fraud,None,False
2024-11-14,06:10:27,28.605762327705133,77.00726016148695,Burglary,None,False
2024-08-04,20:52:34,28.671244674820972,77.09166651526307,Burglary,Firearm,False
2023-02-25,00:23:41,28.65868979816832,77.06519423452055,Robbery,Blunt Object,True
2024-04-16,13:24:25,28.709764654841095,77.10524536187584,Theft,None,False
2024-09-23,03:31:36,28.786414615824988,77.03559729503088,Assault,Knife,False
2023-10-25,20:17:55,28.510826585743107,77.07750815151606,Vandalism,None,False
2024-09-14,06:47:14,28.820326111057117,77.49673310108068,Cybercrime,None,False
2024-03-29,18:25:32,28.58366910674605,77.14480799603244,Fraud,None,False
2024-12-03,22:48:11,28.698389534221256,77.12297651903897,Assault,None,True
2023-04-02,14:03:28,28.568721723920852,77.1649939490316,Fraud,None,True
2024-05-17,16:27:13,28.56337889004958,77.07064333319393,Fraud,None,True
2023-02-14,06:21:13,28.7837568666925,77.04319691681741,Theft,None,False
2024-03-23,02:24:17,28.59638331738415,77.16883830488474,Burglary,Firearm,False
2023-09-25,03:50:26,28.705977772338795,77.12977933862861,Burglary,Poison,True
2023-01-06,00:39:15,28.713683327146853,77.08967443306996,Assault,None,True
2023-04-03,08:17:20,28.785159497314858,77.04560951469107,Assault,None,False
2023-10-10,19:56:08,28.813687345497684,77.1359557634538,Theft,None,False
2023-03-23,03:24:35,28.683147161848296,77.04349740309092,Assault,Knife,False
2023-03-21,21:07:30,28.712332949943555,77.11510951685482,Burglary,Blunt Object,False
2023-09-30,10:30:25,28.65081484591398,76.98919934342187,Theft,None,False
2023-10-23,11:44:04,28.773521104294524,76.95764690579664,Theft,None,False
2023-04-12,13:35:29,28.691044875624172,77.09187299724472,Cybercrime,None,False
2023-12-03,22:36:40,28.66994549516961,77.16913668110784,Assault,None,True
2024-10-06,21:30:04,28.510220009061843,76.9889555805663,Robbery,Firearm,False
2024-12-05,04:19:18,28.768347444657262,76.97534559278733,Burglary,Rope,True
2023-08-18,08:06:40,28.670073032204584,77.29716984623656,Vandalism,None,False
2024-01-20,12:39:13,28.699182586997292,77.13675309897296,Theft,None,False
2024-01-23,19:47:11,28.694639599817485,77.124134748537,Robbery,Firearm,False
2024-08-17,04:18:10,28.698687055108618,77.10021895315549,Robbery,Blunt Object,False
2024-04-13,16:29:37,28.835805867796736,77.08432657551464,Fraud,None,False
2023-12-30,16:36:02,28.67457888782675,77.17968311679212,Cybercrime,None,False
2024-03-10,13:30:48,28.67661676219428,77.13955020108281,Cybercrime,None,False
2024-09-06,16:53:34,28.78962943189198,77.02606751568788,Theft,None,False
2023-01-17,01:25:42,28.696439195438533,77.09640863911143,Murder,Firearm,False
2024-11-02,09:02:10,28.630087459858004,77.0465956974148,Fraud,None,False
2023-08-18,20:36:17,28.73381671472249,77.19635958031752,Assault,None,False
2024-03-20,18:09:33,28.652810452931455,77.03868008726863,Fraud,None,False
2024-04-04,01:54:01,28.679593491295673,76.99229080444076,Burglary,Rope,False
2023-01-04,13:05:07,28.67553737437821,77.17832176481191,Theft,None,False
2023-08-04,04:55:33,28.76329119062446,77.10058469095988,Robbery,Firearm,False
2024-11-27,20:24:20,28.65513998105082,77.172829141272,Burglary,Rope,True
2024-11-23,05:41:43,28.704678511482665,77.11151104292311,Kidnapping,Firearm,False
2023-02-26,18:38:37,28.63004323192296,77.04713540296454,Fraud,None,False
2024-03-25,21:47:20,28.754662453375733,77.1384633269395,Robbery,Blunt Object,True
2024-12-02,23:38:15,28.627413705734995,77.05804859487368,Robbery,Knife,False
2023-10-28,22:44:34,28.655255390866134,77.01465995226607,Robbery,Blunt Object,False
2024-04-10,00:06:40,28.633726304327503,77.10388357232225,Burglary,Firearm,False
2024-12-21,16:00:51,28.7468983709632,77.15320697021666,Fraud,None,False
2024-10-08,11:30:44,28.700295314638826,77.10417650155387,Cybercrime,None,False
2024-03-08,13:36:16,28.652882055654366,77.0708924784539,Cybercrime,None,True
2023-09-14,03:47:59,28.83292104710661,77.18631468968972,Burglary,Knife,False
2023-07-02,09:41:04,28.72795575315418,77.05915683623599,Theft,None,False
2023-02-28,03:02:07,28.670222390771837,77.17372222693565,Assault,None,True
2024-03-10,16:20:27,28.674145292910517,77.18947387478713,Theft,None,True
2024-04-20,04:02:55,28.74684332397117,77.15212782141336,Robbery,Knife,False
2023-02-16,17:20:33,28.636363777127823,77.12343543301877,Cybercrime,None,True
2023-09-06,03:48:34,28.748606166160503,77.14510489428706,Murder,Knife,False
2023-07-15,11:22:32,28.74730033305068,77.15753328773846,Theft,None,True
2023-04-03,17:33:58,28.783132505946696,77.02821578270002,Cybercrime,None,False
2023-10-13,14:50:38,28.730240450254723,77.06104837825325,Cybercrime,None,False
2023-03-29,06:40:24,28.795365178936855,77.02276133846308,Assault,Knife,False
2024-02-29,10:59:03,28.75223028487183,77.13845234778333,Fraud,None,True
2024-02-20,07:02:27,28.670631256081098,77.16570364502294,Theft,None,False
2024-06-08,15:00:10,28.651563165225593,77.07016503767005,Fraud,None,False
2024-04-02,10:43:28,28.761941701737246,77.15278872480175,Theft,None,False
2024-10-29,00:03:08,28.775301295952897,77.02449659367966,Robbery,Knife,False
2023-09-23,16:47:08,28.689401720552205,77.196856771038,Theft,None,False
2024-03-13,22:46:01,28.70532555156951,77.0973436596592,Assault,None,True
2023-08-01,09:38:20,28.84096234226985,77.03304968386152,Theft,None,False
2024-07-14,15:46:20,28.786388492080956,77.046019573054,Theft,None,True
2023-08-10,12:36:04,28.775736615003353,77.04079223585639,Cybercrime,None,True
2023-12-26,02:45:47,28.64930560795844,77.06210483457768,Assault,None,False
2024-09-04,05:35:08,28.604756640086688,77.03005602398967,Murder,Knife,False
2023-05-29,16:35:37,28.646994510728508,77.04826663205118,Theft,None,True
2023-04-17,06:17:51,28.705407438590182,77.10791050984062,Fraud,None,False
2023-08-30,18:48:11,28.80262201728091,76.96266429255398,Theft,None,False
2024-09-16,20:25:20,28.835724729716127,77.272036349418,Robbery,Knife,False
2023-02-19,22:03:07,28.788201515677134,77.02211951418576,Robbery,Firearm,False
2024-11-05,08:52:45,28.6408189071164,77.06202402754882,Fraud,None,False
2023-05-18,20:06:45,28.646804635087307,77.06271981552644,Fraud,None,False
2023-04-24,22:07:10,28.756911651428947,77.15159253242662,Robbery,Firearm,True
2023-01-03,00:58:05,28.646751070945125,77.05789476578839,Burglary,Knife,True
2023-06-24,09:46:00,28.700718132830175,77.09673974829524,Theft,None,False
2024-05-20,16:23:21,28.77327259534504,77.16713900786175,Theft,None,False
2023-03-29,03:27:17,28.709652941900135,77.11575308997269,Burglary,Poison,False
2024-08-01,04:28:24,28.79208461338978,77.03431271159515,Robbery,Firearm,False
2023-09-11,12:49:26,28.769044286589804,77.02987836079876,Theft,None,False
2023-11-15,12:53:25,28.670596210798166,76.9891924826908,Fraud,None,True
2024-12-09,01:01:15,28.55548377253934,77.15177193465671,Burglary,None,False
2024-11-12,18:04:27,28.73655043223708,76.98576030199324,Theft,None,False
2024-11-13,22:12:19,28.69664121493564,77.11411222273155,Burglary,None,False
2024-07-14,05:51:48,28.665323034864834,77.18420798903934,Robbery,Knife,False
2023-01-05,07:42:58,28.67220221700432,77.18756363471063,Vandalism,None,False
2023-10-19,23:26:31,28.61848923473436,77.11150834775401,Assault,Knife,False
2023-05-25,05:54:43,28.720972257734587,77.12551808062292,Assault,Knife,False
2023-07-24,16:29:35,28.674890738579624,77.18594609320594,Cybercrime,None,False
2023-06-12,12:23:37,28.77601770332051,77.17811297776771,Theft,None,False
2024-06-17,17:39:48,28.637707838592135,77.03931757019647,Cybercrime,None,False
2023-01-08,10:06:15,28.71005495300722,77.10436252459903,Theft,None,False
2024-03-10,11:21:58,28.684710418591834,77.18534885899716,Theft,None,False
2024-04-14,21:20:37,28.784686039395257,77.04378906595879,Murder,Knife,True
2023-07-06,12:44:08,28.796787805884136,77.0186343994122,Theft,None,False
2023-11-03,09:46:48,28.775933938128603,77.03144407040713,Fraud,None,False
2023-05-02,20:59:56,28.785084376239244,77.0302401679665,Kidnapping,Firearm,True
2024-10-29,21:58:44,28.747520717786188,77.20211047893171,Cybercrime,None,False
2024-05-20,04:57:43,28.801327097107205,77.03828913023774,Assault,Blunt Object,False
2024-03-14,15:25:11,28.74557666321547,77.15102623774803,Theft,None,True
2023-06-27,06:48:56,28.673346477587405,77.18764640239982,Theft,None,False
2024-03-30,04:32:52,28.677981680334337,77.20300396651112,Robbery,Blunt Object,False
2023-09-14,21:16:47,28.699484868647453,77.10634750533768,Burglary,Blunt Object,True
2024-12-02,08:39:12,28.72764711397744,77.09664793103097,Theft,None,False
2024-07-16,04:51:39,28.718614869617035,77.0080119498876,Assault,Knife,True
2024-04-30,23:21:05,28.754920868996276,77.14469782851863,Burglary,None,False
2024-08-17,04:42:37,28.764568009034914,77.15397318859031,Robbery,Knife,True
2023-10-08,05:15:00,28.69474602740018,77.11090567697792,Assault,Blunt Object,False
2023-08-05,01:48:26,28.755896660388718,77.16202818777224,Assault,None,False
2023-01-12,06:05:57,28.692623373720522,77.10618824412249,Kidnapping,None,True
2023-06-23,17:26:48,28.65183341694645,77.05826622509764,Fraud,None,False
2024-04-19,20:49:56,28.578199727303186,77.09833925046297,Vandalism,None,False
2024-12-08,09:07:32,28.71638115293781,77.11375930330635,Cybercrime,None,False
2023-08-26,06:29:18,28.749815715652446,77.13966914563623,Burglary,Firearm,True
2024-04-29,23:22:06,28.669788202796504,77.17781522349269,Robbery,Firearm,True
2023-02-20,13:49:39,28.788564467833048,77.03144998497098,Fraud,None,False
2024-06-02,18:34:18,28.74656735788263,77.16354263067261,Cybercrime,None,False
2023-06-15,01:49:11,28.718142586744484,77.1460415652731,Burglary,None,False
2023-05-24,23:31:27,28.62685014565869,77.03825735129303,Assault,None,False
2023-01-23,20:50:43,28.56034542185556,77.05444565743933,Cybercrime,None,False
2023-04-16,16:05:38,28.75986356017614,77.12907753129593,Theft,None,True
2024-05-27,17:46:48,28.800028520643718,77.03420566026772,Theft,None,False
2024-11-20,00:46:43,28.7177029499295,77.09364029917526,Assault,None,False
2024-12-07,07:25:07,28.709138599341724,77.10335195929972,Murder,Knife,False
2024-12-02,16:04:39,28.785868631305455,77.07912086324004,Fraud,None,False
2023-12-10,11:22:05,28.758832152090076,77.16352195318771,Cybercrime,None,False
2024-08-03,12:22:13,28.638982370610822,77.12672442324897,Fraud,None,False
2023-03-25,21:10:21,28.515313776277765,77.17275030190635,Murder,Knife,False
2023-04-01,21:51:08,28.693646625434624,77.17005563952252,Robbery,Knife,True
2023-08-13,14:37:20,28.643186187395724,77.07130481300914,Cybercrime,None,False
2024-10-02,17:07:10,28.754414174734666,77.15415099551494,Theft,None,False
2024-10-08,03:09:18,28.780190005584764,77.02821847746914,Robbery,Knife,False
2024-11-05,23:37:53,28.753233058464147,77.15291671422139,Robbery,Firearm,False
2023-03-07,12:28:57,28.742285587384227,77.15183978014055,Theft,None,True
2024-05-27,22:35:52,28.719785339387094,77.09830866206411,Assault,Blunt Object,True
2023-11-30,21:08:28,28.661727450171252,77.18098583932014,Kidnapping,None,False
2024-10-31,14:11:56,28.666953871878757,77.16911658174679,Theft,None,True
2023-08-12,16:24:14,28.755491684617326,77.14539717962849,Cybercrime,None,True
2023-01-01,03:22:49,28.641628583314674,77.11784273803855,Burglary,None,True
2023-01-05,14:55:21,28.550782540463768,76.92834303497489,Theft,None,False
2023-08-29,05:47:08,28.79080872194502,77.01319166399277,Fraud,None,False
2024-08-05,11:26:27,28.606432230469267,76.92251604646117,Theft,None,True
2024-05-27,23:48:31,28.66923863533151,77.18678058747652,Burglary,Firearm,True
2024-09-04,04:06:23,28.71533379487324,77.34168733894573,Robbery,Blunt Object,False
2024-10-18,07:46:25,28.76496915617789,77.14318842149844,Murder,Firearm,False
2023-07-29,01:02:31,28.692129449951736,77.12956687940977,Murder,Firearm,False
2024-09-14,02:31:45,28.764725720057335,77.1583936960727,Robbery,Firearm,False
2023-04-06,21:57:00,28.704848518122155,77.10523521567475,Vandalism,None,False
2023-03-29,14:28:29,28.629279267245177,77.06407039170196,Theft,None,False
2023-10-22,00:37:35,28.674812313974588,77.17345861156899,Assault,Knife,False
2024-04-02,12:38:00,28.650247354643152,77.25401763934437,Theft,None,True
2023-10-12,00:44:57,28.67284825079705,77.20321171302534,Burglary,None,False
2024-08-12,03:48:24,28.736693205635127,77.14727869813774,Burglary,Blunt Object,False
2024-09-11,05:54:22,28.76862721448753,77.0204057754611,Theft,None,False
2023-10-24,21:05:19,28.665817942943406,77.18565309626771,Murder,Firearm,False
2023-07-20,21:37:30,28.73078261710804,77.03457096803724,Assault,None,False
2024-03-21,14:01:31,28.481320044266344,77.25026928730323,Fraud,None,False
2023-09-09,09:18:43,28.701242352839635,77.09133709829699,Cybercrime,None,True
2024-02-25,18:49:51,28.73159307810701,77.12294451705232,Fraud,None,True
2024-01-20,22:50:05,28.700873235350002,77.10398531015642,Burglary,Knife,True
2023-02-10,22:52:16,28.662549701595918,77.19009912843177,Assault,None,True
2023-05-12,09:05:12,28.66413132905243,77.17644430344697,Cybercrime,None,False
2024-07-11,04:08:58,28.710588018161516,77.11453958965011,Robbery,Knife,True
2024-04-19,15:14:29,28.689957745680463,77.19305798238467,Theft,None,False
2024-07-12,01:04:23,28.67169278161982,76.94839669308996,Burglary,Poison,False
2024-02-03,17:03:00,28.79815055585603,77.04620695988906,Theft,None,True
2023-12-20,22:08:46,28.637380238466466,77.07171189037824,Burglary,Blunt Object,False
2023-12-13,09:20:36,28.640778222060693,77.07751276883512,Theft,None,False
2024-08-04,12:50:49,28.668951353375963,77.20228651287549,Theft,None,False
2024-09-22,00:38:58,28.711961205475983,77.12047544844687,Murder,Firearm,False
2023-01-22,12:11:13,28.6994620273035,77.10655029604445,Theft,None,False
2024-03-08,06:11:17,28.694407208016557,77.1109398925212,Kidnapping,Knife,True
2024-07-18,22:23:31,28.65309041532837,77.086470239182,Burglary,Rope,False
2024-11-20,01:45:11,28.752303979721965,77.17490942025061,Burglary,Blunt Object,False
2024-05-12,12:59:03,28.657016962349623,77.15663793726353,Fraud,None,False
2023-01-15,08:45:37,28.640301087913127,77.06365860758842,Robbery,Blunt Object,False
2024-05-20,00:19:46,28.705845156615457,77.09897695126651,Burglary,Firearm,True
2023-10-12,13:25:35,28.64472945096542,77.05874704830286,Fraud,None,False
2024-03-22,08:08:45,28.640302688749664,77.07326664651502,Kidnapping,None,False
2023-02-19,03:44:51,28.72164136418264,77.13720662722004,Burglary,Knife,False
2024-03-01,06:14:15,28.659526952310145,77.18673458331831,Assault,Knife,False
2023-01-02,03:05:23,28.67940423463975,77.17851661377311,Burglary,Rope,False
2023-12-18,12:13:30,28.694950296762606,77.15960772735816,Fraud,None,False
2023-04-11,06:54:52,28.681943671357704,77.18962804804956,Kidnapping,Rope,False
2024-04-08,00:11:53,28.75825829319994,77.12012127056387,Robbery,Blunt Object,False
2024-10-21,22:51:21,28.64960679322625,77.07118175479556,Murder,Firearm,False
2024-12-01,08:06:37,28.631511241616803,77.13241956221802,Theft,None,False
2024-02-13,17:09:00,28.68576831579767,76.99312315997746,Fraud,None,True
2023-04-07,19:49:34,28.77581699746133,77.0460639575316,Kidnapping,Knife,False
2023-12-15,14:41:41,28.739121413252207,77.14710889339298,Theft,None,False
2023-07-01,20:13:36,28.66611101101907,77.1927847900919,Cybercrime,None,False
2024-06-05,09:25:00,28.75563193140558,77.1663238274569,Fraud,None,False
2024-07-30,05:29:08,28.777434437687667,77.04124169871898,Robbery,Firearm,False
2024-04-23,02:17:54,28.73249622914808,77.10606032467128,Robbery,Firearm,False
2023-08-01,04:49:36,28.790264886232315,77.17185176642255,Robbery,Knife,True
2024-06-08,05:40:39,28.739879246725742,77.15835817297467,Robbery,Blunt Object,False
2024-11-20,03:11:23,28.787164563206495,77.02990252616603,Assault,Knife,False
2024-07-11,19:53:04,28.745259636257952,77.15943983240328,Assault,Knife,False
2024-04-25,20:56:12,28.744375962603893,77.17383645604683,Robbery,Knife,False
2024-10-06,13:18:53,28.78524169083488,77.02026692952215,Cybercrime,None,False
2024-08-18,13:43:10,28.652700372167168,77.07468656617102,Theft,None,False
2023-04-15,17:40:36,28.778223766539238,77.14365411053191,Theft,None,False
2024-01-11,17:27:36,28.782937827367483,77.02712171630137,Fraud,None,True
2023-12-15,13:51:29,28.679092584855816,77.17728116586295,Theft,None,False
2023-02-18,04:45:00,28.742709433338604,77.15054705420204,Robbery,Blunt Object,False
2023-04-04,14:39:05,28.671106061566675,77.17657755622376,Cybercrime,None,False
2024-11-08,07:00:46,28.63871189641103,77.0743469579788,Kidnapping,None,False
2023-03-09,02:24:18,28.640902597857327,77.05115872337521,Robbery,Firearm,False
2024-09-22,21:03:33,28.749478840362002,77.15304335659465,Assault,Blunt Object,False
2024-03-15,22:57:27,28.570473036344865,77.26509779600065,Robbery,Firearm,True
2023-04-06,18:09:20,28.790857947750627,77.24551727436189,Cybercrime,None,False
2023-02-11,22:18:08,28.758021281254877,77.1315630254987,Assault,None,False
2023-12-06,06:46:11,28.769453337166386,77.1438643164029,Theft,None,False
2024-03-03,19:28:22,28.666278132559977,77.18406325143955,Fraud,None,False
2024-07-15,21:44:32,28.657882298466703,77.07303287133952,Kidnapping,Knife,False
2023-05-19,16:43:31,28.653162811201764,77.05938172947126,Fraud,None,False
2023-07-07,21:51:38,28.67133924739079,77.13709436679801,Theft,None,False
2023-07-05,11:11:44,28.642799291587167,77.0713931790733,Theft,None,True
2024-09-04,15:51:49,28.68240117664495,77.18841341321173,Theft,None,False
2023-11-19,11:21:17,28.451503871823064,77.11529883636773,Theft,None,False
2023-06-18,20:10:30,28.69321461192673,77.11930256017595,Robbery,Firearm,False
2023-06-20,23:53:27,28.62866753614536,76.97002140896008,Assault,None,False
2024-08-18,02:23:45,28.78873138479975,77.02893698682269,Murder,Knife,False
2024-07-11,04:23:19,28.679846929937074,77.17579085622316,Burglary,Knife,False
2024-11-26,09:52:03,28.798259106404924,77.04251064842572,Fraud,None,False
2024-07-02,11:03:35,28.787068271085456,77.03036711586616,Fraud,None,False
2023-11-14,10:58:00,28.78934088777982,77.14175478152374,Cybercrime,None,True
2023-05-01,22:54:46,28.646485841879308,77.07292865409559,Robbery,Firearm,True
2023-02-26,17:27:48,28.688365361544065,77.16997588815515,Theft,None,False
2023-03-29,09:49:25,28.59906158926502,77.02447392745212,Theft,None,False
2024-11-10,14:26:17,28.769075754023564,77.03187251474432,Theft,None,False
2023-12-27,11:44:39,28.710101164552444,77.10228581705049,Theft,None,False
2024-08-07,04:04:12,28.65068783583871,77.21514577571293,Assault,None,True
2024-04-24,16:04:15,28.718155640320674,77.13679829673664,Fraud,None,False
2024-11-23,16:46:45,28.715642348049,77.10126758061149,Fraud,None,False
2024-09-18,07:47:10,28.91012140726247,77.05771849961283,Murder,Knife,False
2023-12-18,07:43:20,28.69407948204513,77.17275264818088,Robbery,Blunt Object,True
2024-10-17,21:11:49,28.755848490288045,77.03824678311938,Assault,Blunt Object,False
2023-03-27,18:34:17,28.71529566116981,77.09771767392142,Cybercrime,None,False
2023-11-25,00:28:44,28.733187119064407,77.03744580039584,Burglary,Poison,False
2023-12-14,00:23:48,28.793472251736667,77.02594248739362,Robbery,Firearm,True
2023-09-29,15:05:30,28.770934148447427,77.14254002893038,Theft,None,False
2023-06-14,02:35:58,28.66064372081672,77.1920155207808,Burglary,Rope,False
2024-11-22,16:49:20,28.64493563597365,77.10177626865506,Cybercrime,None,False
2023-05-07,11:06:19,28.700877588461644,77.08937391732847,Theft,None,False
2023-03-27,09:46:39,28.783330063358616,77.04514915894974,Fraud,None,False
2023-03-13,10:46:44,28.764131370033056,77.15481792762627,Theft,None,False
2023-11-26,11:48:30,28.79522268293035,77.02190481415307,Theft,None,True
2023-05-24,02:40:20,28.640845456710952,77.0664580494073,Murder,Blunt Object,False
2023-03-22,04:39:55,28.64279585173183,77.06003176669523,Murder,Blunt Object,False
2024-06-16,22:29:14,28.69209356267679,77.08168658611358,Assault,None,False
2023-06-05,01:26:28,28.652278664249497,77.06493221573253,Robbery,Blunt Object,False
2024-05-26,15:32:11,28.79429983782101,77.05877640578417,Theft,None,False
2024-06-27,07:19:47,28.666972221151724,77.18256547966637,Vandalism,None,False
2024-12-25,14:52:57,28.682641996486126,77.18018547785013,Theft,None,True
2024-11-13,00:15:36,28.762117851843286,77.14243691994407,Burglary,Rope,False
2024-12-08,10:41:27,28.7824855286683,77.03179885855923,Fraud,None,False
2023-12-25,21:31:32,28.71636389943922,77.10457627398017,Theft,None,True
2024-01-08,12:06:10,28.661560775182945,77.04902315200053,Cybercrime,None,True
2023-08-16,09:11:33,28.78539918904411,77.03429398039182,Fraud,None,False
2024-02-03,15:38:19,28.790300931975867,77.02436640063553,Fraud,None,False
2024-10-11,11:57:05,28.690944463394107,77.18262963941473,Cybercrime,None,False
2024-10-06,03:08:32,28.63322932487065,77.06233975009586,Robbery,Firearm,True
2023-12-05,17:58:41,28.780968384771196,77.06033235142249,Theft,None,False
2023-06-16,03:40:15,28.65459943599525,77.06299661355708,Robbery,Blunt Object,False
2023-12-27,11:32:57,28.69290833148008,77.19760568624815,Theft,None,False
2024-09-02,10:22:54,28.803986216032822,76.81134500806795,Fraud,None,True
2023-08-02,14:15:55,28.710529931547335,77.1027796654398,Theft,None,False
2024-05-29,10:15:52,28.69098856178213,77.11130214139625,Fraud,None,False
2024-08-16,05:27:12,28.928718801355828,77.15817959468278,Vandalism,None,False
2024-06-01,21:03:44,28.814142844225685,77.28291190919644,Vandalism,None,True
2024-10-09,12:23:52,28.665797378492798,77.16392428554833,Cybercrime,None,False
2023-11-16,07:07:26,28.790668660633095,77.0300238846356,Theft,None,False
2024-03-11,03:45:29,28.630358265476286,77.06171830063865,Murder,Blunt Object,True
2024-10-30,16:12:28,28.651375473737907,77.06101028335236,Theft,None,False
2024-12-23,05:04:18,28.77623172369265,77.03026492939705,Theft,None,True
2024-11-05,23:12:10,28.702152353469867,76.90955177373739,Assault,None,False
2023-01-05,16:06:45,28.68982250468293,76.96806595278552,Fraud,None,False
2024-04-30,20:25:24,28.680690259520212,77.16688957424414,Vandalism,None,True
2024-06-04,13:27:03,28.794226922045507,77.02840834930787,Fraud,None,False
2023-01-26,13:03:46,28.6498024293228,77.1319454597302,Cybercrime,None,False
2023-10-31,20:14:53,28.61749655547766,77.13037457541301,Cybercrime,None,False
2023-04-18,11:11:18,28.776778912253114,77.02693265487676,Theft,None,True
2024-06-14,16:51:19,28.708153541693292,77.09111419266266,Theft,None,False
2023-03-21,11:46:11,28.577666269823766,77.12732255074104,Fraud,None,False
2023-05-18,21:32:13,28.643831001475107,77.06418692744809,Robbery,Blunt Object,False
2023-02-04,22:53:05,28.707376392367216,77.10307375553808,Robbery,Knife,False
2024-12-16,17:23:31,28.79018092623967,77.0334743628698,Cybercrime,None,False
2024-12-09,21:10:56,28.684026961003248,77.0850211540534,Murder,Knife,True
2024-11-01,20:59:15,28.80337949180242,77.0325007186706,Burglary,Poison,False
2024-05-17,16:37:43,28.68360241651717,77.17904296094373,Theft,None,False
2023-10-14,14:51:33,28.67351984905606,77.1779663534573,Fraud,None,False
2023-07-30,16:08:21,28.698759273314614,77.18503242422365,Theft,None,False
2024-10-30,04:08:00,28.748751420944938,77.1359846028657,Robbery,Knife,False
2023-05-22,11:18:45,28.803837334427357,77.03086721614773,Theft,None,False
2024-05-20,10:57:06,28.711542291195617,77.11105997290308,Theft,None,False
2023-10-07,07:25:41,28.6394716947657,77.06922452775386,Burglary,Firearm,True
2023-01-28,06:01:36,28.748058617132486,77.1425957363796,Vandalism,None,False
2024-08-08,02:27:43,28.795744646925122,77.0309181062018,Robbery,Firearm,True
2023-02-16,02:58:24,28.755951283360265,77.14359209938819,Burglary,Firearm,False
2023-04-06,11:24:26,28.71047931960055,77.08693463065799,Fraud,None,False
2023-10-08,04:42:48,28.698247094686838,77.09925524842504,Robbery,Knife,False
2023-06-26,09:22:37,28.620952132709853,77.14540068480164,Theft,None,False
2023-01-09,18:31:45,28.685968930775957,77.19595184655347,Cybercrime,None,False
2024-04-17,18:50:16,28.640707952347903,77.06541965862458,Fraud,None,False
2024-02-24,10:29:22,28.648556435044902,77.06871256094203,Theft,None,False
2024-11-26,16:48:50,28.775318649269273,77.05070580268266,Theft,None,False
2024-10-06,11:35:33,28.763365201843467,77.16202649343693,Cybercrime,None,False
2024-09-13,22:47:11,28.686134600569,77.18784135942266,Robbery,Blunt Object,False
2023-06-28,20:48:55,28.601368657694902,77.0886027268445,Cybercrime,None,False
2024-12-18,04:13:42,28.627589466049383,77.06665072509699,Assault,Blunt Object,False
2024-06-04,14:56:11,28.687178634183446,77.09844776164731,Cybercrime,None,False
2023-10-11,12:45:28,28.796140011300857,77.02793005961445,Theft,None,False
2023-02-17,19:59:10,28.67888768412279,77.10469732959633,Burglary,Poison,True
2023-11-26,14:10:37,28.685700077505864,77.09983936344238,Fraud,None,True
2024-07-24,11:02:15,28.455520508771382,77.04394784381043,Theft,None,False
2024-03-05,04:48:05,28.65265189053393,77.06697266558251,Burglary,Poison,False
2023-04-22,10:40:46,28.778151796895457,77.03290798218225,Cybercrime,None,False
2023-10-21,16:35:28,28.773350104328696,77.03247656596852,Theft,None,False
2024-10-10,22:02:56,28.703403202854926,77.20095801320372,Robbery,Blunt Object,True
2024-03-17,00:46:01,28.709362213001725,77.11851441649155,Assault,Blunt Object,False
2023-05-31,00:24:51,28.694304346853656,77.0944821089205,Murder,Firearm,False
2023-01-09,15:20:13,28.707721843221048,77.09725107434365,Fraud,None,False
2023-11-18,22:59:35,28.683141495948515,77.19819685680979,Robbery,Firearm,False
2023-05-04,04:39:08,28.64742620784781,77.0635173720584,Burglary,None,False
2023-11-24,19:32:03,28.627292203750894,77.06997610245271,Assault,Blunt Object,False
2023-06-03,08:17:17,28.589732869846095,77.06069908713667,Burglary,Blunt Object,False
2023-05-22,09:45:17,28.79369575892385,77.0427975816431,Theft,None,False
2024-06-12,07:48:05,28.65744924726499,77.061608446508,Vandalism,None,True
2024-08-21,23:35:59,28.697106811267435,77.09052146254675,Burglary,Poison,False
2023-06-18,07:48:49,28.640620451789577,76.94118699810853,Assault,None,False
2023-05-03,21:54:28,28.680930625815083,77.18644523605163,Cybercrime,None,True
2024-06-05,14:33:51,28.759705292848707,77.14295595949426,Theft,None,True
2024-04-01,11:34:41,28.63214929436485,77.06303514274313,Fraud,None,False
2023-12-20,13:00:16,28.784741025649502,77.03102730172489,Cybercrime,None,False
2024-05-04,01:00:55,28.641205167308122,77.07960775777694,Assault,Knife,False
2023-09-18,06:01:06,28.7467025011793,77.29956783914666,Burglary,Rope,False
2023-07-25,01:09:33,28.686789650254315,77.19953270926018,Robbery,Firearm,False
2023-08-06,15:56:42,28.69335537233644,77.10843170991,Cybercrime,None,False
2023-02-23,14:34:09,28.749782345110066,77.1358661328864,Fraud,None,False
2024-05-14,08:51:12,28.689060031695554,77.17956307474294,Fraud,None,False
2024-06-03,12:57:06,28.77354898369733,77.02835436136752,Fraud,None,False
2023-04-06,11:32:53,28.62447758772262,77.03313020323834,Theft,None,False
2023-08-16,18:15:37,28.78188396609817,77.04980815193046,Theft,None,True
2024-08-29,10:35:44,28.697436827834554,77.11909270664219,Fraud,None,True
2023-10-24,16:41:36,28.712588367959796,77.10646271563587,Theft,None,True
2023-06-22,16:52:10,28.778912003225187,77.10386556638375,Cybercrime,None,True
2024-04-17,22:02:57,28.766960501038636,77.15816980263267,Burglary,Knife,False
2024-09-20,12:51:31,28.687453340149744,77.1054625193189,Theft,None,False
2023-12-02,15:32:07,28.681939731429924,77.17960998781399,Theft,None,False
2024-04-02,05:30:21,28.716725587271394,77.04121420053256,Theft,None,True
2023-03-07,04:05:24,28.740323743439365,77.1369962312907,Burglary,Rope,False
2024-04-10,16:44:03,28.65872932012931,77.1891904474247,Cybercrime,None,False
2023-02-14,15:14:31,28.729197182916238,77.14583520073037,Theft,None,False
2023-09-24,22:01:19,28.627534671475463,77.07428404640126,Assault,Blunt Object,True
2024-05-17,04:31:53,28.51845684500638,77.14288880947407,Assault,None,False
2023-02-23,08:33:27,28.6913683860584,77.1138240554071,Theft,None,False
2024-08-12,04:56:06,28.641923431241118,77.09293869765881,Robbery,Knife,True
2023-01-10,20:23:28,28.704477385655522,77.12692410528607,Assault,None,True
2024-05-06,04:23:02,28.707801437749616,77.05978894512674,Assault,Blunt Object,True
2023-07-20,22:27:55,28.738404853069405,77.1491147130495,Burglary,None,False
2023-07-14,13:26:28,28.746448653328905,77.15676367818973,Theft,None,True
2023-09-13,16:03:25,28.82327203024017,77.17308941961046,Fraud,None,True
2024-01-14,01:02:59,28.71342375241647,77.10421920848908,Assault,None,True
2024-07-08,18:09:17,28.61048495539251,77.02153555402964,Fraud,None,False
2024-10-19,21:14:15,28.647298879678544,77.07192763725152,Burglary,Blunt Object,True
2024-06-18,08:33:59,28.67195911913994,77.07231821944438,Vandalism,None,False
2023-04-07,22:54:14,28.692395642425026,77.09482727427641,Robbery,Firearm,False
2024-04-16,20:27:15,28.9319517315956,77.08106110680232,Fraud,None,False
2023-08-16,19:45:51,28.70885146347613,77.00645830795908,Robbery,Blunt Object,True
2023-09-21,19:51:17,28.860610340557425,77.15253332073208,Fraud,None,False
2024-12-16,22:17:38,28.666353986521145,77.17256174711143,Murder,Knife,False
2024-08-23,02:20:22,28.787172039458977,77.03294206174881,Robbery,Firearm,True
2024-11-15,06:03:40,28.79242110217221,77.03796968473128,Cybercrime,None,False
2023-08-23,00:32:11,28.671455196512312,77.1770619840454,Assault,Knife,True
2023-12-12,18:19:10,28.642500578517012,77.05699319153344,Theft,None,False
2024-10-18,17:18:30,28.642798044671952,77.0626644092862,Cybercrime,None,False
2023-06-12,04:10:25,28.7751206910662,77.038806798621,Burglary,Knife,False
2024-11-13,05:21:32,28.667057228553034,77.01831156497147,Assault,None,True
2023-08-15,10:27:21,28.668939257171814,77.12672581566204,Theft,None,False
2024-07-09,05:46:39,28.644930381998133,77.06672118114905,Fraud,None,False
2024-08-19,15:59:23,28.793083461250752,77.0455494020401,Theft,None,False
2024-06-05,10:00:59,28.70695486162688,77.09180597612765,Theft,None,False
2024-02-08,12:03:52,28.781408891974696,77.02245681615618,Fraud,None,False
2024-09-20,13:52:16,28.771068540737122,77.17237400882527,Fraud,None,False
2024-03-23,22:46:52,28.710603111974965,77.1110845884264,Burglary,Blunt Object,True
2024-02-15,05:45:47,28.786609431932366,77.03616055915462,Burglary,Poison,True
2024-05-06,07:01:41,28.544354578167088,77.09510676347432,Fraud,None,True
2023-01-03,19:47:46,28.69528846937654,77.1053135653754,Robbery,Firearm,True
2024-12-20,17:08:40,28.673503901546113,77.20196821962347,Fraud,None,True
2024-06-14,05:41:49,28.795762768872283,77.13095119825218,Fraud,None,False
2023-03-14,21:21:57,28.7814306031286,77.04926021458762,Vandalism,None,False
2023-08-01,06:40:41,28.753800453538737,77.15581673961636,Burglary,Firearm,True
2023-04-01,22:44:13,28.708324960442685,77.06208460942928,Robbery,Knife,False
2024-10-26,10:35:54,28.784465062223855,77.01288033149324,Cybercrime,None,False
2023-10-18,10:18:39,28.768622935987587,77.0359963054167,Cybercrime,None,False
2024-12-27,21:50:04,28.689781996905275,77.18598221104145,Burglary,Firearm,False
2024-11-24,16:44:15,28.632063114510334,76.95821462459327,Cybercrime,None,True
2024-02-22,14:16:11,28.76194527260476,77.14682804848985,Fraud,None,False
2023-09-25,04:34:31,28.710532354185528,77.10639865158066,Assault,Blunt Object,False
2024-03-15,22:10:59,28.678883003922547,77.18283601707354,Murder,Blunt Object,False
2024-07-28,04:45:58,28.757936443849697,77.15130545598744,Robbery,Knife,False
2024-07-11,17:55:32,28.64056934656318,77.0061500939484,Fraud,None,False
2023-03-13,06:26:11,28.68024991202029,77.10068890437596,Vandalism,None,True
2023-06-15,14:46:34,28.76929378182952,77.15980080092538,Theft,None,True
2023-03-18,01:13:24,28.676377091184758,77.17515995005711,Robbery,Blunt Object,False
2023-04-15,22:07:50,28.79407339225759,77.03130690688198,Robbery,Firearm,False
2024-06-03,10:29:26,28.861593431378907,77.00439127367054,Theft,None,False
2023-07-08,18:12:22,28.696600304720274,77.09402730055781,Theft,None,True
2023-12-30,04:49:46,28.5558881629566,77.00879553148083,Robbery,Firearm,False
2024-07-07,05:42:11,28.75513216259766,77.1453779897515,Vandalism,None,True
2024-09-24,14:27:59,28.635536246707595,77.19324273297421,Fraud,None,False
2024-11-07,16:59:03,28.53569062706526,77.16142282848867,Fraud,None,True
2024-05-16,06:10:15,28.754412145896698,77.1736737281642,Murder,Firearm,False
2024-05-01,12:45:16,28.80379574815226,77.0520395404515,Theft,None,False
2023-09-22,19:18:46,28.697079364376446,77.117527276808,Robbery,Firearm,True
2024-01-25,18:00:36,28.55651289028986,77.12158799359187,Fraud,None,True
2023-03-11,22:42:22,28.7827887953675,77.02906773931296,Robbery,Knife,False
2024-03-12,12:45:11,28.739451398444842,77.12145598605088,Theft,None,False
2023-09-26,01:25:39,28.708674007427916,77.10388975652364,Robbery,Knife,False
2023-12-22,23:04:36,28.745868140501724,77.11183651929316,Assault,Blunt Object,False
2023-04-12,01:42:41,28.747505731127838,77.15254001260237,Assault,None,False
2024-09-24,17:15:07,28.69695613440296,77.0946962339527,Theft,None,False
2023-02-18,04:41:16,28.78073849997282,77.03130576839266,Murder,Firearm,False
2023-05-01,05:41:53,28.707622530634783,77.19413788273634,Burglary,Blunt Object,False
2024-11-24,20:45:24,28.77911535917459,77.03446851926476,Kidnapping,Firearm,True
2024-04-08,20:59:32,28.755280277139438,77.14641371712534,Kidnapping,Poison,False
2024-04-25,16:01:52,28.674837407862064,77.19252721415178,Theft,None,False
2024-06-16,06:57:49,28.67596506216883,77.18476583929028,Theft,None,False
2024-02-21,07:20:19,28.747046716690573,77.17218858851206,Vandalism,None,True
2024-02-19,17:34:45,28.637616436296778,77.04582216539453,Fraud,None,False
2023-02-09,16:42:40,28.712701841202183,77.10135182960352,Theft,None,False
2024-05-26,14:12:20,28.75106958179053,77.1470444621959,Theft,None,True
2023-10-20,23:05:54,28.77281714624316,77.15604590278605,Burglary,Firearm,False
2024-09-01,02:54:24,28.649597512216452,77.06412615623583,Murder,Knife,False
2024-06-19,10:13:21,28.78680049613445,77.0464862461056,Fraud,None,True
2023-10-05,20:46:33,28.679014533877233,76.95680624544794,Burglary,Knife,False
2024-12-31,14:37:11,28.790905465422778,77.15217016122425,Theft,None,False
2023-08-28,12:58:48,28.70517979812885,77.10720753241549,Cybercrime,None,True
2024-06-07,23:06:36,28.780392557797057,77.03270692582855,Burglary,Blunt Object,False
2023-02-17,12:44:50,28.690929974614008,77.04335117429291,Fraud,None,False
2024-04-30,00:13:02,28.823017278310502,76.96127413725823,Burglary,Firearm,False
2024-05-13,13:38:17,28.777708821718132,77.16127362209207,Fraud,None,True
2023-03-09,01:12:53,28.656320244652974,77.1802583367051,Burglary,Firearm,False
2023-09-14,16:16:10,28.752414540840967,77.15641886628943,Fraud,None,False
2024-03-07,12:13:26,28.634206217292604,77.06282025343369,Theft,None,False
2024-06-01,11:39:06,28.78288880601877,77.02512381637428,Theft,None,False
2024-07-05,18:37:20,28.665332477685286,77.19168804646702,Cybercrime,None,False
2024-06-11,23:07:03,28.534441745995743,77.15028789360962,Robbery,Knife,True
2024-06-03,20:09:32,28.71207510306878,77.10031441661663,Cybercrime,None,False
2023-07-18,06:34:43,28.67462372839725,77.19413494999698,Robbery,Knife,False
2023-11-27,10:40:53,28.633614848927596,77.04233475711109,Theft,None,False
2024-11-29,16:49:34,28.65455163189007,77.21903255992234,Theft,None,True
2023-12-14,20:06:06,28.797022937468846,77.01854109765537,Vandalism,None,False
2024-02-29,10:19:29,28.794162407473117,77.04068908306348,Fraud,None,False
2024-04-22,13:17:43,28.859459481044983,77.14101080321264,Theft,None,True
2023-11-26,15:30:08,28.699673987972144,77.21702166865717,Theft,None,False
2024-10-19,12:32:05,28.761089037915017,77.1749489841415,Cybercrime,None,False
2024-09-30,20:33:08,28.68368707844962,77.18403547976425,Vandalism,None,True
2023-05-09,16:24:20,28.772358956196236,77.02669082822807,Cybercrime,None,False
2023-11-30,09:16:42,28.68974045021972,77.1003493796394,Theft,None,True
2024-12-31,14:53:36,28.793360675932327,77.03246328911521,Theft,None,False
2023-07-25,05:50:57,28.7143172526876,77.1058757373344,Assault,None,False
2023-08-04,18:45:33,28.70006907710246,77.10337625155171,Fraud,None,False
2023-09-27,21:10:11,28.75882096691055,77.15389223398464,Assault,Blunt Object,False
2024-06-07,11:49:18,28.719168422885193,77.02559498924134,Cybercrime,None,False
2023-01-09,14:20:17,28.63977023734758,77.08508460796155,Theft,None,False
2024-09-17,16:19:40,28.686384664904235,77.1677615910319,Cybercrime,None,True
2023-01-22,05:31:17,28.73043031042494,77.15326192421449,Vandalism,None,True
2023-07-30,06:06:34,28.763034728944262,77.14730058162579,Fraud,None,False
2024-04-22,20:24:55,28.764316587281982,77.15309654565007,Theft,None,False
2023-11-12,22:45:12,28.687793872027303,77.17811151761752,Murder,Knife,True
2024-05-21,17:42:15,28.63878124207098,77.05963293678197,Fraud,None,False
2023-10-30,05:53:28,28.710801672621304,77.10218604062935,Kidnapping,None,True
2023-04-30,13:09:49,28.72318776273378,77.10943825412856,Cybercrime,None,False
2024-08-22,05:41:22,28.790388138283326,77.03200495353936,Cybercrime,None,True
2024-04-20,14:23:10,28.79157546767096,77.07023922271985,Fraud,None,True
2023-05-20,22:03:54,28.786923777511994,77.02333706952997,Assault,None,True
2024-04-30,01:37:04,28.764494413922307,77.15540604697262,Robbery,Knife,False
2024-07-06,08:02:53,28.77392513063698,77.1764229838367,Murder,Blunt Object,False
2024-05-14,11:46:33,28.76173319451433,77.15318425311209,Theft,None,False
2023-07-29,08:06:20,28.634639354878747,77.07154749803259,Robbery,Blunt Object,False
2024-01-22,06:18:04,28.67620284563895,77.18788034839154,Robbery,Blunt Object,False
2024-10-14,08:03:23,28.771397873874562,77.14425576711336,Cybercrime,None,False
2024-01-24,10:12:05,28.74485695831519,77.15013574061629,Fraud,None,False
2024-12-02,21:01:59,28.71231201149752,77.10804867240215,Vandalism,None,False
2023-07-14,22:11:33,28.614531148830423,77.17815529007025,Assault,Blunt Object,False
2023-05-14,16:12:40,28.583978718110675,77.01872583256512,Fraud,None,True
2023-10-24,22:44:00,28.70294542682811,77.09696568754025,Murder,Knife,False
2024-01-11,12:57:15,28.79299859488651,77.03536378483003,Fraud,None,True
2024-11-04,21:51:13,28.771755611776275,77.15002814634646,Robbery,Firearm,False
2023-12-11,20:59:48,28.642877978489594,77.07460382609062,Kidnapping,Knife,True
2024-02-01,13:16:54,28.703190791968762,77.11744005247708,Theft,None,False
2023-10-24,09:19:39,28.709508282103844,77.07897213530116,Theft,None,True
2023-03-14,00:09:52,28.655875704141497,77.0716272681312,Robbery,Knife,False
2023-01-02,22:59:42,28.683613326061106,77.16339021621455,Burglary,Knife,False
2023-05-15,02:25:41,28.777470100387287,77.02661295166445,Robbery,Blunt Object,True
2024-07-08,17:39:47,28.665688786324395,77.19991922531895,Fraud,None,False
2023-03-03,19:09:38,28.753982321621766,77.1521343905737,Murder,Knife,False
2024-11-24,12:03:24,28.789620083103156,77.0381930166789,Fraud,None,False
2023-07-07,06:01:18,28.370610728937418,77.03786424628507,Theft,None,False
2023-10-18,03:26:43,28.562821142220873,77.14253060931549,Burglary,None,False
2024-01-27,18:07:37,28.675210758566596,77.10403875645014,Theft,None,False
2024-08-10,01:11:59,28.653314802511094,77.1794014777531,Burglary,None,False
2024-10-23,17:55:49,28.71525130251833,77.11659449483103,Theft,None,False
2023-07-12,20:26:42,28.71128863419541,77.08914534706553,Kidnapping,None,False
2024-10-12,05:03:05,28.830040180299214,77.17490022550001,Theft,None,False
2023-02-10,11:08:50,28.752928109659354,77.13224963685491,Fraud,None,True
2024-02-05,04:43:27,28.683635949506623,77.17657833670017,Burglary,Knife,False
2024-07-13,05:44:19,28.64756165821055,77.06318393860637,Cybercrime,None,False
2023-06-09,14:22:08,28.659483949844386,77.06124633014002,Fraud,None,False
2023-12-12,02:07:32,28.702588640991404,77.26036153904786,Burglary,Knife,False
2023-08-30,04:59:10,28.667517777562498,77.19064322851408,Assault,None,True
2023-09-20,15:26:19,28.672113842771214,77.17247458037996,Theft,None,True
2024-09-08,11:53:44,28.75411160986721,77.15941705113609,Fraud,None,True
2023-03-05,07:43:19,28.657637098399768,77.07724693985345,Cybercrime,None,True
2023-05-04,00:42:50,28.674623592577447,77.00377507679679,Robbery,Firearm,False
2024-08-20,19:38:20,28.750912611004225,77.1406846924667,Theft,None,False
2023-02-12,21:06:48,28.68236138005835,77.06833347163803,Fraud,None,True
2024-05-07,14:42:56,28.71137490204157,77.08044064820086,Fraud,None,False
2024-11-17,11:02:18,28.696763920539134,77.09524481695559,Theft,None,False
2024-03-26,14:12:17,28.68597127252408,77.17136155622599,Fraud,None,False
2023-10-28,11:20:57,28.67636657359649,77.1812187158558,Cybercrime,None,False
2023-01-24,03:08:48,28.794530425268363,77.03845831864511,Burglary,Knife,False
2024-03-27,11:21:52,28.675312437318205,77.17695333125413,Fraud,None,False
2023-06-27,03:16:59,28.518865749689013,77.12720856556875,Burglary,None,False
2023-04-15,09:59:53,28.709404897985298,77.08675132387526,Fraud,None,False
2023-07-05,00:47:31,28.77176305835671,77.03502329973372,Assault,Blunt Object,False
2024-04-05,22:40:34,28.67749141686208,77.17259352689908,Robbery,Firearm,True
2024-06-13,13:57:13,28.63835935286432,77.0441351116143,Fraud,None,False
2023-03-11,17:51:14,28.657872639038136,77.04950125592632,Theft,None,False
2023-07-24,22:59:59,28.679522593912484,77.18215039303847,Robbery,Knife,False
2023-03-05,15:49:01,28.65699593619625,77.05457745907225,Theft,None,False
2024-03-17,12:58:06,28.674712527103402,77.16551573090763,Theft,None,False
2024-09-28,21:21:50,28.510247316306025,77.16213335838655,Robbery,Firearm,False
2024-10-17,08:54:52,28.736249741609303,77.15021782465566,Cybercrime,None,False
2023-04-16,09:46:11,28.805229544797292,77.17716848560947,Fraud,None,False
2024-08-03,19:04:43,28.637454145120515,77.04661496863592,Assault,None,False
2023-01-22,16:44:51,28.709194948616556,77.1159225678286,Theft,None,False
2023-12-22,12:51:15,28.747477619213345,77.14446687141593,Theft,None,True
2024-09-01,22:46:37,28.77885098037131,77.03821608710808,Burglary,Poison,False
2024-09-12,13:52:35,28.826951760641492,76.97853931886195,Cybercrime,None,True
2024-09-14,01:00:06,28.689117181906752,77.12589996321933,Robbery,Firearm,False
2024-08-29,16:36:39,28.686367721210996,77.12778927956904,Cybercrime,None,True
2024-02-29,18:27:35,28.634906915938238,77.15149623094528,Theft,None,True
2023-06-22,23:35:53,28.683700608747014,77.18549796171574,Assault,None,False
2023-04-09,14:42:04,28.771508580770146,77.14923255410059,Fraud,None,False
2023-12-18,09:40:21,28.751471175269646,77.15481406351277,Theft,None,False
2024-07-18,04:33:53,28.75059616455061,77.12529472620626,Assault,Blunt Object,False
2023-03-27,21:11:20,28.57565849730449,77.13375151661957,Theft,None,False
2024-05-23,03:50:10,28.640358264151967,77.05669022985926,Robbery,Blunt Object,False
2023-05-10,12:22:56,28.707348205475324,77.00634773126708,Cybercrime,None,False
2023-05-04,06:35:16,28.63274608676127,77.03634531039997,Assault,Knife,False
2024-06-04,22:19:28,28.87882373285099,77.1580731319103,Burglary,Rope,True
2023-07-29,02:58:20,28.782932358786937,77.02582776763114,Burglary,None,True
2024-02-09,07:37:43,28.755339677179535,77.0252147112378,Robbery,Knife,False
2024-04-10,00:35:18,28.775686633716408,77.1967174303594,Burglary,Poison,False
2023-12-25,00:43:40,28.650522919936034,77.06408391955752,Burglary,Firearm,False
2023-04-22,19:55:26,28.657138741459317,77.05921462777911,Robbery,Firearm,True
2024-03-29,00:07:46,28.794951889161343,77.0286541755628,Murder,Knife,False
2023-08-30,13:01:47,28.745288586911222,77.14244287019578,Fraud,None,True
2023-10-12,00:13:45,28.597650357882706,77.16840680288026,Burglary,Blunt Object,False
2024-05-09,03:59:21,28.629825442890294,76.99919711549651,Burglary,Rope,False
2023-10-04,06:59:08,28.711237352196616,77.10577970390473,Fraud,None,True
2023-12-08,08:30:58,28.793725919828457,77.03762599511275,Murder,Knife,True
2023-05-17,00:49:14,28.62878884198027,77.11011024164686,Assault,None,False
2023-12-22,18:51:39,28.71661329907697,77.01058413415261,Theft,None,False
2023-06-15,16:08:48,28.633053750259062,77.05569278390882,Fraud,None,False
2023-04-09,20:10:14,28.664465823566722,77.05837255905779,Theft,None,False
2024-05-11,04:36:20,28.827386679138673,77.05563394905202,Robbery,Knife,False
2023-10-18,09:15:49,28.792983881954,77.1927491655558,Cybercrime,None,False
2023-05-06,21:26:08,28.799359050795204,77.1412827342009,Theft,None,False
2024-10-18,05:14:00,28.79787366578781,77.03628353969354,Robbery,Knife,True
2024-07-24,07:00:00,28.875452972934028,76.94050801968116,Theft,None,False
2023-10-30,07:16:41,28.78758286247667,77.03533323592536,Cybercrime,None,True
2023-09-20,06:04:59,28.694734801541944,77.10829584221764,Kidnapping,Blunt Object,False
2023-07-09,08:20:24,28.55509173244234,77.03708156742397,Cybercrime,None,False
2024-08-02,16:36:42,28.76410912187102,77.04808626516964,Theft,None,False
2024-03-05,18:56:23,28.68094505060547,77.31918840348163,Fraud,None,False
2023-08-15,12:15:24,28.792129499265194,77.03698098213353,Theft,None,False
2023-09-25,23:42:13,28.66823772305719,77.17203649964313,Robbery,Knife,False
2024-05-18,04:01:47,28.78932971573897,77.03178485990729,Robbery,Knife,True
2024-12-04,17:52:45,28.660707296845146,77.16733141583492,Fraud,None,False
2024-11-30,22:48:49,28.744512962708566,77.17070967225267,Burglary,Rope,True
2023-01-13,23:04:45,28.80623277918011,77.0345498914731,Robbery,Knife,False
2023-07-12,08:13:54,28.755589427962413,77.14913679628171,Vandalism,None,False
2023-11-05,13:34:41,28.694755146516904,77.11625179057607,Cybercrime,None,False
2023-02-25,04:33:39,28.77283576393897,77.1435658091416,Robbery,Knife,False
2024-02-17,13:44:50,28.643271616215756,77.0580013369929,Theft,None,False
2024-02-21,12:20:10,28.639897609251353,77.0743590825543,Fraud,None,False
2024-08-13,17:27:46,28.69098038454634,77.10716469690936,Fraud,None,False
2023-04-27,08:00:16,28.776923810730587,77.08828488263983,Murder,Firearm,False
2023-09-11,05:53:02,28.79340678269868,77.11726518405375,Fraud,None,False
2023-11-19,21:10:23,28.686271299211562,77.16727794695075,Murder,Blunt Object,False
2024-05-30,23:34:05,28.75061224738993,77.15178186857149,Burglary,Rope,False
2024-02-14,08:21:31,28.647377926155286,77.17164047266422,Assault,Knife,False
2023-02-05,21:57:45,28.62274007456412,77.19732059948234,Robbery,Firearm,False
2024-01-24,18:35:31,28.633415665368542,77.0206921012694,Theft,None,False
2024-11-24,09:26:07,28.79227485780656,77.01632089354212,Fraud,None,True
2023-02-02,15:36:20,28.76338755932556,77.02888407699932,Theft,None,False
2024-02-11,12:51:56,28.559329323192166,76.96153207053405,Theft,None,False
2024-03-10,17:33:59,28.7614433791688,77.19009738379127,Fraud,None,False
2023-01-18,16:40:34,28.782986421585214,77.21337766603072,Theft,None,False
2024-06-09,09:02:21,28.65651134320015,77.04121409791173,Theft,None,False
2023-08-10,08:02:50,28.708604119599293,77.09720391800431,Murder,Knife,False
2023-04-22,12:11:04,28.776625757540096,77.0381041463221,Fraud,None,False
2023-02-23,21:37:26,28.626797045201045,77.04498891394128,Murder,Knife,True
2024-04-03,14:51:54,28.680435727440816,77.18737786017512,Cybercrime,None,False
2023-03-27,06:06:30,28.675467326558714,77.17370086595277,Murder,Knife,False
2023-09-22,03:33:15,28.79153829634582,77.03930302892061,Robbery,Knife,False
2024-06-05,21:22:30,28.644953045150476,77.0507267895873,Burglary,Firearm,False
2023-04-14,10:25:20,28.66157516542705,77.18628336775245,Fraud,None,False
2023-08-07,12:20:12,28.83681912228018,77.06984633966238,Fraud,None,False
2023-08-19,03:03:35,28.701603270321918,77.10088310891976,Assault,None,False
2024-03-07,16:17:58,28.70684893008911,77.09668932699941,Fraud,None,False
2024-04-03,19:05:04,28.414681494242842,77.22177690016471,Fraud,None,False
2024-04-13,02:18:18,28.77204688947163,77.14637600140395,Burglary,None,False
2023-04-28,19:58:22,28.77343346631081,77.03112899477611,Burglary,Blunt Object,False
2024-11-16,02:59:22,28.685349611627124,77.2020518577163,Burglary,Blunt Object,True
2023-12-18,08:18:41,28.709563944164504,77.02323771696288,Vandalism,None,False
2023-12-26,09:53:54,28.740915905494422,77.1611563418482,Theft,None,True
2024-08-20,10:53:40,28.710095112411643,77.11310559878092,Fraud,None,False
2023-05-06,17:30:50,28.74441813249279,77.17088436899529,Theft,None,False
2023-05-26,16:09:41,28.62666305492943,77.06959601021401,Theft,None,False
2023-06-20,19:04:22,28.625004172328033,77.05459668618302,Kidnapping,Poison,False
2024-07-27,04:11:48,28.76971022930448,77.16081364254477,Robbery,Firearm,False
2023-03-31,20:15:50,28.63863779584513,77.05731162957179,Robbery,Firearm,False
2023-07-03,09:17:31,28.705106221108355,77.10764140990761,Theft,None,True
2023-06-04,19:44:10,28.82925793826827,77.05687659953915,Kidnapping,Firearm,False
2024-02-14,08:18:00,28.54292149365128,77.11819686270488,Robbery,Knife,True
2024-07-20,15:49:52,28.749525691624918,77.13949366295252,Theft,None,True
2024-08-15,13:04:19,28.64707668915313,77.06036886245907,Cybercrime,None,False
2023-11-26,10:08:49,28.6471651220647,77.05355555799812,Fraud,None,False
2023-06-12,08:05:26,28.708967105303255,77.08932901803246,Kidnapping,Poison,False
2024-05-29,17:40:00,28.621326861030344,77.07820857689129,Theft,None,True
2023-10-17,18:52:26,28.691518184149597,77.19034825368549,Fraud,None,False
2023-03-24,05:24:39,28.65487192504268,77.07667077033344,Assault,None,False
2024-10-20,07:26:10,28.74012832135811,77.10291589067559,Cybercrime,None,True
2023-05-30,16:53:17,28.846140092312986,77.2037635254402,Theft,None,False
2024-12-30,07:38:11,28.794060325033072,77.05024239618041,Fraud,None,True
2024-06-30,17:15:58,28.699906869690157,77.09751314976064,Theft,None,False
2023-06-15,22:35:42,28.67729765513482,77.18067300228078,Burglary,Blunt Object,False
2024-05-30,17:56:43,28.735950085299816,77.2587748785053,Cybercrime,None,True
2024-02-26,04:17:28,28.779318532772937,77.02945321037407,Robbery,Knife,False
2024-10-07,12:49:58,28.705843110035268,77.10021681573976,Theft,None,True
2024-05-30,12:19:36,28.654959941719863,77.17669872357301,Fraud,None,False
2024-06-23,21:58:01,28.680973732422373,77.19687546750933,Kidnapping,Knife,False
2023-12-11,07:50:29,28.66255381432462,77.1709071760077,Assault,None,False
2024-09-18,20:46:37,28.707123380271735,76.89494049351222,Assault,None,True
2024-12-05,14:27:25,28.69965029797013,77.0851395794045,Cybercrime,None,False
2024-10-19,10:23:27,28.841006129984248,77.02556688456497,Cybercrime,None,False
2024-07-01,07:16:14,28.869383418633902,77.21385213534585,Cybercrime,None,True
2023-03-23,17:00:50,28.667636827023024,77.17178040363154,Theft,None,False
2023-01-22,16:36:22,28.702164542508324,77.10145353375742,Theft,None,False
2024-12-07,05:20:13,28.73871469439524,77.02484567104699,Theft,None,False
2023-12-12,11:00:46,28.778739487352222,77.1290328055,Theft,None,False
2024-12-07,14:02:04,28.640696048432844,77.05537959344582,Fraud,None,False
2024-11-14,04:07:37,28.702251150169012,77.09433098748173,Robbery,Knife,False
2023-08-04,02:06:57,28.70994386948836,77.111043868522,Murder,Blunt Object,False
2024-05-18,21:38:38,28.646717072834765,77.08016242409671,Vandalism,None,False
2023-11-06,23:23:56,28.690855528030042,77.20295978671246,Burglary,Poison,False
2023-04-05,06:21:03,28.75639587396976,77.15011755698102,Assault,None,False
2024-08-05,07:55:37,28.692184073004878,77.0966173590832,Cybercrime,None,False
2023-12-22,21:44:17,28.73207677077282,77.00656792347812,Theft,None,True
2024-08-26,22:36:37,28.62944659616555,77.06904297393474,Robbery,Firearm,True
2024-03-30,00:31:38,28.653081238325814,77.06995635832803,Assault,None,False
2024-12-31,00:15:23,28.71959720185565,77.17922246274533,Burglary,Firearm,True
2024-04-28,10:48:09,28.775442902601714,77.1812629358955,Fraud,None,True
2023-03-24,08:13:22,28.61814591786579,76.99280482028455,Burglary,Poison,False
2024-08-16,15:23:02,28.670214307532476,77.18232615890457,Fraud,None,False
2024-03-19,20:25:26,28.641680788728678,77.04373309668662,Assault,None,True
2023-09-13,20:27:53,28.66131692612135,77.05975954011114,Assault,Knife,False
2023-07-23,14:43:49,28.721370441657697,77.22695489907632,Theft,None,True
2023-03-20,22:03:27,28.650650277304788,77.17738306128089,Robbery,Firearm,False
2024-07-02,03:55:14,28.7802288272642,77.0291368995455,Burglary,Rope,True
2024-09-08,10:30:08,28.70236513409286,77.11697134798446,Fraud,None,False
2024-08-15,06:42:48,28.77144588757272,77.19830352686289,Burglary,Knife,True
2024-05-17,18:22:17,28.708812027181093,76.96256269538546,Fraud,None,False
2024-06-19,21:09:01,28.4961302964854,76.94955922767684,Assault,Blunt Object,False
2024-11-27,20:22:20,28.75769765704166,77.15281769712698,Vandalism,None,True
2024-05-07,05:45:49,28.6830836352444,77.065642309326,Assault,None,False
2023-11-04,16:00:47,28.694217215754428,77.17427096409024,Fraud,None,True
2023-10-01,04:30:03,28.79337819456116,77.03251912936022,Robbery,Blunt Object,False
2023-09-14,05:30:53,28.78349060488214,77.04426637548617,Kidnapping,Knife,False
2024-09-04,10:55:32,28.798725303826913,77.03010450543117,Theft,None,False
2023-09-27,17:18:50,28.712092027192423,77.1061389136215,Fraud,None,True
2023-05-14,18:27:19,28.7041743713881,77.10454254942658,Fraud,None,False
2023-03-09,13:37:25,28.69721991185155,77.09943900606669,Theft,None,True
2023-01-11,10:38:13,28.748293647202473,77.1615137671643,Fraud,None,False
2024-12-21,06:22:12,28.694579888445894,76.9727285975385,Assault,Knife,True
2023-11-05,05:15:18,28.63686562776837,77.03050735354788,Kidnapping,None,False
2023-07-28,03:52:24,28.669155073981177,77.18287645065098,Robbery,Firearm,False
2023-10-28,10:15:11,28.70273864151133,77.12230154351532,Cybercrime,None,False
2024-04-24,15:43:32,28.761590604091506,77.15554518530892,Cybercrime,None,False
2024-03-13,23:04:26,28.657667309654297,77.17885357945883,Burglary,Rope,False
2023-05-09,00:43:20,28.66923337192676,77.17463918801192,Robbery,Knife,False
2024-10-05,03:12:29,28.696101193344866,77.08441877046059,Robbery,Firearm,False
2024-06-23,05:27:46,28.741341467953188,77.16124093402766,Kidnapping,Poison,False
2023-12-19,03:31:12,28.672670853080067,77.17743597581726,Robbery,Knife,False
2023-11-29,04:19:40,28.70355886653473,77.21923906787012,Robbery,Firearm,True
2023-11-14,22:10:07,28.70452105208758,77.1565374130931,Murder,Blunt Object,False
2023-01-25,13:35:41,28.695633951576117,77.09631370049254,Cybercrime,None,False
2023-12-09,23:57:48,28.707639768850637,77.12142653708338,Murder,Knife,True
2023-05-09,01:48:33,28.847077485951488,77.16078280694562,Assault,None,True
2024-03-26,20:20:56,28.719243376016074,77.24260693556272,Vandalism,None,False
2024-01-31,08:10:06,28.652046783230453,77.0395633797763,Burglary,Knife,False
2023-08-25,06:59:28,28.63356069152145,77.06588140325358,Kidnapping,Poison,True
2024-11-30,02:41:26,28.525403243444902,77.01274109952432,Robbery,Knife,False
2023-09-02,07:48:39,28.637101850563422,77.05993834093753,Kidnapping,Poison,False
2024-03-23,06:19:56,28.75122569791774,77.14960879572834,Cybercrime,None,False
2024-04-29,01:56:25,28.7923530751724,77.02984776134551,Assault,Knife,False
2023-02-06,09:36:25,28.670253698679286,77.16900827895857,Theft,None,True
2023-10-14,08:00:14,28.794343462019857,77.02578502486054,Murder,Knife,True
2024-10-25,18:18:49,28.59539696719987,77.12380905748691,Fraud,None,False
2024-11-11,11:28:56,28.627405873761695,77.04990472602057,Theft,None,False
2023-08-27,07:07:51,28.78668460174319,77.02923517376222,Assault,None,True
2024-11-13,12:20:22,28.777216093753008,77.15175171456681,Fraud,None,True
2024-11-09,18:41:47,28.79027838218879,77.01308305952509,Cybercrime,None,False
2023-05-09,21:55:47,28.665493508680854,77.17163086305084,Burglary,Firearm,True
2024-09-02,21:44:07,28.608662027669737,77.14405379938371,Murder,Knife,False
2024-03-29,07:07:47,28.807656506777743,77.13696305046346,Assault,None,False
2024-09-21,07:27:08,28.68143553764337,77.03941449612877,Vandalism,None,False
2023-12-28,12:14:34,28.81545997511865,77.30962554541549,Theft,None,False
2023-03-02,05:41:30,28.71760557047837,77.19643630640716,Burglary,None,True
2024-12-24,10:49:02,28.707533703497955,77.11005504906466,Fraud,None,False
2023-03-08,07:43:53,28.772454532218898,77.02761863719859,Burglary,Rope,False
2024-07-13,06:52:35,28.758054694400457,77.16462490944082,Kidnapping,Poison,True
2024-10-06,06:05:20,28.745918657783623,77.1321670088896,Theft,None,True
2023-02-11,16:30:31,28.654273557355875,77.20351307143483,Fraud,None,False
2024-04-05,16:11:43,28.73826104408912,77.14073080107869,Fraud,None,False
2023-02-01,20:26:51,28.755659185860512,77.1513402874724,Assault,Blunt Object,False
2023-11-13,22:05:43,28.763546648155323,76.97962732395546,Assault,None,False
2023-08-15,23:41:05,28.78085021405831,77.04445185402405,Assault,Knife,False
2023-11-25,07:21:22,28.584810380636323,77.25019122963103,Robbery,Knife,False
2024-01-20,03:38:33,28.693425830141113,77.11099381577378,Assault,Knife,False
2024-10-18,01:42:47,28.75037041489787,77.14105091742361,Robbery,Firearm,False
2024-07-06,03:02:41,28.779131009528474,77.0379492918818,Burglary,Firearm,True
2023-05-29,20:24:43,28.644031460050986,77.07368469411443,Cybercrime,None,False
2024-08-28,17:52:39,28.71845740060935,77.09066969334683,Theft,None,False
2024-06-13,09:30:34,28.578473085508964,76.97202062263793,Cybercrime,None,False
2024-11-20,01:23:05,28.69510803903952,77.1135421452082,Assault,None,False
2024-10-13,10:58:48,28.75970361950667,77.14704972427077,Fraud,None,False
2024-12-27,10:08:15,28.643988974093773,77.07654305505166,Cybercrime,None,False
2023-07-11,17:39:19,28.72318010850979,77.10509384333443,Fraud,None,False
2024-09-24,05:29:14,28.61750718815953,77.0654728709476,Theft,None,False
2024-01-11,23:39:54,28.763447481295415,77.15474632315856,Burglary,Firearm,False
2023-07-13,08:24:42,28.77675149187348,77.13820653744604,Theft,None,False
2023-10-06,20:12:58,28.691753545825183,77.09363761566637,Robbery,Firearm,False
2024-04-26,10:39:27,28.7008884781287,77.1131541477824,Theft,None,False
2023-04-25,09:34:52,28.636441159316796,77.06705902633168,Fraud,None,True
2023-08-21,00:43:56,28.757136925939214,77.1683619726508,Robbery,Firearm,True
2023-03-13,04:13:45,28.753683202218706,77.13495241581724,Burglary,None,False
2024-04-24,19:34:22,28.710568704648967,77.12388055211635,Fraud,None,False
2023-08-09,09:11:16,28.681223833448662,77.1746233840819,Fraud,None,False
2023-12-08,07:45:54,28.74328054120821,77.14297031166493,Murder,Blunt Object,False
2023-12-30,00:45:59,28.904431188038206,77.06976725594787,Assault,None,False
2024-10-12,19:24:59,28.69747356606172,77.10091563355873,Vandalism,None,True
2023-03-24,08:28:58,28.67240929513943,77.25926503597876,Cybercrime,None,True
2024-12-01,18:45:54,28.773955225089836,77.04430643231662,Fraud,None,True
2024-05-11,04:26:36,28.64532092096451,77.07457026513428,Robbery,Firearm,False
2023-11-09,15:49:49,28.71992619043734,77.10334797633914,Cybercrime,None,False
2024-03-30,06:27:07,28.70094936390401,77.10316178831866,Theft,None,False
2023-06-20,07:15:36,28.694622932799486,76.93680335442613,Vandalism,None,False
2023-05-10,17:31:45,28.859348037378506,77.12707850173813,Theft,None,False
2024-05-03,10:38:58,28.632469008149492,77.04182476679802,Theft,None,False
2023-11-28,22:28:02,28.680824007670697,77.11020480436689,Robbery,Firearm,True
2023-05-04,01:03:38,28.63791022431593,77.05795099331895,Burglary,Poison,False
2023-01-25,11:51:40,28.70898154264539,77.09733951843899,Fraud,None,True
2024-06-18,06:24:05,28.709565244160537,77.10345264064377,Cybercrime,None,False
2024-08-15,01:40:46,28.783258704168507,77.0167724959431,Burglary,Firearm,False
2024-06-30,23:21:03,28.745902686435613,77.15852535365588,Assault,Knife,True
2023-05-28,10:47:02,28.635897818513595,77.22303695557845,Fraud,None,False
2023-10-19,14:53:42,28.777564013239935,77.15906385300842,Theft,None,False
2023-07-13,09:00:07,28.68902831891365,77.18970727238296,Theft,None,False
2023-11-26,11:43:35,28.650673797732782,77.12251516648075,Theft,None,False
2023-05-03,09:39:12,28.724233209460976,77.09726446257373,Theft,None,False
2024-11-11,04:01:56,28.663706727011217,77.17115805576886,Murder,Firearm,False
2024-08-01,04:54:56,28.682347061616646,77.0021527911357,Robbery,Knife,False
2024-02-29,13:07:49,28.690840194274372,77.18466356534591,Theft,None,False
2024-10-16,09:25:48,28.80127263097605,77.07263346094204,Theft,None,True
2024-04-03,10:07:31,28.63269802802244,77.04940606054566,Theft,None,False
2023-12-24,21:10:19,28.665020082578216,77.18597525494027,Burglary,Firearm,True
2023-08-21,17:17:45,28.649298829317683,77.06853196073058,Cybercrime,None,False
2024-01-18,08:23:45,28.629213273162183,77.06249590814102,Cybercrime,None,True
2024-02-08,08:52:57,28.773839381691076,77.03651465967586,Theft,None,False
2024-09-14,11:57:55,28.758890770554977,77.14077826952973,Fraud,None,True
2024-02-06,07:53:56,28.713780296071963,77.1258882294153,Burglary,Knife,True
2024-01-03,11:38:36,28.682448357375847,77.18087165960449,Cybercrime,None,False
2024-11-30,10:36:15,28.780934542967902,77.03040936018328,Fraud,None,False
2023-11-30,05:13:58,28.63649266153223,77.06502398206652,Robbery,Knife,False
2024-06-03,21:33:35,28.63271537408846,77.04360302213402,Cybercrime,None,False
2024-09-24,07:42:46,28.726060168181355,77.1046233065776,Assault,None,False
2023-07-21,13:14:49,28.698388299835628,77.0896730337739,Theft,None,False
2023-06-17,03:49:48,28.733074402691404,77.00348249614296,Assault,None,False
2024-04-10,02:57:05,28.672710556491346,77.20014971854127,Murder,Knife,False
2024-05-04,02:14:22,28.76921897695754,76.96558673376184,Robbery,Knife,True
2023-08-13,06:47:08,28.661351484289877,77.18401819092745,Burglary,None,False
2023-12-24,21:28:14,28.66034679317941,77.16248274518766,Murder,Blunt Object,False
2023-07-02,00:52:41,28.67942372011297,77.18570935754322,Assault,None,False
2024-03-29,14:06:05,28.749159833127912,77.1288035181818,Fraud,None,False
2023-05-21,16:45:18,28.673446892883277,77.17587811452324,Theft,None,False
2024-11-05,01:49:14,28.67926134966088,77.19779883488405,Assault,None,True
2024-08-26,19:19:12,28.653977099255656,77.00042597897918,Burglary,Knife,False
2024-08-18,02:46:31,28.692748805805888,77.09383269766667,Burglary,Blunt Object,False
2024-03-04,08:02:47,28.78612598524476,77.01110372436447,Burglary,None,True
2024-07-21,03:46:05,28.678491704244323,77.18893913010297,Assault,None,False
2024-11-19,04:15:54,28.76611921640057,77.02270819563724,Murder,Firearm,False
2024-02-26,19:03:12,28.784896809798454,77.03106530269697,Kidnapping,None,True
2024-09-23,09:30:15,28.679296374682686,77.18108863178485,Theft,None,False
2024-10-28,03:36:39,28.686747695267748,77.17928830600957,Robbery,Knife,False
2024-12-20,22:11:34,28.605796701328025,76.99615581337383,Murder,Knife,False
2024-01-28,08:27:31,28.711454685092818,77.10279621141957,Fraud,None,False
2023-08-25,22:42:04,28.68043715900725,77.18863122499229,Robbery,Firearm,False
2024-02-17,00:25:03,28.623901501472364,77.05109917398977,Robbery,Blunt Object,False
2023-01-10,23:42:25,28.77389374959496,77.0243393581151,Burglary,None,False
2023-08-25,18:13:22,28.662064467342347,77.20241495946172,Fraud,None,True
2023-06-02,19:48:27,28.796084823523838,77.02957109169799,Burglary,None,False
2024-05-09,23:21:03,28.671587191386752,77.17544566275943,Murder,Knife,False
2023-06-28,13:36:18,28.704991876972386,77.10452520882734,Theft,None,True
2023-02-11,06:13:45,28.792164755550022,77.04048438725984,Vandalism,None,True
2023-01-27,05:16:12,28.68107881948931,77.10097455052363,Burglary,Knife,False
2024-03-19,03:02:10,28.6879410003089,77.17811885072696,Murder,Knife,True
2024-07-29,15:45:40,28.79549241818363,77.0294354819999,Theft,None,False
2023-12-30,18:07:36,28.721592346744195,76.9888109307601,Cybercrime,None,False
2024-07-11,19:17:38,28.594175144243348,77.17504915722631,Assault,None,False
2023-09-29,00:55:15,28.712918182802007,77.10276428906201,Burglary,Rope,True
2024-09-05,02:49:42,28.661824757573616,77.18293804556608,Burglary,Firearm,False
2023-06-21,16:10:27,28.79667234960674,77.04992866470053,Theft,None,False
2023-02-26,16:38:21,28.78093292067674,77.01590132149744,Theft,None,False
2023-02-19,22:35:05,28.65250363599555,77.05974036903545,Robbery,Firearm,False
2024-08-24,15:01:53,28.653530406415612,77.06531072225017,Theft,None,False
2023-04-24,18:14:29,28.615755589423816,77.10832443606594,Fraud,None,True
2024-02-24,19:41:00,28.83493383670543,77.08758460110329,Theft,None,False
2023-02-17,01:02:46,28.743751948365546,77.13661355831404,Murder,Blunt Object,False
2024-11-15,01:41:32,28.666378353131353,77.1783986373823,Robbery,Firearm,True
2024-12-06,15:39:32,28.652299991359175,77.05129150732188,Theft,None,False
2023-05-20,09:02:16,28.6596375188573,77.04912847789159,Theft,None,False
2023-11-15,03:41:34,28.72741486092557,77.11975518556756,Robbery,Firearm,False
2023-07-10,23:03:37,28.67551166249388,77.16602306465231,Burglary,Knife,True
2024-10-24,00:57:32,28.783545759380175,77.02863159042015,Burglary,None,True
2024-08-05,14:39:45,28.576671277694906,77.13160096272475,Theft,None,False
2023-04-10,16:11:20,28.775863568701443,77.02535094152952,Fraud,None,False
2024-07-27,08:01:14,28.702063213654277,77.09675091171295,Fraud,None,False
2023-11-28,00:57:03,28.911915661711003,77.04892853670005,Assault,Blunt Object,False
2024-09-22,17:33:06,28.708508810113944,77.1039552249221,Theft,None,False
2024-12-29,03:36:59,28.64762750225259,77.06679088403611,Robbery,Firearm,True
2023-08-31,06:27:24,28.79291361486606,77.0351644607562,Vandalism,None,False
2024-08-14,22:38:34,28.726589579488632,77.10834770684681,Robbery,Firearm,True
2024-07-14,04:08:17,28.702715821476602,77.0933820211834,Burglary,Knife,False
2024-04-28,02:36:06,28.69801316225798,77.12662673752656,Robbery,Firearm,True
2023-08-17,15:22:20,28.75812164556573,77.15430284772991,Theft,None,True
2024-01-30,19:23:19,28.680804498655146,77.09679200968041,Vandalism,None,False
2023-01-27,06:53:42,28.69856353515449,77.10563223991007,Robbery,Firearm,False
2024-05-10,22:29:48,28.681987177208587,77.12055609381976,Assault,None,False
2024-12-12,22:42:05,28.714108030433827,77.09540641090358,Robbery,Knife,False
2024-08-14,16:26:22,28.763769538091047,77.10582101798855,Fraud,None,True
2024-05-20,07:23:36,28.694311935995806,77.18033699671537,Assault,Knife,True
2023-09-16,03:17:28,28.773616458315107,77.1040353451756,Robbery,Blunt Object,False
2024-12-03,23:29:05,28.660216954916866,77.17729310904481,Murder,Blunt Object,False
2023-09-28,04:51:12,28.762904711054286,77.14817305539393,Murder,Blunt Object,True
2024-02-01,13:15:45,28.681897436851603,77.10218596983076,Fraud,None,False
2023-08-17,09:26:58,28.63317663702049,77.06381817732597,Fraud,None,True
2023-06-21,03:23:43,28.79961147081398,77.04019457310804,Robbery,Firearm,False
2024-05-13,07:59:24,28.7994665582874,77.02688487978557,Burglary,Rope,False
2023-04-22,12:08:15,28.782668336663644,77.02205563803193,Cybercrime,None,True
2023-03-30,06:27:48,28.637259565549602,77.05323115167714,Murder,Firearm,True
2024-04-14,20:50:29,28.573427703078806,77.23908566253314,Burglary,Firearm,False
2024-12-18,14:30:33,28.494903970497358,77.23951389048047,Cybercrime,None,False
2023-12-02,23:10:47,28.656560589249203,77.0674979267548,Assault,Blunt Object,True
2024-01-28,18:57:30,28.592649273190595,76.94428248885569,Cybercrime,None,True
2023-06-09,17:49:03,28.649259631873644,77.165012045634,Theft,None,True
2023-12-04,09:33:54,28.674130636374407,77.17206500504906,Theft,None,False
2024-11-15,03:44:34,28.765582047846564,77.16934383328181,Assault,Knife,True
2024-07-18,23:19:52,28.68144008359854,77.11343369035974,Assault,None,False
2023-05-29,02:45:00,28.629011513163707,77.05835613283891,Assault,None,False
2024-12-17,01:30:42,28.789204399780008,77.0360485654026,Robbery,Blunt Object,False
2024-05-23,05:59:03,28.65333321507903,77.07507564915237,Murder,Firearm,False
2023-07-12,09:59:25,28.669627892634555,77.17971535286281,Theft,None,False
2024-09-21,16:04:44,28.75833234802518,77.13282462914631,Fraud,None,False
2023-12-08,19:45:42,28.78335650485192,77.03599975535627,Fraud,None,False
2023-05-03,13:48:50,28.63839515314359,77.05770666956035,Cybercrime,None,True
2024-04-29,18:40:54,28.63959605559185,77.05770950026462,Theft,None,False
2024-03-05,13:09:53,28.674158837778503,77.18379002758014,Fraud,None,True
2024-02-23,22:04:09,28.733094856837663,77.15902880371473,Assault,None,False
2023-06-11,04:33:00,28.675100111565303,77.29579631754686,Robbery,Knife,False
2023-04-23,12:10:02,28.662183514611012,77.17382685491246,Theft,None,False
2024-12-02,12:17:08,28.702070910214168,77.10663225449687,Fraud,None,True
2023-04-27,04:44:54,28.734592326726286,77.14420899947885,Burglary,Rope,True
2023-08-06,20:03:34,28.65001320160574,77.05301876053568,Kidnapping,Rope,False
2024-02-14,11:38:01,28.717800263763763,77.09796116401152,Fraud,None,False
2023-02-14,18:14:57,28.77510626798658,77.03860244257791,Theft,None,False
2024-09-07,18:43:25,28.800176173868245,77.03666396258745,Cybercrime,None,True
2023-11-10,08:44:57,28.766704293992234,77.16926635340637,Vandalism,None,False
2024-09-12,21:03:47,28.694881413200726,77.1118839133406,Murder,Knife,False
2023-01-02,14:24:12,28.551752949069645,77.14499025317865,Theft,None,False
2024-08-07,23:08:47,28.753386821094853,77.16492950203042,Robbery,Firearm,False
2023-04-18,20:35:44,28.65582251512985,77.06819783350534,Vandalism,None,True
2024-05-23,16:55:41,28.757084278994828,77.15758368676723,Theft,None,True
2023-04-03,12:00:16,28.704717708713765,77.10188804258893,Theft,None,False
2023-08-14,07:31:43,28.848357817225246,77.25878898196783,Assault,Knife,False
2023-05-25,20:32:51,28.782683408022976,77.03487636403013,Cybercrime,None,False
2023-11-11,03:40:54,28.704916552247727,77.08638301558064,Assault,None,False
2023-08-18,05:13:21,28.75073564422388,77.16849704201049,Kidnapping,Knife,False
2024-06-16,20:24:39,28.77660224124968,77.05364543462302,Vandalism,None,False
2024-12-07,00:37:57,28.82131263095894,77.14264981505463,Robbery,Firearm,False
2023-05-21,03:32:18,28.649708432859764,77.05332793303666,Robbery,Blunt Object,True
2023-11-30,10:57:43,28.67757712477753,77.24663991103218,Fraud,None,False
2023-12-25,00:33:36,28.697954706608265,77.11311131756949,Robbery,Firearm,False
2024-11-25,02:34:06,28.74032959810563,77.14051841587525,Robbery,Knife,True
2024-05-08,17:38:37,28.663113846655865,77.0623816285376,Fraud,None,False
2024-10-11,22:57:51,28.698715001130058,77.11612740826999,Robbery,Firearm,False
2023-01-11,16:16:10,28.686558215549635,77.19170754565258,Theft,None,False
2023-02-10,08:51:33,28.778401020805877,77.02963082424064,Burglary,Rope,False
2023-01-21,03:44:07,28.787216288237246,77.03944399342149,Robbery,Knife,False
2024-12-25,23:18:07,28.653251642598146,77.11957371106207,Assault,None,False
2023-10-08,12:16:26,28.756773913007976,77.16536769756375,Theft,None,True
2023-01-17,09:08:53,28.71164465828935,77.08743198355165,Theft,None,False
2024-07-03,15:28:05,28.671963696915146,77.17321216630017,Theft,None,False
2024-02-13,22:13:06,28.789780874206116,77.04173153350506,Murder,Blunt Object,False
2023-06-04,01:15:58,28.645115559856105,77.05981872969372,Burglary,Poison,True
2023-07-15,03:06:32,28.78479169793036,77.03458919273479,Assault,Knife,True
2023-02-04,02:26:53,28.66769900348283,77.17031288899231,Assault,None,False
2023-02-28,22:52:30,28.499086095744467,77.2292182131739,Assault,None,False
2023-05-13,09:42:15,28.753736624363498,77.13875110113442,Fraud,None,False
2023-04-02,11:05:54,28.65675198887953,77.04994531990307,Cybercrime,None,False
2023-01-30,18:30:06,28.766743691241448,77.0363423191652,Cybercrime,None,False
2024-10-09,07:13:20,28.78703271375443,77.01518693190329,Fraud,None,False
2023-11-09,16:18:14,28.740052106214048,77.06247770476006,Fraud,None,False
2023-09-13,17:54:57,28.636029119402625,77.05916576291717,Theft,None,False
2023-09-10,08:23:33,28.729684714290816,77.14658625776609,Burglary,Firearm,True
2023-03-15,18:49:26,28.63367054305158,77.15821024469362,Theft,None,False
2024-02-10,21:25:34,28.78251769863489,77.0388886887368,Burglary,Blunt Object,False
2023-01-28,13:20:25,28.44914606552633,77.01859017774291,Fraud,None,False
2023-06-21,13:55:16,28.709659970515716,77.09941135369428,Theft,None,False
2023-04-08,07:16:14,28.788646053297438,76.92203970906108,Murder,Blunt Object,True
2024-07-27,01:42:46,28.791411108396893,77.02610860782217,Robbery,Blunt Object,False
2023-10-04,17:18:21,28.66673802915617,77.19241047046928,Theft,None,False
2023-03-01,10:49:30,28.82029011299565,77.20596996960873,Theft,None,True
2023-11-19,13:39:39,28.69448641925048,77.19516803608444,Theft,None,True
2023-02-26,09:20:04,28.62455634162677,77.11666381281357,Theft,None,False
2024-03-25,05:49:58,28.750498020915153,77.17279089859949,Murder,Knife,False
2024-12-07,00:22:19,28.81458699546987,77.08361198632866,Murder,Firearm,False
2024-09-23,17:30:01,28.652879097977532,77.05017801533687,Fraud,None,False
2024-01-21,13:49:45,28.676602617376453,77.17312077507397,Fraud,None,False
2023-07-09,11:06:33,28.657214077993725,77.1903453623753,Fraud,None,False
2023-06-22,17:34:26,28.794959109518757,77.14822126362121,Fraud,None,True
2024-11-14,17:53:50,28.702270329594334,77.08983641345154,Fraud,None,True
2023-05-29,15:32:03,28.69248653129283,77.09280720020261,Cybercrime,None,False
2024-09-19,20:09:35,28.70176326708275,77.11326178733606,Cybercrime,None,False
2023-10-21,23:58:59,28.714704042110785,77.08601432400388,Murder,Blunt Object,True
2024-02-21,20:04:36,28.74716766663283,77.14529838980428,Robbery,Firearm,False
2023-01-11,10:42:54,28.728784168714988,77.1581612094695,Cybercrime,None,False
2023-05-27,11:46:57,28.641638401756815,77.06136857463369,Fraud,None,False
2024-06-17,02:36:40,28.797558710583754,77.03338309013286,Robbery,Blunt Object,False
2023-12-22,14:15:32,28.66979269535034,77.18822077621006,Fraud,None,False
2023-03-13,06:38:22,28.809987184657558,77.13214675660493,Theft,None,False
2023-05-12,18:17:20,28.79099189598698,77.03104432350258,Theft,None,False
2024-04-20,17:36:08,28.7832814225364,77.033630207103,Theft,None,False
2024-01-20,05:02:34,28.628787904956734,77.04569383856304,Theft,None,False
2024-01-25,04:34:10,28.657878796418185,77.08257956095862,Burglary,None,False
2024-11-20,20:22:54,28.660021979140385,77.04926742643231,Robbery,Firearm,False
2024-02-01,05:00:35,28.769901424654147,77.02059290568056,Assault,None,False
2023-06-16,21:25:20,28.755443874418795,77.12441275407643,Theft,None,False
2024-03-01,07:58:32,28.698211984333806,77.11657099289162,Vandalism,None,False
2024-01-08,05:01:21,28.80234388307289,77.05159053494266,Murder,Blunt Object,True
2023-02-28,10:06:19,28.749766445588296,77.15817241706807,Cybercrime,None,True
2023-01-23,14:31:58,28.797626875524422,77.04918627322603,Fraud,None,False
2024-06-09,01:36:42,28.701756339782808,77.0968399027148,Burglary,Poison,False
2024-08-16,23:17:26,28.63078650558625,77.06030256251978,Murder,Knife,False
2024-10-03,18:37:07,28.674507245979125,76.97643558840115,Theft,None,False
2024-05-15,02:02:30,28.768708093763774,77.1508320678626,Robbery,Firearm,False
2023-06-14,19:37:22,28.76105719700845,77.14481929644536,Burglary,Poison,True
2024-09-12,14:20:23,28.684264243218855,77.10717331129646,Cybercrime,None,False
2024-08-26,03:26:25,28.63768872853703,77.01343318667544,Assault,None,True
2024-01-10,09:23:57,28.578394692535657,77.0749677471913,Fraud,None,False
2023-03-30,02:30:36,28.861832729705046,77.05195504786445,Robbery,Knife,False
2024-02-02,23:16:38,28.595119695583307,77.16769334010301,Assault,None,False
2023-08-23,01:54:34,28.78582812279771,77.01130698632313,Robbery,Knife,False
2024-04-21,19:55:29,28.77033463197533,77.31534677685016,Murder,Blunt Object,False
2023-04-22,11:58:54,28.72809464072571,77.14014293975978,Cybercrime,None,False
2024-02-23,00:07:19,28.725614729113484,77.15174695579259,Burglary,Blunt Object,False
2024-03-25,18:37:09,28.79400386236611,77.03355500749798,Theft,None,False
2024-04-27,19:50:18,28.768019956981128,77.1608055029033,Burglary,Rope,False
2023-10-19,22:52:39,28.874314732350218,77.21852107681072,Burglary,None,False
2023-01-30,05:26:26,28.700070569313905,77.10316726456236,Cybercrime,None,False
2024-12-17,04:52:23,28.617232308451904,77.0794343831132,Murder,Blunt Object,False
2024-09-20,15:33:32,28.704718316720182,77.10165092676465,Fraud,None,False
2023-06-06,03:50:53,28.797522535263035,77.02919831937494,Burglary,Firearm,False
2024-12-10,19:52:57,28.694779135864426,77.09380388965097,Vandalism,None,False
2024-03-09,20:27:47,28.710651002716226,77.08846861591911,Murder,Blunt Object,False
2024-11-14,14:15:49,28.752088138298493,77.16577500245455,Cybercrime,None,False
2024-01-18,16:58:33,28.787025984457408,77.03175394610882,Cybercrime,None,False
2024-04-10,07:10:21,28.700508959636156,76.9995435407773,Vandalism,None,True
2024-04-07,21:02:54,28.665528652895652,77.18054818327086,Cybercrime,None,False
2024-03-10,03:03:12,28.78681273030109,77.04198150011804,Robbery,Firearm,False
2024-05-07,14:39:43,28.713356061717143,77.23777741757543,Theft,None,True
2023-10-18,21:55:28,28.720151980152096,77.11045267212482,Cybercrime,None,False
2024-08-14,16:24:52,28.82659814080559,77.0034286478612,Theft,None,False
2024-01-11,21:14:17,28.66260801065312,77.1876797337629,Fraud,None,False
2024-05-26,03:58:55,28.569979018813296,77.07346281559842,Burglary,None,False
2023-09-30,01:25:06,28.651811919053298,77.07663372924685,Burglary,None,False
2023-12-19,04:07:52,28.678678434971193,77.03750557046924,Robbery,Knife,False
2023-10-17,10:10:13,28.736146162151158,76.99514565564762,Theft,None,True
2024-08-25,03:41:17,28.75236721351707,77.15241999951724,Assault,Knife,False
2024-09-27,15:16:49,28.67382016007329,77.18338503473818,Cybercrime,None,False
2024-04-10,18:21:43,28.620648514442784,77.02980070073816,Fraud,None,False
2024-01-24,07:34:19,28.636628837389676,77.04629905660805,Cybercrime,None,False
2024-06-13,06:20:48,28.67751830321846,77.19144657451693,Murder,Firearm,True
2023-02-17,01:37:36,28.783731008285354,77.07625031395393,Burglary,Poison,False
2023-05-04,13:29:17,28.66598994760536,77.18994314642363,Cybercrime,None,True
2023-01-16,02:39:15,28.680489230223746,77.18467420642436,Robbery,Blunt Object,False
2024-08-24,09:18:13,28.87853112524233,77.0998574478633,Fraud,None,False
2023-10-10,14:04:35,28.67153110016075,77.17850182668926,Theft,None,True
2024-03-17,23:17:53,28.738491222935192,77.15911339964143,Burglary,Blunt Object,False
2024-07-15,12:04:27,28.693551463284223,77.15349312413568,Cybercrime,None,True
2024-01-19,17:05:30,28.80251878002091,77.02859248230097,Fraud,None,False
2024-09-25,06:38:20,28.760719912832084,77.03731070369513,Burglary,Knife,False
2023-02-23,00:40:16,28.72078593898927,77.02925461240288,Assault,Knife,False
2024-09-30,17:24:54,28.74382663356215,77.18110963201045,Fraud,None,False
2023-10-06,04:56:03,28.774633900897882,77.02948668138598,Burglary,None,True
2023-05-28,00:02:47,28.798867537298488,77.02528377808773,Assault,Knife,False
2023-06-27,02:27:50,28.71076697554138,76.84005888339561,Murder,Firearm,False
2024-10-19,01:00:07,28.659281544989188,77.18407517497333,Murder,Blunt Object,True
2024-09-17,14:07:08,28.82689878095856,76.96629703179991,Theft,None,True
2024-05-10,03:57:26,28.71155640620605,77.06492820909463,Robbery,Firearm,False
2023-08-20,14:27:47,28.713630880549925,77.09032196694677,Cybercrime,None,True
2024-11-21,23:01:07,28.74710776483675,77.03713093130038,Assault,None,False
2023-08-19,15:21:42,28.756330380248265,77.15318931052309,Fraud,None,False
2023-02-09,19:46:34,28.641582209258576,77.0672781184627,Fraud,None,True
2023-04-13,08:39:04,28.644536527343032,77.06117193697924,Theft,None,False
2024-01-26,08:36:02,28.700535834659775,77.10327598389746,Murder,Knife,False
2024-06-26,19:55:06,28.72630435481461,77.00358579199194,Robbery,Knife,False
2023-05-29,09:28:07,28.700605287620828,77.0919481405537,Fraud,None,False
2024-08-03,11:00:48,28.673701545772193,77.17657667795146,Cybercrime,None,False
2024-11-17,17:00:23,28.761807831479814,77.15922726977757,Cybercrime,None,False
2023-04-02,21:51:36,28.664872514364355,77.18247692654602,Fraud,None,False
2023-08-30,21:15:06,28.650485165792485,77.06074691679837,Burglary,Poison,False
2024-05-09,14:00:06,28.696817824751946,77.09157596471955,Theft,None,False
2024-02-06,12:22:01,28.762642675615783,77.16152713148286,Cybercrime,None,True
2024-04-15,05:27:45,28.683305240112595,77.17911375845267,Fraud,None,False
2024-11-05,02:45:21,28.754447894701144,77.0457755465071,Assault,Blunt Object,False
2023-03-05,21:56:37,28.688405519472283,77.11667765607996,Theft,None,False
2023-03-31,14:22:08,28.700894822763342,77.11645707481868,Fraud,None,False
2024-09-07,03:00:07,28.598026837604447,77.24994603266069,Burglary,Knife,True
2023-03-31,20:26:16,28.75806270920945,77.15872664215918,Kidnapping,Poison,True
2023-06-13,17:24:29,28.671179543667108,76.97167808021037,Theft,None,True
2024-03-25,14:19:45,28.79715107655361,77.13364083511894,Theft,None,False
2023-07-10,09:59:53,28.65771623458309,77.06056223679785,Theft,None,False
2023-01-25,09:02:35,28.66217686211011,77.24130882366404,Cybercrime,None,False
2024-11-23,20:38:34,28.773218941644977,77.15259347176367,Kidnapping,Poison,False
2024-08-22,06:29:11,28.77657242503143,77.04060530762791,Murder,Firearm,False
2024-03-18,03:07:16,28.671559794338293,77.18849262825401,Assault,Blunt Object,False
2023-02-23,21:30:55,28.641507240256214,77.07814014018211,Cybercrime,None,False
2023-10-12,19:40:29,28.634151049494932,77.1505529662522,Fraud,None,True
2023-06-22,12:41:15,28.69921298029768,77.09968493438579,Cybercrime,None,False
2023-10-29,07:59:14,28.749979443452396,77.15988608066094,Burglary,None,True
2023-06-24,10:10:13,28.79593631149339,77.15827388289324,Theft,None,True
2023-03-20,18:37:55,28.693301653325474,77.11651800310017,Theft,None,True
2024-04-07,18:41:21,28.763077215684596,77.16179311587209,Theft,None,False
2023-07-24,12:23:02,28.435072436864647,77.07527778282274,Theft,None,False
2023-06-03,09:39:12,28.641857412085606,77.06919252564126,Theft,None,True
2024-12-08,13:02:00,28.697422918228927,77.17441833809494,Theft,None,False
2024-01-19,21:08:00,28.693313392289696,77.10510054515461,Burglary,Firearm,False
2024-05-05,23:48:59,28.653102056534507,77.04775617130682,Assault,None,True
2024-08-12,22:24:11,28.69923643468209,77.19440885932868,Burglary,None,True
2023-05-27,03:07:41,28.704235330246565,77.01965918927613,Burglary,Knife,False
2023-03-15,13:56:29,28.67234914849726,77.18333802359612,Theft,None,False
2024-05-01,06:35:09,28.748166255681205,77.25256608494601,Cybercrime,None,True
2023-03-23,01:22:42,28.77933901530557,77.03812709837574,Assault,None,True
2023-01-14,20:00:36,28.631175708374002,77.05836399285674,Assault,Knife,True
2024-08-15,03:09:18,28.741771684786936,77.17162624910088,Robbery,Firearm,True
2023-09-01,19:30:43,28.62877675233354,77.05842083039882,Murder,Blunt Object,False
2023-09-11,03:17:27,28.850155663558354,77.21869086196281,Burglary,Rope,False
2023-08-25,02:54:02,28.676184572170524,77.1601335484678,Robbery,Knife,False
2024-06-25,16:23:58,28.955213254769003,77.10050684383428,Cybercrime,None,True
2023-11-06,05:07:22,28.750974329419787,77.14727640074146,Assault,Blunt Object,False
2024-08-24,00:15:01,28.757863670371993,77.15636582589171,Robbery,Blunt Object,False
2023-06-11,16:46:08,28.793606278731264,77.02323937835652,Cybercrime,None,True
2024-06-26,13:24:27,28.670975051218587,77.20280545723224,Theft,None,False
2024-08-24,22:29:27,28.726559063325,77.08524756266733,Murder,Firearm,False
2023-03-11,08:13:14,28.60993822344163,77.15309343058208,Robbery,Blunt Object,False
2023-09-14,19:33:27,28.794410182170424,77.0412458764581,Kidnapping,Rope,True
2024-01-03,09:12:08,28.678219913639108,77.13862522833637,Theft,None,False
2023-09-24,09:18:10,28.660816594366487,77.07320882292171,Theft,None,False
2024-10-30,18:25:57,28.625683725780668,76.84789949353785,Cybercrime,None,False
2023-01-10,19:08:00,28.733777250708425,77.18235681267485,Vandalism,None,False
2024-03-30,03:29:43,28.74320775508127,77.15241210477878,Murder,Blunt Object,False
2023-09-07,02:55:11,28.78146300934127,77.03354286322234,Robbery,Blunt Object,False
2024-12-15,00:24:16,28.668653037128802,77.19540510997628,Burglary,Blunt Object,False
2023-12-13,09:08:04,28.718896888063277,77.01459831138354,Theft,None,False
2023-12-05,08:35:56,28.795846215359372,76.97608124040083,Vandalism,None,True
2024-03-21,19:32:53,28.832549437753514,77.20160594242226,Assault,None,False
2023-03-23,04:04:36,28.71799775295321,77.10091753627559,Robbery,Blunt Object,True
2023-06-04,04:09:26,28.65448860202166,77.11090217609332,Murder,Knife,False
2024-03-07,21:08:26,28.783255632136445,77.02597263714438,Assault,None,True
2024-12-13,12:33:34,28.648737668587437,77.06586271527335,Fraud,None,True
2023-04-28,22:22:32,28.692399963135603,77.109279632896,Robbery,Firearm,False
2023-12-16,04:13:23,28.6988702862429,77.07166215307664,Burglary,Blunt Object,False
2023-07-05,08:41:32,28.593064583905832,76.98646270223325,Theft,None,False
2023-03-08,22:27:22,28.693459140507223,77.1762274253714,Robbery,Knife,False
2023-10-28,05:58:09,28.76515283942093,77.11876344699003,Kidnapping,Knife,False
2024-04-20,04:20:42,28.42658115388919,77.28174508231386,Burglary,None,False
2024-10-28,10:47:34,28.772508397877612,77.02573298456953,Cybercrime,None,False
2024-12-05,21:07:06,28.701263349557042,76.98758166325963,Theft,None,False
2024-06-30,23:48:31,28.80236220478461,77.0234234229176,Burglary,Knife,False
2023-08-02,11:59:37,28.651791600330533,77.02954389218525,Fraud,None,False
2023-04-27,08:34:56,28.712137940020916,77.23953165001394,Assault,None,False
2024-01-17,09:46:20,28.883037444909515,77.06260038557778,Theft,None,False
2024-08-03,07:59:15,28.677882589823177,77.18331905412604,Kidnapping,Firearm,True
2024-07-18,18:48:17,28.664283907355557,77.20672555574596,Fraud,None,False
2024-04-29,17:32:45,28.840375956229625,77.12141158497111,Fraud,None,True
2024-05-24,04:23:45,28.71991876093499,77.11462106712719,Burglary,Poison,False
2024-01-20,22:44:21,28.75491861341082,77.15575963605329,Burglary,Blunt Object,False
2024-01-04,07:56:08,28.855312614237665,77.00788464188703,Burglary,Poison,False
2023-09-30,17:43:44,28.660836906973216,77.06024887439315,Theft,None,False
2024-12-11,09:41:54,28.799346767428474,77.03244773402538,Cybercrime,None,False
2024-06-14,21:37:41,28.67747606222473,77.18215691643428,Murder,Firearm,False
2024-02-11,21:11:07,28.63878156377189,77.05979945101856,Assault,None,True
2024-05-16,06:21:58,28.717891114031687,77.07935836017329,Robbery,Knife,False
2023-06-18,01:18:11,28.580203405519516,77.0299528290642,Burglary,Firearm,False
2024-04-03,05:59:05,28.773316552075638,77.04759979610417,Assault,Blunt Object,True
2023-03-20,19:50:43,28.766676769778535,77.15842031809395,Fraud,None,True
2024-03-17,09:51:21,28.637721959325226,77.07585051866793,Cybercrime,None,False
2023-02-02,13:09:10,28.688218700740045,77.12391982640149,Fraud,None,True
2023-02-17,10:47:16,28.777253702028222,77.0298796477816,Fraud,None,False
2023-08-30,04:24:12,28.749806561495053,77.14176892585901,Burglary,Poison,False
2023-03-07,14:07:12,28.803351131239367,77.04038894630786,Theft,None,False
2023-11-17,12:54:41,28.82564705420798,76.98013307279393,Theft,None,False
2023-08-24,15:22:42,28.7221937827004,77.15460286893315,Theft,None,True
2023-07-08,08:07:17,28.731175652354985,76.9864626548932,Kidnapping,Knife,True
2024-11-04,04:52:21,28.71485500021131,77.10371550082786,Murder,Firearm,False
2024-08-10,02:31:36,28.6086035964357,76.91697494604475,Robbery,Blunt Object,False
2024-04-09,03:07:36,28.6501666651349,77.08700455734132,Burglary,Firearm,True
2024-03-05,01:52:01,28.69394745726654,77.10420447050413,Assault,None,False
2023-08-11,01:16:54,28.81514972790916,76.97553477338988,Burglary,Blunt Object,False
2024-06-23,12:15:38,28.69930043230915,77.0938984122074,Fraud,None,False
2023-10-08,11:49:39,28.683946766948246,77.19575522569355,Fraud,None,False
2024-05-03,07:33:51,28.64569036264732,77.05408265931005,Assault,None,True
2023-10-06,16:36:49,28.749672090620724,77.14619501485754,Theft,None,False
2023-06-05,08:34:36,28.606373113837698,77.09229617991816,Murder,Blunt Object,False
2023-05-04,04:34:41,28.75984826484462,77.15740257444429,Burglary,Rope,True
2023-01-04,03:57:15,28.754017676354305,77.15307053836825,Robbery,Knife,False
2023-04-15,19:29:33,28.703284492049104,77.08952788460834,Cybercrime,None,False
2023-12-23,15:08:59,28.675701348969827,77.17666374414546,Cybercrime,None,False
2023-02-08,22:59:55,28.660626567808404,77.18620705567116,Robbery,Knife,False
2024-12-21,13:22:32,28.667982699635814,77.18477753921259,Theft,None,False
2023-11-25,12:47:54,28.652576378150695,77.05299761278854,Fraud,None,False
2023-05-10,05:32:48,28.7133121282073,76.92145771182697,Vandalism,None,False
2024-02-01,01:17:43,28.689425330906094,77.16890933503112,Robbery,Knife,True
2024-10-23,05:36:42,28.748951803376027,77.16588379903764,Fraud,None,True
2024-07-22,03:34:25,28.781754770739187,77.02052602313701,Robbery,Firearm,False
2023-02-28,02:06:02,28.791230732322862,77.03940532462153,Robbery,Knife,False
2024-07-19,09:06:10,28.74776813660635,77.1472507347922,Theft,None,False
2024-09-03,11:25:43,28.77974591029382,77.03042976039315,Cybercrime,None,False
2024-01-05,13:25:08,28.51480289230782,77.0843576138882,Theft,None,True
2023-01-18,01:39:10,28.80193914198183,77.02354030032765,Murder,Knife,False
2023-01-27,10:41:41,28.698265064065303,77.09066382336805,Theft,None,True
2024-03-16,06:00:26,28.680221619263953,77.19453197358143,Murder,Firearm,True
2024-04-15,04:58:37,28.765903178391778,77.14001989411106,Assault,None,False
2023-07-11,00:53:24,28.64909791730497,77.07683750034214,Burglary,Knife,False
2023-03-28,21:48:21,28.755066310771014,77.15034096833439,Vandalism,None,False
2024-05-01,07:40:56,28.69938357421365,77.10470109823794,Murder,Firearm,False
2023-06-02,07:34:13,28.82773181797064,77.13532089684288,Theft,None,False
2023-04-12,23:12:39,28.6616172524397,77.17793958325714,Robbery,Knife,False
2024-05-24,18:42:52,28.716192795388892,77.10574743320352,Cybercrime,None,False
2023-06-16,11:41:05,28.78529062078243,77.02695984466754,Fraud,None,False
2023-11-28,23:08:03,28.822959918053442,77.26874125978223,Assault,Blunt Object,True
2023-10-26,09:02:04,28.766731891230183,77.16692591621445,Theft,None,True
2024-05-19,04:37:46,28.70051293759234,77.09749830902626,Assault,None,False
2023-02-03,15:31:01,28.672536548265008,77.18288573241976,Cybercrime,None,True
2023-11-02,10:55:54,28.847201978012524,77.21908867394684,Fraud,None,False
2024-12-07,01:48:48,28.75794693872545,76.95938132341531,Burglary,Rope,False
2024-05-23,12:05:10,28.627219781554032,77.06490462744802,Fraud,None,True
2023-01-18,19:16:00,28.792902632056006,77.03170432951015,Vandalism,None,True
2023-07-26,20:51:19,28.895590450497842,76.99425589562196,Kidnapping,Poison,False
2023-01-07,22:50:40,28.772016480505044,77.02585719025527,Robbery,Knife,False
2024-09-09,14:09:43,28.633870278680877,77.1551285868682,Theft,None,False
2024-04-30,14:57:38,28.779882881481562,77.01702159538722,Fraud,None,True
2024-02-10,19:57:57,28.79301578456695,77.01490048073929,Assault,Knife,True
2023-08-31,10:03:54,28.693387817769892,77.08627293429257,Theft,None,True
2024-01-07,09:31:59,28.786171212770707,77.03436047712152,Fraud,None,True
2023-07-01,21:27:44,28.80326454321016,77.04163826656146,Kidnapping,None,False
2024-08-12,08:54:25,28.688516461833423,77.18538609651299,Fraud,None,False
2023-04-16,04:29:11,28.634330681789095,77.06378107601994,Robbery,Firearm,True
2024-02-03,00:57:28,28.79002421007387,77.03953807382253,Robbery,Firearm,False
2023-01-22,22:34:54,28.63937587855892,77.06738786473782,Burglary,Blunt Object,False
2024-03-01,13:41:16,28.74476972029159,77.14206722405889,Cybercrime,None,False
2024-05-19,16:22:13,28.59252152886145,77.10496259885569,Cybercrime,None,True
2024-10-14,10:46:07,28.772321636449234,77.02825255610131,Theft,None,False
2023-07-17,02:56:07,28.794391655141396,76.99958703219218,Burglary,Rope,False
2024-12-03,02:42:32,28.63905687966496,77.06321631276776,Assault,Blunt Object,True
2023-08-11,19:45:33,28.756568869015325,77.14750709409195,Cybercrime,None,False
2023-01-27,01:13:25,28.711968600687353,77.10840452300785,Murder,Knife,True
2024-12-08,14:40:14,28.81808566043617,77.0943398075653,Fraud,None,False
2024-12-11,15:09:26,28.652818119054366,77.0342367977988,Cybercrime,None,False
2023-11-02,07:16:45,28.707170275179294,77.09872844217189,Assault,Knife,False
2024-07-09,07:47:03,28.698408302223193,77.09801712735755,Assault,Knife,True
2023-05-24,10:40:57,28.66726309514876,77.18449021112764,Fraud,None,True
2023-02-25,13:06:17,28.769974168174556,77.03553016292476,Theft,None,False
2024-06-13,21:53:37,28.71086548760403,77.09669120861824,Vandalism,None,False
2024-06-11,10:15:46,28.663320369396068,77.06267621310977,Theft,None,False
2024-05-13,06:28:42,28.54796570169001,77.07437570936634,Kidnapping,Rope,True
2023-08-26,13:25:28,28.784726561449357,77.03698967555572,Fraud,None,False
2023-02-06,07:26:40,28.751525694758893,77.14238429724296,Burglary,Knife,True
2024-09-14,04:56:25,28.743150193818877,77.14596400714818,Robbery,Knife,False
2024-05-17,08:20:30,28.748522246374815,77.141150258351,Vandalism,None,False
2024-01-08,12:53:08,28.776771868388963,77.03909458524441,Theft,None,True
2024-12-21,16:59:01,28.770584126076947,77.16005461713871,Cybercrime,None,False
2023-04-04,10:57:15,28.83468610861868,77.19991184682338,Theft,None,False
2023-08-21,14:59:48,28.792431303283983,77.02912203736943,Theft,None,True
2024-10-06,03:16:09,28.718191087838694,77.0604380657544,Robbery,Knife,True
2024-10-21,14:18:35,28.641908928376665,77.06318167100386,Cybercrime,None,True
2024-11-03,21:26:44,28.79123566151579,77.03673323381517,Cybercrime,None,False
2024-06-22,21:34:38,28.687917073698564,77.10805387408918,Kidnapping,Blunt Object,False
2024-05-18,12:20:04,28.648434636741936,77.06917394438058,Fraud,None,True
2023-03-13,00:14:35,28.68891004836743,77.09172611036102,Robbery,Firearm,False
2024-02-24,12:31:37,28.814831053393934,77.0964130430069,Theft,None,False
2023-07-16,11:11:30,28.77985923406633,77.02986500527075,Fraud,None,True
2023-02-01,00:53:30,28.751462946944237,77.15807937781524,Robbery,Firearm,True
2024-04-05,16:49:39,28.593298360601924,77.10497777464968,Theft,None,True
2023-05-17,13:35:21,28.676561177294502,77.18646267916566,Fraud,None,False
2024-04-27,19:48:28,28.72638639962103,77.15409062303141,Cybercrime,None,False
2023-05-13,18:18:41,28.74837303848942,77.14308197267675,Theft,None,False
2023-06-29,17:42:21,28.698670044432504,77.17948735315426,Theft,None,False
2023-09-20,02:00:04,28.702255455293454,77.10927840097719,Burglary,Firearm,False
2024-11-18,03:08:24,28.720060892921943,77.09705471883066,Robbery,Knife,False
2024-06-21,10:43:33,28.664111847318104,77.17007846649209,Fraud,None,True
2023-08-30,19:20:13,28.690031062215027,77.1721189301354,Burglary,Blunt Object,False
2024-10-22,12:31:49,28.78382444063484,77.02272715167959,Theft,None,False
2023-07-20,01:40:24,28.629616440820417,77.05957624646906,Burglary,Poison,False
2023-06-15,09:58:26,28.69472213333659,77.09558371574578,Cybercrime,None,False
2024-05-23,02:09:58,28.90471050974174,77.14498961041724,Robbery,Knife,False
2024-02-04,07:37:44,28.793414695195537,77.0407465956285,Murder,Firearm,False
2023-12-13,20:40:03,28.67309139076921,77.17810281640622,Robbery,Firearm,True
2023-05-11,06:01:20,28.78658934611861,77.03418450769934,Robbery,Blunt Object,True
2023-12-30,19:40:49,28.698411945828347,77.10379847830467,Vandalism,None,True
2024-07-28,19:10:46,28.667036702933036,77.1807854206936,Fraud,None,False
2023-06-27,08:27:14,28.70074716525483,77.08981127407395,Burglary,Knife,False
2024-11-03,21:19:24,28.62058841786888,77.0531093675006,Kidnapping,Rope,False
2024-08-12,10:25:08,28.80214104664586,77.02940318217965,Theft,None,True
2024-02-16,19:52:25,28.681859681608962,77.16125554856907,Robbery,Firearm,True
2024-10-31,07:48:47,28.603271393203567,76.96705103826378,Burglary,Firearm,False
2023-07-12,02:03:45,28.67207699989913,77.20671955480536,Burglary,Firearm,True
2024-03-25,13:02:16,28.64870238943228,77.07945612533278,Theft,None,False
2024-11-27,09:58:18,28.678656327231433,77.23898693738552,Cybercrime,None,False
2023-05-06,16:04:40,28.91142567066829,77.09156309335896,Fraud,None,False
2023-07-18,00:11:03,28.650173528877264,76.97071890630099,Robbery,Firearm,False
2024-04-11,14:16:33,28.673193974142304,77.11068966752009,Theft,None,True
2024-01-16,20:30:50,28.907195361734914,76.9730026025904,Robbery,Knife,False
2024-03-25,05:16:51,28.754696618936972,77.13435691878611,Vandalism,None,False
2023-08-10,15:48:27,28.749832371711616,77.15561395357412,Theft,None,True
2023-11-08,17:36:40,28.759225831526887,77.15839023079643,Cybercrime,None,False
2023-06-27,04:34:11,28.743840403288687,77.16054219400964,Burglary,Rope,False
2024-07-31,14:45:42,28.754557391290028,77.14202133694012,Fraud,None,False
2023-10-25,03:35:08,28.765583430363197,77.02703312178264,Burglary,None,False
2023-01-29,18:53:49,28.752753845669368,77.16503931797176,Theft,None,False
2024-11-11,22:02:29,28.75309398324844,77.15053430965784,Robbery,Firearm,False
2024-02-12,03:53:46,28.74265271268418,77.07549880125488,Burglary,Poison,True
2024-09-22,16:51:31,28.785154199894695,77.3004333618384,Fraud,None,False
2024-12-13,02:54:14,28.726007855142107,77.10347040627245,Robbery,Firearm,False
2024-04-15,18:54:28,28.707468923646953,77.11828856120374,Fraud,None,False
2024-12-11,21:16:58,28.782600379771036,77.03929192141925,Robbery,Knife,False
2024-03-19,17:11:21,28.77274839870314,77.02939160851726,Theft,None,False
2024-07-01,12:00:35,28.715661146166454,77.09531804366213,Theft,None,False
2023-07-26,20:16:04,28.752819488212705,77.13675790354398,Kidnapping,Knife,False
2023-03-03,02:24:09,28.804157682945096,77.04513028069819,Assault,None,False
2023-03-27,13:23:15,28.722909956615275,77.15325128720823,Cybercrime,None,False
2024-07-24,12:22:35,28.708058981069435,77.11634311753032,Theft,None,True
2024-07-01,17:50:15,28.668911999576284,77.18982267619928,Theft,None,True
2023-04-30,09:11:20,28.79487416498852,77.04465325970477,Fraud,None,False
2024-04-08,13:38:07,28.47816291161683,77.0425725521735,Theft,None,True
2024-08-08,11:31:19,28.66390829378698,77.18399588285571,Theft,None,False
2023-10-22,06:42:43,28.623939697804857,77.04204377109055,Fraud,None,False
2024-08-24,22:31:25,28.695800949918763,77.18867689388264,Robbery,Firearm,False
2024-10-12,23:05:32,28.71620092431988,77.13886726478391,Burglary,Firearm,False
2024-03-08,19:54:58,28.755563409237492,77.16247350656552,Murder,Firearm,False
2024-10-07,02:15:28,28.77777555807936,77.03436614826074,Robbery,Knife,False
2024-07-02,22:21:39,28.726842126793773,76.99781420415417,Burglary,Knife,True
2023-10-30,16:56:42,28.766869830590633,77.14804323260098,Theft,None,True
2024-02-10,06:41:53,28.71427421669809,77.10364912726372,Fraud,None,False
2023-06-14,05:29:02,28.867458483240906,76.99836209114785,Kidnapping,Poison,False
2023-06-22,04:19:28,28.663252411984896,77.17344304408996,Assault,Blunt Object,False
2023-05-13,15:59:53,28.675432955505144,77.19791468395779,Cybercrime,None,True
2024-01-13,09:58:58,28.690030936181653,77.15940031399562,Cybercrime,None,True
2024-05-24,07:47:15,28.706597071612226,77.07037046389486,Theft,None,False
2024-04-28,09:17:58,28.652050317937853,77.07368169414895,Theft,None,True
2024-12-21,18:48:19,28.700075572530782,77.11089815774949,Theft,None,False
2024-07-31,09:28:45,28.644836388929406,77.0546555808126,Fraud,None,False
2023-02-22,10:07:52,28.74727057853215,77.07935919983468,Cybercrime,None,False
2023-11-02,04:56:16,28.713402917092896,77.10136373065481,Burglary,Poison,True
2023-03-13,15:37:14,28.617997689351174,76.94891353291345,Cybercrime,None,False
2024-06-19,01:03:59,28.685459351749444,77.11562509343955,Robbery,Knife,False
2024-12-10,19:19:13,28.63952210647141,77.06588574190081,Vandalism,None,False
2024-08-15,16:07:05,28.88242298917445,77.04621956687022,Fraud,None,False
2024-03-26,17:20:02,28.69782522515619,77.10117838247645,Theft,None,True
2023-11-04,06:17:40,28.6443943270042,77.08137551350256,Murder,Firearm,True
2024-09-27,20:52:52,28.659758205940943,77.06870875415906,Assault,Knife,True
2024-02-18,17:10:33,28.65859413768997,77.06071780987432,Fraud,None,False
2023-02-06,21:25:59,28.734016456718848,77.07234863554613,Burglary,Rope,False
2024-11-13,09:35:39,28.575063161742037,77.22288747417936,Theft,None,True
2024-06-11,07:50:12,28.757269873398986,77.10430734734237,Robbery,Knife,True
2023-03-04,08:38:07,28.703853215068783,76.95187851290936,Murder,Firearm,False
2024-07-17,23:22:52,28.694325246668473,77.10586153170115,Robbery,Firearm,False
2023-11-11,12:34:14,28.65118873327255,77.08072869587826,Theft,None,False
2024-10-14,13:02:20,28.69363439352209,77.0342531230983,Fraud,None,False
2023-04-10,21:39:36,28.69442081679976,77.08637642369075,Cybercrime,None,False
2024-03-02,23:51:55,28.782634817209882,77.03868608547612,Burglary,Poison,False
2024-07-04,14:30:44,28.627663658577802,77.062259521749,Cybercrime,None,False
2023-01-09,11:01:24,28.786911432526914,77.02260419596273,Theft,None,False
2023-10-27,05:02:58,28.68832141811548,77.17864284630961,Fraud,None,False
2024-07-11,19:50:14,28.69397403115435,77.0863730499402,Murder,Blunt Object,False
2023-06-03,09:49:34,28.736392255774092,77.16258752071684,Theft,None,True
2023-04-13,05:42:54,28.74454481231581,77.15013479484594,Murder,Knife,True
2023-04-18,03:41:08,28.7638661001278,77.24859034261446,Burglary,None,False
2023-01-24,21:16:47,28.743300677181033,77.14803516414406,Fraud,None,False
2023-04-05,13:42:48,28.65792418630007,77.06713713879276,Fraud,None,False
2023-06-10,01:43:00,28.760811713590517,77.14198868264224,Robbery,Firearm,False
2024-08-28,04:45:42,28.750307904700737,77.1508216456762,Robbery,Firearm,False
2023-11-01,00:09:13,28.618310524265702,76.93504303743262,Burglary,Blunt Object,False
2024-02-08,04:29:35,28.698995014412365,77.11604288199585,Assault,None,False
2024-04-13,05:00:23,28.71001734655605,77.23992909135734,Cybercrime,None,False
2024-08-06,17:52:11,28.705890209142296,77.09485292270412,Theft,None,True
2023-05-26,00:37:51,28.686876190132317,77.18462326140668,Robbery,Firearm,False
2024-05-01,02:40:07,28.80028388324274,76.99566718288794,Burglary,None,False
2023-10-16,05:23:40,28.654487562896147,77.07318889275544,Robbery,Firearm,True
2024-04-19,23:53:18,28.756997671443568,77.1444307791419,Burglary,None,False
2024-11-10,13:51:01,28.699499117128738,77.16362911472383,Cybercrime,None,False
2023-01-11,18:00:30,28.727557001993652,77.16260827381079,Theft,None,False
2023-10-26,06:17:48,28.80532459076529,77.03765533466282,Cybercrime,None,True
2023-08-14,09:38:53,28.588592437903987,77.09874611986278,Theft,None,False
2024-11-12,20:42:45,28.7808025684113,77.04035846413157,Burglary,Knife,False
2023-04-10,15:20:02,28.66335501610341,77.19270381874178,Fraud,None,False
2023-10-14,18:14:25,28.767636121095467,77.15250304964263,Cybercrime,None,False
2023-09-27,04:16:01,28.71017361255813,77.02574534987698,Robbery,Knife,False
2024-02-09,07:56:40,28.66867339101026,77.17841663319355,Cybercrime,None,True
2023-02-13,03:16:36,28.848394006783792,77.09531292141892,Robbery,Blunt Object,False
2024-05-20,12:59:12,28.7708782704336,77.03505354342113,Fraud,None,False
2024-04-23,11:29:06,28.712362901246223,77.10224588630679,Cybercrime,None,False
2024-01-23,15:22:02,28.798792134397267,77.04027508667268,Theft,None,False
2023-09-19,20:56:08,28.599187127011216,77.04735671876037,Robbery,Firearm,True
2023-10-13,00:26:25,28.706362262814245,77.08583810761974,Robbery,Firearm,False
2024-12-19,09:18:55,28.677463567374705,77.16488417572745,Fraud,None,False
2024-11-26,10:19:44,28.806443345556453,77.19322736847917,Fraud,None,False
2023-05-03,11:08:49,28.64914781360915,77.05574121635648,Theft,None,True
2024-06-10,06:58:39,28.705802028246136,77.09736622512486,Kidnapping,Poison,True
2023-12-09,18:17:05,28.601018472254992,77.06862569882287,Theft,None,False
2023-10-27,14:34:31,28.761082655364923,77.15293814192832,Fraud,None,False
2024-07-03,08:15:40,28.768607099241347,77.1601578053948,Cybercrime,None,False
2024-04-13,20:59:43,28.710686908139056,77.08641073450555,Theft,None,True
2023-08-10,09:18:13,28.701248414698448,77.09185627589567,Theft,None,True
2024-08-27,12:05:03,28.752269971203763,77.14556723876078,Theft,None,False
2023-10-06,13:33:32,28.666339504694207,77.2086162732374,Theft,None,False
2023-02-08,04:34:47,28.751624992900584,77.20321144289817,Assault,Blunt Object,False
2024-12-05,01:35:12,28.628093168909842,77.06307974696615,Burglary,Poison,False
2023-07-15,03:37:38,28.763767049813968,77.16756295914888,Robbery,Knife,True
2024-01-01,20:55:24,28.688619116103077,77.09898516363839,Kidnapping,Poison,False
2023-03-13,22:07:17,28.807522667400477,77.08327216871886,Burglary,None,False
2023-08-10,13:48:06,28.7749958232583,77.01700000821505,Cybercrime,None,True
2024-10-23,17:07:35,28.74461298465337,77.13561098331436,Fraud,None,False
2024-11-17,09:03:39,28.754684604568343,77.16146310185779,Theft,None,False
2024-02-11,02:34:40,28.631490252410916,77.06507729741212,Assault,None,True
2023-03-14,23:49:23,28.65255271029446,77.06247291673152,Burglary,None,False
2024-07-12,04:23:34,28.543030570508275,77.14112115546625,Assault,None,False
2024-02-23,20:08:07,28.698635305523553,77.08684953513992,Cybercrime,None,False
2024-05-20,08:32:22,28.748631627542398,77.15336787426274,Cybercrime,None,True
2023-08-02,19:50:42,28.78919817908447,77.05640648134337,Murder,Firearm,False
2024-09-05,14:27:51,28.70522332068387,77.11761141160014,Cybercrime,None,False
2023-06-05,04:16:05,28.75767755083427,77.15150471672352,Robbery,Blunt Object,True
2023-07-09,11:17:52,28.71895475277113,76.98032636303076,Theft,None,False
2023-05-12,22:00:52,28.677158602707518,77.16257934935179,Robbery,Firearm,False
2023-03-22,12:10:58,28.617833364211148,77.11348430931339,Theft,None,False
2023-09-22,00:31:36,28.823498227317884,77.24556243969984,Assault,None,False
2024-12-13,04:46:26,28.751734534203592,77.15405717319531,Robbery,Knife,False
2023-09-21,16:26:51,28.793943624695817,77.01920506427808,Theft,None,False
2023-01-29,17:27:33,28.758147475053157,77.14422107132634,Theft,None,True
2024-12-02,06:52:33,28.686917495532327,77.05659767495058,Kidnapping,Knife,False
2023-09-08,15:36:21,28.747635812704814,77.15753036740091,Cybercrime,None,False
2023-12-25,04:02:36,28.683010786773973,77.18598198828465,Burglary,Rope,True
2024-01-31,13:22:51,28.785816537699688,77.0510402380044,Fraud,None,False
2023-09-25,18:35:33,28.551664092980282,77.27206098601293,Fraud,None,False
2023-04-01,05:07:47,28.671201780911314,77.18820891586368,Assault,Knife,False
2024-05-13,22:12:04,28.67153403194064,77.03224583704484,Robbery,Firearm,False
2023-02-12,21:42:49,28.752557719279423,77.20671283086145,Theft,None,False
2024-08-02,09:06:24,28.751400795496743,77.04828842133172,Cybercrime,None,False
2024-02-01,15:30:47,28.68021350062816,77.07448573670867,Theft,None,False
2024-09-08,14:43:24,28.653433423042074,77.05897035769257,Fraud,None,False
2024-08-14,16:42:27,28.69784834211711,77.09970160924158,Theft,None,False
2023-07-05,03:02:25,28.764914065443925,77.14259395662924,Robbery,Blunt Object,False
2024-09-24,08:16:37,28.63341796168546,77.06789547533361,Murder,Firearm,False
2024-06-08,05:25:42,28.736019644464214,77.02546864621091,Vandalism,None,True
2024-03-02,13:23:48,28.594979642158478,77.24628969933686,Fraud,None,False
2023-06-29,20:12:59,28.757670044252997,77.13886464136273,Cybercrime,None,False
2023-01-20,14:00:10,28.661163744639175,77.1788848802755,Theft,None,True
2024-05-26,19:01:27,28.791428418069977,77.0384500880211,Burglary,Poison,False
2023-05-14,08:26:21,28.795416785370012,77.01759650192541,Kidnapping,None,False
2023-08-09,21:33:06,28.786338466897796,77.04675910332323,Assault,Blunt Object,False
2024-02-03,00:57:54,28.717428017304762,77.10608909981413,Robbery,Firearm,False
2023-08-24,22:34:49,28.66758018508654,77.06859285116415,Robbery,Firearm,False
2024-12-04,23:55:45,28.714527466328413,77.10294447918776,Burglary,Firearm,False
2024-03-05,00:32:27,28.626002470715573,77.01497907992213,Assault,Blunt Object,False
2024-01-05,21:12:29,28.675916152147945,77.1803849799315,Burglary,Blunt Object,False
2023-04-27,22:58:56,28.52724143300865,76.99992064150743,Robbery,Knife,False
2024-06-16,04:43:53,28.780915964259457,77.03977279375938,Burglary,None,False
2024-09-30,21:23:05,28.75393926113838,77.151779357895,Murder,Firearm,False
2024-11-26,16:13:02,28.774230873729966,77.03273166080064,Theft,None,True
2023-10-18,11:18:17,28.71729101027446,77.10405575112759,Theft,None,True
2024-04-02,00:04:12,28.553368641851815,76.97734772056955,Burglary,Knife,True
2023-04-23,17:10:37,28.67998788877223,77.18025684524778,Fraud,None,False
2023-05-17,18:47:32,28.703354197698964,77.09637265824986,Theft,None,False
2023-06-24,16:05:56,28.75444122121999,77.07240822867547,Cybercrime,None,True
2024-09-18,03:19:55,28.78223386778271,77.02398776608338,Murder,Blunt Object,False
2024-10-13,17:22:53,28.76331691298143,77.15028867208385,Cybercrime,None,False
2024-01-19,15:25:37,28.764888033311976,76.9831408435966,Fraud,None,False
2024-05-30,07:55:33,28.771438831383787,77.16527374038513,Cybercrime,None,True
2024-12-27,05:58:20,28.735002023303412,77.14448062524937,Assault,Knife,True
2024-01-07,00:49:25,28.6488763439101,77.04930271343851,Robbery,Knife,True
2023-05-21,00:16:08,28.69094059178367,77.14516317859768,Murder,Firearm,False
2024-09-23,22:55:27,28.642252740880206,77.06788838703537,Burglary,Poison,False
2024-10-11,06:37:38,28.66716670095398,77.16005818457832,Murder,Firearm,False
2024-06-02,20:37:18,28.793921153121648,77.04225814653604,Cybercrime,None,False
2024-09-01,02:18:29,28.809136366422884,77.01042813482067,Assault,Blunt Object,False
2024-01-02,05:42:00,28.779183210934683,76.90563178619166,Burglary,Poison,False
2023-02-04,06:37:40,28.691664932816753,77.18737866833696,Kidnapping,Rope,False
2023-11-18,10:22:20,28.774580711523235,77.04030222474603,Theft,None,True
2024-04-08,06:28:23,28.69856954992283,77.10550416099552,Robbery,Firearm,False
2024-10-29,13:19:40,28.646159607162094,77.07994168136148,Fraud,None,False
2023-08-09,05:19:12,28.692249259100866,77.17652734626726,Assault,None,True
2023-12-29,12:57:49,28.71468105617996,77.10604840155571,Cybercrime,None,False
2023-07-13,04:49:36,28.56283179329931,77.03287716196279,Burglary,Firearm,True
2023-05-10,02:34:09,28.697461460995996,77.18607854401105,Assault,Blunt Object,False
2024-01-21,07:28:08,28.714097795795176,77.10037955687633,Cybercrime,None,False
2023-02-22,08:37:13,28.650105808528068,77.10522645076345,Theft,None,False
2024-06-12,15:33:48,28.64143895944754,77.04756747068969,Fraud,None,True
2024-04-10,04:14:38,28.69406674542546,77.10957884514413,Burglary,Firearm,False
2023-01-21,12:08:55,28.66603093108976,77.1050704882028,Theft,None,True
2024-02-21,12:05:15,28.706449230504973,77.10563050048819,Fraud,None,False
2024-10-16,17:04:42,28.715565790613155,77.09151304184932,Theft,None,True
2023-10-07,15:11:37,28.679802527235434,77.1900502779352,Theft,None,False
2023-04-03,00:00:07,28.802685177900152,76.96120824005853,Assault,Knife,False
2024-04-06,01:01:16,28.7295819218347,77.27410759463986,Assault,None,False
2023-10-03,20:35:54,28.703108794808433,77.10733494701965,Cybercrime,None,False
2024-09-10,17:21:27,28.761903955945854,77.14224530155602,Theft,None,False
2023-09-22,01:50:00,28.887482472899997,77.15245007969689,Assault,Blunt Object,True
2023-08-23,10:28:53,28.789295028141932,77.01587972621991,Cybercrime,None,True
2024-10-02,12:10:28,28.792045447982133,77.0375641034138,Theft,None,False
2024-03-25,20:23:38,28.66034191327722,77.05938734785695,Burglary,None,True
2023-04-28,08:20:28,28.744223416704017,77.14567761005226,Theft,None,False
2023-04-24,02:42:53,28.639050217649928,77.05131153481868,Assault,Blunt Object,False
2023-12-27,04:38:20,28.767001600237663,77.16577697862932,Robbery,Knife,False
2024-07-17,20:33:42,28.752142082988602,77.14857240077916,Fraud,None,True
2023-03-18,07:53:43,28.655945180866805,77.18945961255304,Cybercrime,None,False
2023-01-13,23:55:50,28.690634401088257,77.17612805282741,Assault,Knife,False
2024-03-14,01:55:46,28.69242154742236,77.14592914613158,Murder,Knife,True
2023-10-24,01:01:07,28.87654183606099,77.12247762218351,Robbery,Firearm,False
2023-01-23,03:32:27,28.786054299160263,77.0342931850116,Burglary,Rope,False
2023-01-21,09:57:17,28.689849674930965,77.0880320934617,Theft,None,False
2024-04-10,06:55:23,28.746020048308853,77.16262890574038,Burglary,Firearm,False
2023-06-10,05:38:47,28.78074642929454,77.027203959512,Murder,Knife,True
2023-03-22,10:41:14,28.778628253958562,77.03112343121529,Cybercrime,None,True
2024-08-02,04:51:04,28.721121079341017,77.10098802614303,Assault,None,False
2024-04-28,08:43:59,28.636237025946254,77.06275245629081,Vandalism,None,False
2024-10-27,22:26:30,28.879608360576153,77.05221752810644,Burglary,Poison,False
2024-09-17,09:46:16,28.66228994991569,77.1774900873027,Theft,None,False
2024-03-25,01:52:48,28.785387637363485,77.03938240950826,Murder,Blunt Object,True
2024-08-04,21:28:19,28.68416883578682,77.17204282726038,Fraud,None,False
2024-10-09,08:53:17,28.63459154665541,77.05926737740613,Murder,Blunt Object,False
2024-04-19,23:44:41,28.76094493024697,77.13989992102348,Burglary,Firearm,False
2023-09-26,09:07:06,28.698026730895823,77.09657256270589,Fraud,None,True
2023-06-22,08:30:52,28.798274885536436,77.15532607606644,Theft,None,False
2024-04-30,04:10:10,28.794471836104993,77.23636779742331,Assault,Blunt Object,False
2024-12-04,01:09:04,28.673534990491092,76.98375938451464,Burglary,Rope,False
2023-03-18,02:46:35,28.74229036382153,77.13411892434941,Burglary,Blunt Object,False
2023-03-10,01:08:58,28.658223317033382,77.06407773851683,Burglary,Poison,True
2024-04-29,19:13:30,28.65197553406805,77.06266914217177,Theft,None,True
2024-04-15,00:07:08,28.779196715556573,77.03134001273841,Burglary,Rope,False
2023-09-19,11:30:08,28.77371026516285,77.04275406570753,Cybercrime,None,False
2024-11-20,04:53:02,28.62550844371905,76.98850687280641,Robbery,Knife,True
2024-12-12,02:20:27,28.785888196670747,77.1599164208364,Burglary,Firearm,True
2023-03-30,00:16:32,28.531731462144098,77.18800016347103,Burglary,Firearm,False
2024-10-17,04:50:00,28.69668407360906,77.09875895472436,Robbery,Firearm,True
2023-06-26,00:23:55,28.67597020107694,77.18836624882617,Assault,None,False
2023-04-20,11:13:29,28.788554791746876,77.03200181669095,Theft,None,False
2024-06-03,13:25:27,28.639853566710844,77.06662220693565,Theft,None,False
2024-12-02,06:54:51,28.692261216265578,77.2830354459126,Robbery,Blunt Object,False
2023-10-22,19:31:32,28.789964090099698,77.02326584375011,Vandalism,None,True
2024-05-19,07:18:41,28.656340004862635,77.10731921772599,Burglary,Blunt Object,False
2024-12-29,02:37:35,28.834043121507047,77.24361050091122,Burglary,Poison,True
2024-04-07,08:59:43,28.670138652796343,77.17316365783411,Robbery,Firearm,False
2023-11-23,07:02:02,28.59795023587938,77.12774287572158,Cybercrime,None,False
2024-08-17,07:59:02,28.93447843092175,77.15640941042551,Assault,None,False
2024-11-14,02:28:36,28.76816087473316,77.02523995896755,Burglary,Poison,False
2024-05-21,09:38:28,28.747860857981554,77.14427997479885,Cybercrime,None,False
2024-04-29,04:53:29,28.665310617506577,77.139439486102,Robbery,Knife,True
2023-05-28,03:30:16,28.710919811693227,77.11341763490917,Assault,Blunt Object,True
2023-11-28,21:02:29,28.759342025730472,77.13295849759672,Kidnapping,Firearm,False
2023-02-16,09:09:57,28.598369541246868,77.08669059631409,Theft,None,False
2024-02-21,21:35:54,28.675572798557674,77.19111418359877,Fraud,None,False
2023-05-15,13:35:21,28.708418417621676,77.10757072538637,Cybercrime,None,False
2023-01-08,06:24:30,28.67647797363139,77.1799497826122,Vandalism,None,False
2023-05-11,07:37:12,28.674968851398777,77.19375832179013,Vandalism,None,True
2023-06-09,04:13:07,28.75326089101216,77.15219787273216,Burglary,Rope,False
2024-11-19,14:03:23,28.673764145952326,77.19547773813791,Fraud,None,False
2023-06-23,19:03:42,28.773019466731704,77.05025846894793,Theft,None,False
2023-11-29,10:36:12,28.692336181454845,77.09595779738673,Theft,None,True
2024-06-02,19:11:27,28.681547382697154,77.19280316695475,Kidnapping,Poison,False
2023-03-14,22:42:02,28.56375009830015,76.9932298136753,Robbery,Blunt Object,False
2023-10-12,10:49:33,28.75687842809472,77.17594419387764,Theft,None,False
2023-11-03,19:22:09,28.65656262780999,77.06001902950368,Kidnapping,Blunt Object,False
2023-01-15,10:18:41,28.462187086192426,77.11066427344213,Theft,None,False
2024-12-02,23:37:44,28.787722968036466,77.02867304858918,Robbery,Blunt Object,False
2023-04-04,15:27:58,28.61902760094534,77.11841652603215,Fraud,None,False
2023-10-22,03:28:00,28.609873880610603,77.28974486608088,Burglary,None,True
2024-08-23,00:34:40,28.689267447975336,77.18907912631593,Robbery,Blunt Object,False
2023-04-30,04:49:51,28.644997105691196,77.05589835913386,Assault,None,False
2023-01-27,19:29:30,28.70389212816109,77.11889297135208,Kidnapping,Blunt Object,True
2024-07-26,21:10:18,28.790965405843664,77.12286922784766,Robbery,Knife,True
2024-05-29,00:25:29,28.713339743341677,77.10795610663382,Burglary,Knife,False
2024-05-03,11:59:48,28.75806277539887,77.16230563258992,Theft,None,False
2023-05-30,05:31:00,28.755802764482475,77.18835514701034,Fraud,None,False
2024-02-05,16:12:06,28.72023870496345,77.077087417681,Theft,None,False
2024-06-18,15:53:08,28.649283712105987,77.03576903945292,Cybercrime,None,True
2023-02-06,01:37:52,28.54358295575585,77.01130600531884,Burglary,Poison,False
2024-08-12,02:27:15,28.610014647041783,77.0517654804016,Assault,Blunt Object,False
2024-08-21,06:08:09,28.689722442106383,77.18092438044447,Robbery,Firearm,True
2023-11-24,05:09:41,28.72827668898843,77.1298319644512,Fraud,None,True
2024-03-05,17:07:27,28.719975809128425,77.09674414546156,Theft,None,False
2023-05-24,00:59:11,28.67187477919742,77.18143800628226,Murder,Knife,False
2023-09-23,16:50:34,28.795465348557748,77.04594105693755,Theft,None,False
2024-07-21,03:20:06,28.788845838196938,77.04482909374063,Assault,Blunt Object,False
2023-08-22,00:39:36,28.75587660996469,77.15077396752383,Assault,None,False
2023-05-28,13:32:38,28.821972408658564,77.15126176752338,Fraud,None,False
2023-09-09,23:25:44,28.776744693340923,77.04247420938125,Assault,Knife,False
2023-03-24,19:37:30,28.702015073689797,77.09919176477277,Cybercrime,None,False
2023-01-04,10:13:18,28.793030043681995,77.03161167859156,Cybercrime,None,False
2023-02-05,15:49:44,28.757989585360406,77.1591193958407,Cybercrime,None,True
2023-03-11,13:40:49,28.696270569207275,77.10634850564684,Theft,None,False
2024-08-10,19:43:56,28.839047310526162,77.00685328562605,Fraud,None,False
2024-01-30,04:06:25,28.678599088888312,77.1742053226542,Robbery,Firearm,True
2024-05-06,20:21:20,28.714313976838405,77.1126190558375,Kidnapping,None,False
2023-11-05,07:23:01,28.66866776597509,77.3234628652191,Fraud,None,True
2023-10-19,06:02:45,28.765166253091373,77.15956928985136,Fraud,None,True
2024-06-22,21:57:15,28.769161089610613,77.20089269092063,Robbery,Firearm,True
2023-03-10,05:39:49,28.63414357592756,77.0644460759846,Robbery,Knife,False
2023-08-06,19:53:26,28.742419038537733,77.06248639366974,Cybercrime,None,False
2023-02-09,08:33:09,28.67874795269444,77.19481694300434,Burglary,Poison,False
2024-04-17,08:16:17,28.77988230912234,77.0319557569963,Cybercrime,None,False
2024-10-20,03:44:42,28.77589414704146,77.0146301099019,Robbery,Knife,False
2024-05-05,04:36:06,28.761889321805207,77.1522426620516,Murder,Firearm,False
2023-07-17,18:01:57,28.70885794171528,77.00382263818265,Theft,None,False
2023-08-31,00:50:56,28.64224496470964,77.07346593789183,Murder,Knife,False
2024-01-05,05:40:19,28.704182133677946,77.10541837580554,Burglary,Firearm,False
2024-12-24,09:18:25,28.706175282778634,77.09013617871594,Cybercrime,None,False
2023-09-23,03:19:05,28.760349204641024,77.13994801885084,Assault,Blunt Object,False
2024-06-24,15:41:55,28.774703844187208,77.02200785230994,Cybercrime,None,False
2024-10-30,07:46:31,28.642347750333695,77.05897547296462,Theft,None,False
2023-04-21,02:50:10,28.64408774961692,77.05344743840223,Robbery,Knife,False
2024-12-14,15:18:26,28.654154953203065,77.07084027568726,Theft,None,True
2023-08-05,13:29:13,28.752361864871084,77.14771633283412,Fraud,None,False
2023-06-05,02:46:54,28.646164250665482,77.07148550049894,Assault,None,True
2024-07-16,07:51:56,28.564075477124884,77.00653926877882,Theft,None,False
2023-08-13,07:31:20,28.65270120391985,77.06551812486076,Theft,None,True
2023-03-26,22:56:51,28.720442744859767,77.09950804849831,Burglary,Poison,False
2023-01-22,05:53:17,28.667948677289314,77.06171010754564,Theft,None,False
2024-11-03,18:26:23,28.670908355167818,77.17590045986854,Fraud,None,True
2023-11-22,23:27:29,28.646809882146872,77.06279104067148,Assault,Knife,False
2023-09-12,13:26:39,28.699000854981616,77.1150114891302,Fraud,None,True
2024-06-21,16:27:12,28.723065829224865,77.11416577205574,Theft,None,False
2024-02-22,20:15:39,28.679681240130833,77.19011769726264,Cybercrime,None,True
2024-03-04,09:30:44,28.802664155178263,77.0401031931576,Theft,None,False
2024-06-26,23:04:24,28.698248141474007,77.10642272526651,Assault,None,False
2023-07-10,17:10:39,28.710362442660635,77.09255282725965,Theft,None,False
2024-01-17,09:18:28,28.67125069181357,77.19350391824057,Cybercrime,None,False
2024-10-17,09:35:52,28.521750726495043,76.97745714549595,Fraud,None,True
2024-02-01,19:41:34,28.672335929463717,77.18603679595506,Vandalism,None,False
2023-07-14,23:34:22,28.56833675550511,77.08982107483341,Burglary,None,False
2024-02-06,13:00:03,28.819476853908856,77.10936514570743,Fraud,None,False
2023-04-20,09:56:42,28.71349088943631,77.09657885878666,Theft,None,False
2024-07-05,09:10:49,28.623108314321083,77.18738738302851,Cybercrime,None,False
2024-04-10,20:37:56,28.67779265534656,77.17064403992227,Assault,Blunt Object,False
2023-07-14,07:55:52,28.624015908383722,77.25895812410575,Murder,Firearm,False
2023-03-15,17:15:21,28.74485444780531,77.16184328746726,Theft,None,False
2024-12-21,10:36:31,28.749318133027664,77.15246824143233,Theft,None,False
2024-11-14,09:45:43,28.707045926209435,77.08149018789501,Cybercrime,None,True
2024-12-30,12:45:24,28.689472826645726,77.10336333018788,Theft,None,True
2023-04-30,03:29:31,28.66685692436216,77.19246581295275,Robbery,Firearm,False
2024-10-17,12:21:25,28.62803879119132,77.06815255056257,Cybercrime,None,False
2024-06-17,12:11:14,28.770337787795956,77.02897895005857,Cybercrime,None,False
2024-01-06,00:50:00,28.69345622235762,77.12152429880472,Burglary,Firearm,False
2023-10-05,19:26:43,28.7407050783703,77.15127940304632,Vandalism,None,False
2023-03-09,19:24:38,28.656831638519797,77.19849570122071,Robbery,Knife,False
2024-03-27,14:39:36,28.78811282416177,77.033869730896,Fraud,None,False
2024-03-20,21:47:14,28.65884312939292,77.06397422441422,Theft,None,True
2024-08-17,23:58:50,28.72605713561411,77.11567252880653,Burglary,Knife,True
2024-09-22,01:16:32,28.78973634325443,77.0275755861608,Burglary,Firearm,False
2023-08-09,07:06:21,28.781957126926365,77.04060334628458,Murder,Blunt Object,False
2023-12-12,01:04:55,28.786873729515577,77.03135756085899,Robbery,Blunt Object,False
2023-08-21,03:14:55,28.770094776089692,77.04748050284537,Murder,Knife,False
2024-05-13,10:30:43,28.637954589004924,77.20122372384193,Fraud,None,False
2024-05-28,18:26:37,28.75585753651688,77.13956549477271,Theft,None,False
2024-02-05,04:31:21,28.65662275477531,77.065045406464,Assault,None,False
2023-11-24,05:32:25,28.837634535673704,77.08425912992641,Fraud,None,False
2023-08-02,03:02:56,28.774505122996707,76.92624728886551,Robbery,Knife,False
2024-12-05,19:57:09,28.69909784136406,77.08977006667769,Murder,Knife,True
2023-05-18,00:40:26,28.780352161499614,77.03721811739507,Assault,None,False
2023-06-27,17:06:31,28.698054199123458,77.1111384209364,Theft,None,False
2023-02-17,02:53:50,28.618438735645,77.19102366136501,Assault,Blunt Object,False
2023-09-20,03:56:05,28.68719757165874,77.19263526135092,Burglary,None,False
2023-04-16,07:02:50,28.780658109481703,77.01124546402058,Robbery,Knife,False
2024-07-27,05:06:16,28.762316699673736,77.08997652852848,Cybercrime,None,False
2023-08-03,21:42:23,28.774316070598726,77.0269372093513,Murder,Knife,False
2024-06-28,19:14:54,28.76844425316445,77.1411265979939,Fraud,None,False
2024-04-28,08:24:23,28.788783091756212,77.0346795817564,Cybercrime,None,False
2023-11-15,16:16:49,28.750526123353367,77.15894532687314,Theft,None,False
2024-04-11,21:40:48,28.867324525889888,77.07290284961138,Assault,None,True
2023-09-11,06:55:24,28.64166819051923,77.06872064904991,Fraud,None,False
2023-04-21,12:04:17,28.65328242821435,77.06122292792851,Theft,None,False
2024-03-25,08:55:36,28.673562626390634,76.88073534792802,Cybercrime,None,False
2023-10-05,03:44:59,28.746319910876334,77.14110688327933,Robbery,Knife,False
2023-10-04,07:05:14,28.680946249963117,77.18006097051399,Burglary,Knife,False
2024-02-13,08:49:20,28.75126978394461,77.15240943736377,Burglary,Poison,False
2023-09-24,18:14:26,28.775398235298745,77.0480324718669,Theft,None,True
2023-01-04,21:43:57,28.767081939116967,77.16868106783048,Cybercrime,None,False
2023-03-12,20:48:04,28.76093417231239,77.15220521884979,Fraud,None,False
2024-02-04,16:06:04,28.86557293030069,77.03440331640871,Fraud,None,False
2024-11-20,07:05:17,28.69538791020967,77.0964848848523,Fraud,None,True
2024-12-21,17:58:57,28.75638712669143,77.02628948066123,Fraud,None,True
2024-08-03,17:43:38,28.6885627011782,76.94231447061154,Fraud,None,False
2024-05-26,23:59:24,28.752209766542826,76.9507896632817,Murder,Knife,False
2024-12-17,08:51:31,28.610883894513464,77.22421671348967,Vandalism,None,True
2023-04-21,06:53:23,28.822131831698613,77.13993130895466,Fraud,None,False
2023-07-15,02:58:33,28.706856635817353,77.09719040352846,Burglary,Rope,False
2024-12-24,13:46:49,28.62680963362578,77.06627583022427,Theft,None,False
2023-11-26,14:58:12,28.768963458255374,77.03502448554956,Fraud,None,False
2023-07-02,05:15:46,28.70898311248084,77.00915787332897,Kidnapping,None,False
2024-04-22,19:01:08,28.689786819188413,77.18856913710287,Vandalism,None,False
2023-01-12,13:37:44,28.71101841804009,77.09762660073962,Fraud,None,False
2023-01-08,01:02:08,28.644086699219738,77.06877372670188,Robbery,Blunt Object,False
2024-11-08,16:29:04,28.645627823671003,77.0785190078477,Cybercrime,None,True
2023-06-29,10:21:00,28.683721243058326,77.0520439467764,Theft,None,True
2023-09-09,16:47:39,28.767525287647143,76.97603527277136,Cybercrime,None,False
2023-06-10,19:29:41,28.713342969323083,77.08949288199409,Vandalism,None,False
2024-08-08,14:40:26,28.767958466605855,77.03767264458274,Fraud,None,False
2024-06-25,12:15:22,28.648865841469835,77.07157342946061,Theft,None,False
2023-06-30,05:29:54,28.75563421195504,77.14050379048359,Theft,None,False
2024-08-07,19:47:13,28.77513224755493,77.02521340858968,Theft,None,False
2023-07-08,05:27:58,28.625149931064023,77.07377477858732,Murder,Knife,True
2023-08-31,06:56:42,28.755201075857563,77.14114481954812,Cybercrime,None,True
2023-11-13,00:22:26,28.718656748574585,77.09548671899863,Burglary,Blunt Object,False
2023-06-01,20:50:18,28.729157248907487,77.01997294548039,Assault,Blunt Object,False
2024-03-25,22:50:21,28.733917398466712,77.1388555944115,Burglary,Knife,True
2023-05-17,23:57:34,28.699615095691335,77.11148296871207,Robbery,Blunt Object,False
2023-05-05,08:00:27,28.707565331468192,77.10390205126171,Theft,None,False
2023-01-01,18:37:58,28.503097237725513,77.22950861476802,Theft,None,False
2024-08-15,06:51:33,28.756336796964955,77.15130582330109,Fraud,None,False
2023-10-08,03:35:22,28.685424231099887,77.19497496723568,Robbery,Firearm,True
2023-06-24,10:28:00,28.655645902476092,77.06002913503296,Theft,None,False
2024-08-13,13:34:11,28.60375234392158,77.20139229171421,Theft,None,True
2023-07-19,05:45:19,28.6304494555693,77.08197256738664,Robbery,Firearm,False
2024-07-07,11:27:27,28.706899954519457,76.99641157443004,Cybercrime,None,True
2024-05-21,08:29:59,28.631781314458436,77.04972395175943,Kidnapping,None,False
2024-09-24,03:05:17,28.785503629067207,77.03243607679941,Robbery,Firearm,True
2023-12-14,08:08:36,28.691740778264908,77.09893544213445,Burglary,None,True
2024-05-29,23:21:26,28.660420646139087,77.18839301805944,Robbery,Knife,False
2024-11-08,19:40:06,28.69864067338873,77.06465974940826,Robbery,Knife,False
2024-12-29,23:45:35,28.741218892699326,77.14949844399777,Burglary,Firearm,True
2024-04-24,22:04:41,28.699952721186538,77.1056772670121,Assault,Knife,False
2024-11-11,03:51:47,28.75577017978117,77.1604206010208,Burglary,Rope,True
2023-08-03,04:08:58,28.77925423456495,77.01389588497806,Assault,Blunt Object,True
2023-04-23,00:02:41,28.794010928765978,77.02313967486953,Murder,Blunt Object,False
2024-02-21,09:33:08,28.593408294698474,77.09818834548864,Fraud,None,False
2024-10-25,22:46:37,28.734327051295452,77.04941635942853,Robbery,Firearm,False
2023-07-15,15:46:46,28.66871307318532,77.17858973682235,Fraud,None,False
2023-07-29,22:12:20,28.718265403509932,77.10247321912442,Burglary,Firearm,False
2024-01-23,12:46:16,28.77442037160538,77.02292216643099,Theft,None,False
2024-03-11,16:11:24,28.751591158204178,77.15487857934028,Cybercrime,None,True
2023-05-26,16:53:26,28.75249801619662,77.11491586038473,Cybercrime,None,False
2024-12-23,00:41:21,28.61991266490829,77.06010587004393,Robbery,Firearm,False
2023-09-12,23:36:55,28.651439078818647,77.05103908039547,Assault,None,False
2024-04-14,07:11:44,28.657524660692253,77.16224628578814,Theft,None,False
2024-06-05,17:12:26,28.712852814266352,77.10057084628909,Cybercrime,None,False
2024-08-11,06:39:37,28.66297931894292,76.97028820585564,Theft,None,False
2023-05-25,19:46:27,28.75666399227271,77.23437796851468,Kidnapping,Firearm,True
2024-02-18,03:21:41,28.669751540586,77.06636446183518,Burglary,Blunt Object,False
2023-04-13,11:37:26,28.753591203483563,77.1433018938685,Fraud,None,False
2023-09-26,18:52:22,28.68531143086257,77.1042695924974,Theft,None,True
2023-12-07,23:28:46,28.807603391201543,77.04520812229659,Assault,Blunt Object,False
2024-04-30,01:17:45,28.795265642691138,77.0349560281706,Robbery,Knife,False
2024-11-24,03:29:54,28.6776952316028,77.15826252681723,Assault,None,True
2024-06-09,03:28:01,28.71172510580764,77.09670659430425,Robbery,Firearm,False
2024-01-03,08:12:13,28.63392726534041,77.07017430469514,Assault,Blunt Object,False
2024-03-03,21:53:41,28.640529955105492,77.05532364408029,Cybercrime,None,False
2024-12-30,06:25:08,28.754238720721762,77.14691722403792,Theft,None,False
2024-10-20,13:13:28,28.755103229557562,77.1376282218545,Theft,None,False
2023-07-13,09:24:05,28.75195942229368,77.14153704410315,Theft,None,False
2024-03-23,12:58:41,28.77768550681502,77.03393398843035,Fraud,None,False
2023-09-21,08:52:21,28.65806002385245,77.17427592622728,Kidnapping,None,False
2023-10-31,23:10:21,28.760996438483634,76.96118221581342,Burglary,Rope,False
2023-01-18,21:35:19,28.881886714027882,77.22294079561307,Kidnapping,Firearm,False
2023-03-30,06:38:50,28.699154729155477,77.09462790312216,Vandalism,None,False
2024-04-08,20:45:53,28.756119399033356,77.13802537742973,Murder,Blunt Object,False
2023-05-15,06:41:23,28.503885727516757,77.05656648759475,Vandalism,None,False
2023-12-10,18:14:18,28.70275951233498,77.10344427224354,Cybercrime,None,False
2024-02-25,07:59:36,28.69795259383882,77.11523946729476,Theft,None,False
2024-10-24,12:25:06,28.76914860341516,77.02111737865043,Theft,None,False
2024-06-28,23:44:52,28.752763595614482,76.9863352614363,Burglary,Rope,False
2023-07-21,19:53:28,28.662096795478025,77.18373354792207,Vandalism,None,False
2023-01-14,12:14:55,28.74356477379684,77.1511691557208,Fraud,None,False
2023-04-18,04:22:38,28.637101434403423,77.05388336296627,Assault,Blunt Object,False
2023-04-18,03:02:27,28.623076946086552,77.06389563152821,Burglary,Blunt Object,False
2024-01-13,14:12:23,28.579381000788707,77.08567577964695,Theft,None,False
2023-01-01,01:45:38,28.652889510165142,77.08184919413002,Murder,Firearm,False
2023-02-11,02:52:13,28.70260324625987,77.10443628250918,Robbery,Blunt Object,True
2023-12-04,14:41:04,28.776822406985083,77.04492696479275,Fraud,None,True
2024-03-29,07:40:10,28.655625999391443,77.18023408881473,Kidnapping,Poison,False
2024-11-26,22:24:44,28.65246230976411,77.06726772553003,Robbery,Firearm,False
2023-09-26,03:41:38,28.60661644234714,77.02167545070121,Burglary,None,False
2024-01-08,15:09:08,28.60342074406734,77.16242276306644,Fraud,None,False
2024-02-16,11:17:04,28.63010762714845,77.12801230881234,Theft,None,False
2023-12-15,18:31:23,28.786743014140757,77.05618393468237,Theft,None,False
2024-03-08,20:45:57,28.75723251259802,77.1443885598525,Fraud,None,False
2023-08-19,22:25:14,28.689498497379336,77.09974147285362,Assault,None,False
2023-08-21,11:19:49,28.692191415757268,76.88143004726095,Theft,None,False
2024-05-30,11:29:20,28.63696145839707,77.06547352542827,Theft,None,False
2023-07-31,18:04:55,28.698776443297337,77.11218623785706,Fraud,None,False
2023-03-12,18:11:42,28.768516435552794,77.03926882820154,Fraud,None,False
2023-02-27,04:12:54,28.683238897415258,77.19206496475842,Robbery,Knife,False
2024-01-12,07:49:03,28.738441436153458,77.15564552795858,Murder,Knife,False
2024-07-14,03:38:03,28.777412458814783,77.01843857558018,Burglary,Rope,False
2024-09-17,19:39:57,28.66271322750263,77.01200220080993,Theft,None,False
2024-01-27,10:58:40,28.79330750468164,77.03763063343015,Fraud,None,False
2024-11-15,13:30:20,28.69257555531891,77.0952577868617,Cybercrime,None,False
2023-07-28,13:41:01,28.750293025743836,77.15177594852682,Cybercrime,None,False
2023-05-14,19:33:52,28.794163782748036,77.03940782326482,Fraud,None,False
2023-04-11,22:38:02,28.674613919689747,77.17989351150105,Murder,Firearm,False
2023-12-11,15:50:48,28.656366459653924,77.19541997626126,Theft,None,False
2023-02-27,13:45:27,28.659390340213434,77.25798402404263,Cybercrime,None,True
2023-06-12,18:07:35,28.723710929213183,77.30502842086216,Fraud,None,False
2024-11-13,07:06:34,28.76473215333663,76.95929803687793,Fraud,None,False
2024-02-27,02:44:13,28.64265845197388,77.08558650393282,Murder,Knife,False
2024-10-05,04:18:13,28.665362171128915,77.17872939182818,Burglary,None,False
2024-12-31,04:37:49,28.74043060841418,77.15255721281099,Assault,None,False
2023-12-14,16:19:56,28.727841194901096,77.0020890592794,Theft,None,False
2024-04-11,15:40:24,28.77350254293482,77.1531351326128,Theft,None,False
2024-06-21,23:10:04,28.77593259133877,77.01620460700036,Robbery,Knife,False
2024-05-04,18:40:17,28.710094288939718,77.07645114671867,Cybercrime,None,False
2024-05-17,00:27:25,28.761930409072864,77.15106629735028,Robbery,Firearm,True
2024-05-09,00:20:40,28.66216281217731,77.19920718296179,Robbery,Blunt Object,True
2023-03-30,21:49:22,28.78845624879507,77.02995891288403,Vandalism,None,False
2023-02-28,14:27:57,28.675746385314497,77.18724041956563,Fraud,None,False
2024-07-14,22:01:22,28.689811433861067,77.10407694219964,Robbery,Knife,True
2023-01-14,19:45:11,28.639598765267063,77.0675729998563,Cybercrime,None,False
2024-07-22,23:52:55,28.63669818075394,77.05645298144903,Assault,Knife,True
2023-10-02,03:33:21,28.870387109856406,77.22559120908822,Murder,Firearm,False
2023-07-26,00:07:48,28.72114438820033,77.16406761982465,Robbery,Firearm,False
2023-04-01,22:55:00,28.67336347973742,77.17541817937101,Assault,Blunt Object,True
2023-01-21,18:45:00,28.694028252642923,77.09300882371721,Fraud,None,True
2023-09-26,21:12:52,28.667300640552416,77.17122867416319,Vandalism,None,False
2023-02-24,06:09:45,28.77055400338927,77.02209619849157,Murder,Knife,False
2023-08-09,19:36:17,28.75733393855066,77.15300090148571,Burglary,Blunt Object,False
2023-09-27,09:47:03,28.789658564515516,77.03183630160791,Theft,None,True
2023-07-27,23:44:19,28.661033206693553,77.18744440923494,Robbery,Firearm,False
2023-10-11,12:50:11,28.74405310721125,77.1589661430199,Fraud,None,False
2023-10-30,13:23:23,28.632440799970432,77.05562523373597,Fraud,None,False
2023-08-08,01:42:40,28.67048608359432,77.18924404801058,Robbery,Firearm,True
2024-09-24,21:18:47,28.675859972521273,77.18270001322152,Fraud,None,False
2024-04-16,08:49:25,28.89266687850553,76.91880168387749,Assault,Blunt Object,False
2024-07-27,12:49:06,28.600262235729947,76.99438115219611,Theft,None,False
2024-04-03,01:26:36,28.766393476900777,77.02530480487115,Assault,Blunt Object,True
2023-12-04,01:14:01,28.772876916379673,77.04333526014842,Assault,None,False
2023-06-07,22:11:16,28.670769970280137,77.1652744517212,Robbery,Knife,False
2023-09-26,07:04:34,28.636134744248398,77.05788301284413,Assault,None,False
2023-01-17,11:44:56,28.650524004225474,77.04575083602082,Theft,None,False
2023-08-13,23:17:57,28.658599125427887,77.2111818030069,Burglary,None,False
2024-09-18,16:24:51,28.699649167143768,77.08134438585881,Fraud,None,False
2024-01-14,14:36:49,28.79689175777348,77.03984896942539,Theft,None,False
2023-08-27,04:20:22,28.79103971750788,76.92812163532547,Burglary,None,False
2024-12-19,02:01:34,28.71922455725847,77.0947672391489,Burglary,None,False
2024-03-22,16:55:31,28.699005610557798,77.09547222834009,Theft,None,False
2024-08-23,08:13:26,28.79356937181955,77.03070201647496,Murder,Firearm,False
2024-02-21,04:06:50,28.752274103258763,77.11009010228844,Murder,Firearm,False
2023-01-20,14:50:51,28.67314957996307,77.17303215936255,Fraud,None,True
2023-09-06,05:57:27,28.77222140587308,77.13786606371495,Assault,None,False
2024-05-23,05:48:30,28.678222539740347,77.18626656592107,Fraud,None,False
2024-07-09,03:08:38,28.765643562861527,77.1663809003238,Burglary,None,False
2023-10-06,04:39:28,28.642726114005836,77.06780394305925,Robbery,Firearm,False
2023-01-10,09:59:46,28.88058737104525,77.09598232330778,Theft,None,False
2023-04-13,22:52:56,28.597456652493484,77.06405318873007,Robbery,Knife,False
2023-03-08,11:22:32,28.741053540013855,77.15621816810994,Fraud,None,False
2024-06-24,16:26:30,28.794744562081405,77.03128958507934,Theft,None,False
2024-03-14,14:32:07,28.65789039950546,77.19271650835059,Fraud,None,False
2024-05-14,07:36:03,28.736337010384343,77.13704045222077,Cybercrime,None,True
2024-04-08,17:59:24,28.702316616125053,77.10501785245675,Theft,None,False
2023-10-03,08:27:15,28.746324749875836,77.09588604479536,Vandalism,None,False
2023-06-21,13:32:41,28.72170043765135,77.10315168341084,Fraud,None,True
2023-12-23,09:14:15,28.79444668101753,77.04036954564096,Theft,None,False
2024-07-06,17:27:13,28.691171262677955,77.10080269512716,Fraud,None,False
2023-09-30,08:29:53,28.72533320513281,77.0974564914606,Vandalism,None,True
2024-12-03,16:34:29,28.777353794756433,77.03420575581478,Cybercrime,None,False
2024-08-27,18:36:24,28.657248007073996,77.02312954204979,Theft,None,True
2023-02-20,19:30:14,28.669267166057022,77.1968200967137,Theft,None,False
2024-08-10,08:20:59,28.642733813085226,77.04921924967245,Vandalism,None,False
2024-04-07,15:25:32,28.552925346191184,77.32318049320546,Fraud,None,True
2024-12-22,09:10:45,28.68176656305659,77.14595785009655,Theft,None,True
2024-09-08,14:58:16,28.636386227736605,77.06570985969272,Fraud,None,False
2024-10-05,21:17:28,28.718693296516015,77.09597736816256,Murder,Knife,False
2024-06-10,23:29:47,28.749958677994858,76.96192537241097,Murder,Blunt Object,False
2023-08-25,09:10:00,28.69432866118367,77.18518535930245,Theft,None,True
2024-12-06,14:05:58,28.662820615564772,77.07271258767139,Theft,None,True
2024-10-29,20:10:26,28.668999618254855,77.17791094835877,Theft,None,False
2023-09-14,12:40:16,28.759625048576503,77.03152034267904,Fraud,None,False
2023-09-26,21:07:46,28.642701213193945,77.0673866153726,Robbery,Firearm,True
2023-12-01,20:49:08,28.778868562535582,77.0247896368586,Burglary,None,False
2023-12-21,18:58:42,28.754022250555472,77.1363763188191,Cybercrime,None,False
2024-02-14,21:53:45,28.71844231875346,76.91631807404784,Murder,Blunt Object,True
2023-03-26,13:59:14,28.795308186488306,77.03934269955663,Theft,None,False
2024-11-08,18:10:01,28.74483814123576,77.15911138013338,Cybercrime,None,False
2024-11-17,04:18:35,28.71525142242539,77.00159897689151,Robbery,Knife,False
2024-02-26,06:29:23,28.50181238427709,77.13414356834265,Murder,Knife,True
2024-11-30,23:13:58,28.77615718152865,77.04344969569698,Murder,Knife,False
2023-12-10,17:29:46,28.64424033733882,77.05550417303503,Fraud,None,False
2024-03-12,01:01:25,28.662078387330908,77.06826446492603,Robbery,Firearm,True
2023-10-11,11:42:25,28.60754913484896,77.05763608231209,Fraud,None,True
2024-05-09,22:15:19,28.770259110079873,77.0245020206228,Burglary,Poison,False
2024-12-06,03:41:16,28.689626760108148,77.13790485085876,Burglary,Firearm,True
2024-06-09,07:24:25,28.676713657421136,77.19327873076566,Burglary,Blunt Object,False
2024-06-29,21:25:44,28.767759837750866,77.15997469291256,Theft,None,False
2024-05-11,03:59:25,28.724249232313326,77.2311798852726,Robbery,Knife,True
2023-07-22,08:13:24,28.67247234568091,77.07346967312648,Vandalism,None,True
2023-06-05,17:52:01,28.625044266470276,77.0730616404381,Fraud,None,False
2024-12-16,17:49:11,28.64333074244221,77.09183605706171,Cybercrime,None,True
2023-12-19,20:52:29,28.64004467308238,77.06338578129417,Fraud,None,False
2024-05-30,13:24:35,28.758750495360843,76.99231000270113,Theft,None,False
2024-03-28,16:57:21,28.67768547713879,77.18284661432058,Cybercrime,None,False
2024-09-22,07:13:19,28.78106311810323,77.04422603958744,Vandalism,None,True
2023-05-26,23:41:27,28.665062512820892,77.18524902113083,Assault,None,False
2023-04-24,03:24:05,28.849566429138505,77.03183782440438,Burglary,Poison,True
2023-08-25,10:12:45,28.70113114017308,77.12595304563473,Fraud,None,False
2024-03-20,23:20:33,28.64884391065156,77.05743802523358,Assault,None,False
2024-07-09,20:37:41,28.712126247600786,77.0968190644841,Cybercrime,None,False
2024-01-19,23:30:15,28.6284508407584,77.07622363945265,Robbery,Blunt Object,False
2024-07-15,10:33:54,28.5937940735869,77.34767126249973,Theft,None,True
2024-10-05,09:08:24,28.779206676245376,77.05383264681564,Cybercrime,None,False
2024-04-23,12:20:37,28.6604132893148,77.19275493586267,Theft,None,False
2024-02-24,14:53:28,28.70909726272985,77.11087746225556,Fraud,None,True
2024-10-22,07:44:17,28.79378022706676,77.0275225485772,Burglary,Rope,False
2023-07-24,07:22:59,28.5732156157997,77.09740822696608,Cybercrime,None,False
2024-02-09,23:59:07,28.64633030257585,77.05778155378844,Robbery,Firearm,True
2023-11-14,10:25:58,28.786875539701597,77.03579625531177,Fraud,None,True
2023-05-30,00:52:12,28.613097355345612,77.14199712816905,Burglary,Knife,False
2024-08-18,03:58:26,28.701427879763052,77.09550019099797,Burglary,Knife,True
2024-03-14,09:21:51,28.71197375138224,77.09473008788306,Fraud,None,False
2023-03-23,06:06:24,28.669533324100954,77.18322050850188,Theft,None,False
2024-04-03,00:59:46,28.71784311620654,77.10442784077725,Robbery,Knife,False
2024-03-12,13:33:59,28.789382883324745,77.02952357464005,Theft,None,True
2023-06-05,12:50:35,28.643315103756237,77.0620112276648,Theft,None,False
2024-02-29,05:34:53,28.67703306236017,77.17954032426952,Burglary,Rope,True
2023-09-24,13:21:54,28.79749999885476,77.02876833761499,Cybercrime,None,False
2023-02-25,06:54:16,28.533375886479465,77.37677966043701,Cybercrime,None,True
2023-02-22,20:36:23,28.750826313090563,77.16563169787092,Kidnapping,Rope,False
2023-08-28,18:28:57,28.798147908419597,77.04195214312251,Cybercrime,None,False
2024-12-18,16:29:49,28.684297278040262,77.13116848198744,Fraud,None,False
2024-05-01,23:33:27,28.74135489790695,77.17240147773819,Assault,Knife,False
2024-12-14,23:23:31,28.618919400181735,77.07710990372591,Burglary,None,True
2024-04-28,19:53:49,28.713998648704024,77.09175602451631,Robbery,Knife,False
2024-06-01,03:13:09,28.63841267177066,77.24193390520547,Robbery,Knife,True
2023-05-23,08:35:13,28.683602792834883,77.18572047204326,Assault,None,False
2023-03-11,20:56:15,28.67010446944003,77.19314275871845,Kidnapping,Blunt Object,True
2023-07-01,03:51:53,28.669455313672223,77.19820391840338,Robbery,Firearm,True
2024-12-24,02:32:51,28.675212209154832,77.19479781526974,Assault,Blunt Object,True
2024-03-19,18:47:01,28.782961796738164,77.03321533182043,Theft,None,True
2023-07-18,16:10:22,28.82664210614587,77.32189251518045,Cybercrime,None,False
2023-03-06,11:01:00,28.86013668175049,77.19021346193779,Theft,None,False
2023-05-26,16:44:38,28.759992834329577,77.1474305130974,Fraud,None,False
2023-07-18,16:14:34,28.707052297411053,77.09336950816004,Cybercrime,None,False
2023-04-24,10:00:52,28.64785782133685,77.06690050660694,Theft,None,True
2024-02-08,00:39:19,28.508015485853182,77.10637386091918,Assault,Knife,False
2023-05-12,14:40:14,28.74558748990891,77.09412901428611,Theft,None,False
2024-02-02,04:52:47,28.739904883885657,76.96832777566438,Robbery,Firearm,False
2023-09-15,18:32:53,28.7463413569444,77.16284938163164,Cybercrime,None,False
2024-12-22,21:33:33,28.64410571665646,77.06589878981315,Vandalism,None,False
2024-05-29,03:59:21,28.64944788392914,77.10444940232769,Robbery,Firearm,True
2024-07-10,12:00:27,28.68107987819865,77.11096011938422,Theft,None,True
2024-05-31,06:47:49,28.802179328389524,77.02184982450787,Fraud,None,False
2024-04-02,19:06:49,28.774696678124904,77.03690879898238,Vandalism,None,False
2023-05-08,22:07:50,28.718838792905068,77.10247902682617,Burglary,Poison,True
2023-08-07,20:40:57,28.58116819791875,77.08163827633622,Robbery,Knife,False
2024-07-20,18:53:19,28.633800679196884,77.0558115370713,Theft,None,False
2023-11-24,11:08:52,28.671059589008465,77.17320675411759,Theft,None,False
2024-04-28,01:48:14,28.626309427582544,77.10995340002223,Robbery,Firearm,False
2024-12-06,10:49:29,28.78625035812137,77.0182601966618,Theft,None,False
2023-04-26,07:20:05,28.78806381722509,77.0286806613687,Fraud,None,True
2023-02-05,05:45:28,28.77612615235526,77.1805497520688,Murder,Knife,True
2023-01-13,17:06:08,28.74865458819045,77.15864147694037,Cybercrime,None,False
2024-04-15,18:43:18,28.620404396030118,77.23487620628353,Fraud,None,False
2023-07-28,13:56:00,28.624186379914352,77.13777496086256,Cybercrime,None,True
2023-11-08,12:26:45,28.782223908553554,77.02233105485763,Theft,None,False
2023-08-24,16:58:04,28.793109157617852,77.02635868191135,Theft,None,False
2024-12-05,20:57:11,28.657099278350216,77.15367986636832,Kidnapping,Knife,False
2023-10-08,20:43:53,28.77534955305572,77.046259084193,Cybercrime,None,True
2024-01-22,21:32:19,28.65667738467504,77.05531401597652,Kidnapping,None,False
2024-03-02,21:45:10,28.640355450852987,77.05785086924443,Burglary,None,True
2023-12-21,18:36:10,28.630765678545504,77.05301168128376,Theft,None,False
2023-02-22,04:53:38,28.80221495194008,77.15288878713794,Burglary,None,False
2024-04-28,00:48:12,28.706830888585298,77.0891485338834,Murder,Knife,True
2023-10-03,20:11:11,28.67510703214034,77.15946155030512,Fraud,None,False
2024-03-14,08:06:20,28.652528026912606,77.06508574900737,Cybercrime,None,False
2024-02-12,02:31:15,28.770647675479,77.04866425557492,Robbery,Knife,False
2023-10-29,10:55:36,28.736138353408315,77.1578030618225,Fraud,None,False
2023-12-02,01:23:10,28.759617176897866,76.97853295606475,Assault,Knife,False
2023-12-08,21:18:51,28.70031493091899,76.93881721578472,Murder,Knife,False
2023-09-06,12:01:06,28.41946256836732,76.99571237730684,Theft,None,False
2024-01-30,02:44:46,28.74793375057738,77.15894256180812,Robbery,Firearm,True
2024-09-05,03:36:23,28.71084080850608,77.11185454593863,Burglary,None,False
2024-07-23,03:29:53,28.633955783767167,77.05719988695958,Burglary,Rope,False
2024-07-25,19:05:43,28.69480073390131,77.0902502599297,Murder,Knife,False
2023-03-18,04:16:38,28.638163005730128,77.06324512385096,Robbery,Blunt Object,False
2023-03-07,15:19:49,28.64683614805758,77.0701497330575,Theft,None,False
2024-06-25,04:44:52,28.711049148109115,77.0974924558131,Burglary,Knife,False
2024-04-17,00:03:27,28.57070333690121,77.15884535216013,Robbery,Knife,True
2024-07-19,19:57:32,28.73068496485083,77.13536594981724,Fraud,None,False
2024-12-04,17:53:01,28.76668386575357,77.1481641527308,Fraud,None,False
2024-08-24,19:43:47,28.70697286924713,77.34164526628521,Vandalism,None,False
2024-10-11,07:02:26,28.575603125369806,77.04385827215116,Theft,None,False
2024-04-29,19:59:49,28.79377334364678,77.03392586292097,Fraud,None,True
2023-09-16,03:39:04,28.711679230340113,77.10419756429538,Assault,None,True
2023-07-29,05:51:41,28.7178405655116,77.09242489144367,Burglary,None,False
2023-01-23,15:17:36,28.657524598894067,77.07420996493204,Fraud,None,False
2023-09-04,15:10:22,28.691997108857695,77.10880665409888,Fraud,None,False
2023-01-30,06:36:38,28.699796006776342,77.0418417980881,Vandalism,None,False
2024-06-07,00:09:58,28.625213808102824,77.05239186328883,Robbery,Firearm,False
2024-07-26,01:59:08,28.77491121401846,77.18388412692606,Robbery,Firearm,False
2023-11-19,23:23:13,28.671992895194236,77.19066985143144,Assault,None,False
2024-10-22,23:31:09,28.713552600778943,77.10404639958627,Robbery,Knife,False
2024-06-27,03:53:54,28.666876663761496,77.18691054112816,Robbery,Firearm,False
2023-05-22,15:29:46,28.788969847076586,77.03923944390351,Theft,None,True
2024-10-16,03:53:42,28.712754032700023,77.0888783542808,Assault,Knife,False
2024-05-06,07:44:06,28.653107075463428,76.91263786543122,Vandalism,None,True
2023-03-20,22:55:30,28.778799603835534,77.08126885520197,Robbery,Firearm,False
2023-12-25,04:38:50,28.678408140706974,77.1677432125181,Murder,Firearm,True
2023-12-07,06:29:52,28.79810980849693,77.02055660835381,Theft,None,False
2023-02-05,21:26:52,28.781556330438246,77.11429501708926,Robbery,Firearm,False
2023-01-29,18:35:31,28.702205572224738,77.09979839893388,Cybercrime,None,True
2023-11-27,00:50:47,28.74771936990684,77.16545196176901,Burglary,Firearm,True
2023-12-18,02:10:11,28.644226128343526,77.04980778469647,Assault,None,False
2024-04-11,12:04:10,28.665703979796515,77.1153339027203,Theft,None,False
2023-07-19,20:36:41,28.763078052814453,77.14645380279484,Theft,None,False
2024-03-25,22:26:42,28.748722234441956,77.15273432127148,Burglary,Firearm,False
2024-09-06,03:23:42,28.762834248199475,77.13881245464404,Robbery,Firearm,False
2024-12-22,19:35:26,28.679153546309916,77.17785937469871,Vandalism,None,True
2023-11-22,14:54:39,28.671656741825153,77.30265757451298,Theft,None,False
2024-07-06,08:43:01,28.782135307754483,77.04004693750309,Kidnapping,Poison,True
2024-04-23,12:13:19,28.775991383720335,76.98449760859016,Cybercrime,None,False
2023-11-05,17:13:17,28.51956056747771,77.1845982092417,Fraud,None,True
2024-11-30,07:01:25,28.633264538075515,77.0458581704543,Murder,Knife,True
2024-08-14,02:32:58,28.80671622148442,77.00055732662244,Assault,Blunt Object,False
2023-07-16,23:32:42,28.62684825243156,77.29993731550894,Robbery,Blunt Object,True
2024-10-08,13:26:18,28.538126463861843,76.97687139585932,Fraud,None,False
2023-04-13,19:51:18,28.74950301857526,77.15009743160167,Kidnapping,Firearm,False
2023-01-24,16:06:40,28.665162547178824,77.17091344902677,Cybercrime,None,False
2023-05-15,16:49:00,28.68919994324432,77.18512986124105,Theft,None,False
2023-10-19,06:16:55,28.759951687442094,77.15112774823442,Theft,None,False
2024-12-21,12:42:12,28.646994549488593,77.07182901661109,Theft,None,False
2023-03-09,11:43:09,28.694137009854547,77.10514835996518,Fraud,None,False
2024-04-23,23:43:55,28.76106042313408,77.16794797346384,Assault,None,True
2024-03-15,22:01:30,28.898889097980177,77.10948597969818,Robbery,Blunt Object,False
2023-12-02,11:27:25,28.68548638949687,77.15579832066629,Theft,None,False
2023-04-12,09:24:44,28.71962282909377,77.0952411633828,Theft,None,False
2023-09-26,10:13:12,28.70168902551012,77.10691104484367,Theft,None,False
2024-02-29,07:53:19,28.642565576326845,77.06446453379569,Kidnapping,None,True
2023-08-22,19:27:06,28.862869296822616,77.06407799546541,Assault,None,False
2023-11-23,12:16:34,28.595407618349945,77.28384638572986,Cybercrime,None,False
2024-11-25,16:31:28,28.679367642170046,77.20172238975314,Theft,None,False
2024-10-24,14:59:08,28.71273629910579,77.08926405607987,Theft,None,False
2023-07-29,03:48:04,28.76055384671757,77.14266051934118,Robbery,Blunt Object,False
2024-07-07,17:10:06,28.754174318024397,77.15174285596393,Fraud,None,False
2024-10-18,21:05:00,28.68792336195367,77.09437189510439,Burglary,Poison,False
2024-04-06,17:11:00,28.77615187300159,77.15488377404841,Theft,None,False
2023-02-23,22:04:03,28.752344038653373,77.17062890219941,Burglary,Blunt Object,False
2024-08-22,09:53:56,28.750137646899308,77.15158579638032,Theft,None,False
2023-12-09,00:04:04,28.76400802856123,77.14849264201384,Burglary,Poison,True
2023-07-06,13:13:48,28.62944792606475,76.87712435846393,Fraud,None,False
2024-06-17,21:44:19,28.610450168661725,77.00789722540104,Cybercrime,None,False
2023-09-27,00:55:49,28.705685666954686,77.09639541734273,Burglary,None,False
2024-08-18,00:58:35,28.91990190108572,76.99673710697652,Robbery,Firearm,True
2024-05-22,16:18:12,28.768106466868574,77.15469752955129,Cybercrime,None,False
2024-08-06,23:03:02,28.78477740357124,77.17710195947359,Burglary,Knife,True
2023-12-03,08:10:04,28.73191764469688,77.15238447321023,Assault,Blunt Object,True
2023-12-04,04:31:34,28.641477718627662,77.05117021905309,Assault,Blunt Object,False
2023-09-22,19:13:56,28.758696260372158,77.16966540315877,Kidnapping,Rope,False
2023-03-26,09:02:44,28.61736996356116,77.05715530324159,Fraud,None,False
2024-05-15,04:22:42,28.579523383588636,77.10967778262378,Assault,Knife,False
2023-04-12,11:46:38,28.6708437871685,77.17644322787243,Cybercrime,None,True
2024-07-22,18:44:51,28.79099506828329,77.04886181301059,Theft,None,False
2023-02-26,02:58:52,28.67071318651758,77.05510370951531,Robbery,Firearm,True
2023-05-27,14:43:42,28.522012444818195,77.15841964340784,Cybercrime,None,False
2024-12-02,17:10:42,28.690204847353233,77.19063689967041,Fraud,None,False
2023-04-17,18:24:24,28.6901634703953,77.18024513329398,Theft,None,False
2023-01-28,15:52:56,28.748004255602268,77.15365435907401,Cybercrime,None,False
2024-06-11,16:19:18,28.78079446812633,77.03913094021341,Cybercrime,None,False
2024-11-05,07:39:56,28.653797677780037,77.07298083664571,Robbery,Knife,True
2023-03-22,17:58:01,28.709205926708044,77.10495822326676,Fraud,None,True
2023-12-04,16:41:43,28.783542668925087,76.90620080923473,Theft,None,True
2024-12-10,14:55:19,28.64620570752334,77.06302478057171,Theft,None,True
2024-01-05,18:27:46,28.676230803959715,77.18162376453746,Cybercrime,None,True
2023-09-03,16:56:38,28.708418554934617,77.09675397078466,Cybercrime,None,True
2023-03-21,04:48:54,28.685395234294536,77.18723649777414,Murder,Firearm,True
2023-12-19,19:41:28,28.719168585788385,77.0327483429364,Murder,Knife,True
2024-05-05,19:30:02,28.78563168852079,77.12316596984945,Burglary,Blunt Object,False
2024-07-14,07:10:50,28.62855166064631,77.09683384575868,Murder,Blunt Object,False
2023-03-04,06:39:57,28.79039082619241,77.03801573538821,Vandalism,None,False
2024-08-30,21:38:24,28.78897008967808,77.03342531391742,Robbery,Firearm,False
2023-11-18,15:54:00,28.68435819533302,77.19487796503812,Theft,None,False
2023-01-02,07:05:16,28.711473226156755,77.09662548725144,Vandalism,None,True
2023-07-26,05:52:50,28.693519382827095,77.09706060233029,Theft,None,True
2024-07-20,14:18:07,28.66363656747977,77.06531695913827,Theft,None,False
2023-04-19,04:27:39,28.775364418275267,77.15129801656413,Robbery,Firearm,False
2024-10-25,04:57:57,28.67151186329507,77.18175943463356,Robbery,Knife,False
2024-11-26,07:58:37,28.70317825919947,77.09476349088133,Murder,Blunt Object,False
2023-02-14,03:31:09,28.662611517318332,77.18751336627182,Robbery,Firearm,False
2023-07-22,02:53:18,28.794649007175973,77.05694981300668,Murder,Blunt Object,False
2024-02-04,12:13:08,28.63976287093309,77.05897344513136,Theft,None,False
2024-02-17,19:18:03,28.74638770705549,77.16375727429374,Murder,Knife,False
2024-01-10,19:43:26,28.682249874547963,77.17373065418126,Murder,Firearm,False
2023-03-27,23:28:00,28.69507801913027,77.11202514758597,Robbery,Blunt Object,False
2023-07-18,15:26:54,28.677931961512083,77.19008388713011,Theft,None,False
2023-06-13,02:51:55,28.745272315216614,77.1337227513609,Assault,None,False
2023-03-18,11:42:20,28.775350349833197,77.03937766730013,Theft,None,False
2023-03-08,22:36:52,28.66521057978635,77.05820536010472,Robbery,Knife,False
2024-08-28,01:44:31,28.66685855881877,77.07079819767492,Robbery,Knife,False
2024-05-12,06:25:27,28.66016967698291,77.18464033837812,Burglary,None,False
2023-03-28,23:24:54,28.790497427841185,76.85995171014474,Robbery,Blunt Object,True
2024-12-29,08:17:00,28.768545115791337,77.21977211798232,Assault,None,False
2023-10-22,22:01:08,28.743986812413116,77.09632787893186,Robbery,Knife,False
2023-10-31,17:51:11,28.782370734169984,77.0301867767231,Theft,None,False
2024-08-09,12:01:20,28.74234020196233,77.14562476168095,Cybercrime,None,False
2024-07-07,09:12:47,28.66993405954348,77.18363494346227,Theft,None,False
2023-09-24,02:30:48,28.74853185242343,77.14380870757502,Murder,Firearm,True
2024-05-12,03:16:56,28.76169770859126,77.15620613971949,Robbery,Knife,False
2024-10-23,20:25:30,28.638707704632107,77.06756278471488,Assault,Blunt Object,False
2023-06-27,09:54:23,28.658784210631406,77.10880650294882,Theft,None,True
2024-11-28,23:57:20,28.71385044054723,77.09646258906834,Murder,Blunt Object,False
2024-04-25,04:12:03,28.586858839216625,77.08798654169787,Robbery,Firearm,False
2023-04-01,13:56:23,28.567753498381453,77.07475514906491,Fraud,None,True
2023-07-05,09:49:44,28.701293625206866,77.07786315876095,Theft,None,False
2024-12-11,17:32:40,28.679406351637443,77.18067310233319,Cybercrime,None,False
2024-08-04,20:37:33,28.71591896452772,77.10465531979794,Vandalism,None,False
2024-05-06,12:23:56,28.711456085703155,77.11440038753207,Fraud,None,True
2023-11-04,04:15:50,28.702782829172293,77.10249176811136,Burglary,Rope,False
2024-03-03,10:45:37,28.768364567766096,77.04489537745235,Fraud,None,True
2024-06-18,00:08:46,28.702643026002786,77.09244269449653,Assault,Blunt Object,False
2024-03-08,03:53:54,28.761497224864875,77.13070218808036,Assault,Blunt Object,False
2023-03-16,01:04:02,28.69980725777127,77.11158311041213,Assault,None,False
2024-12-02,15:59:30,28.66032781480341,77.03070780490515,Theft,None,False
2023-05-21,14:19:10,28.639938452028872,77.04240070735531,Theft,None,False
2023-10-16,14:11:24,28.79125478431783,77.03127113958024,Theft,None,False
2024-09-21,00:44:18,28.676867539000526,77.07563313835911,Assault,None,False
2023-03-04,00:17:10,28.70550797984646,77.16784373706722,Robbery,Firearm,True
2023-11-30,16:22:48,28.64357936458801,77.0488836345182,Fraud,None,False
2024-05-12,00:52:12,28.67985516121544,77.18748569691004,Robbery,Knife,False
2024-05-21,21:45:12,28.706155269982165,77.11325241306962,Burglary,Rope,False
2023-06-22,21:38:03,28.707137867641297,77.21363760889894,Robbery,Blunt Object,False
2023-03-24,23:52:51,28.768172110214785,77.15832312885524,Burglary,Blunt Object,False
2023-02-16,02:00:55,28.629306637812206,77.08942142814976,Assault,None,False
2024-10-07,09:11:33,28.716488560340583,77.08752372133931,Theft,None,False
2023-02-12,22:58:56,28.670180463318214,77.17907035163553,Assault,None,False
2024-08-30,10:10:00,28.617578939964627,77.18978789499188,Theft,None,False
2023-06-26,05:02:21,28.677868150710406,77.175389416434,Burglary,Blunt Object,False
2023-06-02,18:15:36,28.764651292023583,77.08665837653318,Cybercrime,None,False
2023-06-12,23:02:16,28.63519805426778,77.05537081589758,Robbery,Knife,False
2024-11-05,16:13:12,28.64846051074776,77.07189009878522,Theft,None,True
2024-06-24,07:47:44,28.779232317670452,77.0379444133367,Murder,Knife,True
2023-08-13,00:55:19,28.86227541575775,76.97661294436298,Burglary,Poison,True
2024-06-11,03:02:12,28.73966698728386,77.18556556912955,Assault,Blunt Object,False
2023-10-14,03:59:04,28.643148501834013,77.07488283210856,Assault,None,False
2023-12-31,21:56:10,28.923983703826128,77.13683553483864,Cybercrime,None,False
2024-12-13,18:30:21,28.70176410267722,77.11226982807662,Theft,None,True
2023-08-14,21:25:59,28.78830688603779,76.85061690450819,Cybercrime,None,False
2023-01-28,22:04:07,28.75407264443909,77.14855400533261,Robbery,Firearm,False
2023-03-26,10:02:02,28.78806705691514,77.03056341719707,Cybercrime,None,False
2023-11-16,10:20:39,28.70324823907729,77.0938678724054,Theft,None,False
2024-10-23,16:52:01,28.711445292184244,77.1190504222147,Cybercrime,None,False
2023-07-12,05:57:20,28.69562328050785,77.08852944976854,Assault,None,False
2024-05-11,12:51:07,28.644300032198277,77.06221344338965,Theft,None,False
2024-05-19,19:42:38,28.655809327861206,77.05020805047621,Kidnapping,None,False
2023-07-20,02:46:46,28.650304482497592,76.88772967607332,Robbery,Blunt Object,False
2023-05-29,15:17:44,28.76784983636212,77.15500544628324,Theft,None,False
2024-01-23,16:11:42,28.699465670860192,77.0892772852141,Cybercrime,None,False
2023-04-20,17:26:00,28.661795239418225,77.18664266899792,Theft,None,True
2023-08-24,08:14:48,28.633025749543993,77.06354005423148,Assault,None,False
2024-10-31,13:32:28,28.908394486113504,77.06774123770552,Theft,None,True
2023-11-09,04:07:23,28.694485555560256,77.10632007205453,Assault,None,False
2023-03-27,02:50:28,28.581520825921828,77.27449845303295,Assault,None,False
2023-05-16,01:10:03,28.658136196685284,77.06085828381046,Robbery,Blunt Object,False
2024-07-07,06:22:10,28.61437068185758,77.05992301272246,Burglary,Rope,False
2023-02-10,14:26:50,28.674533438791457,77.1408567131707,Fraud,None,False
2024-05-07,00:36:01,28.764496323293013,77.14213487369241,Burglary,Blunt Object,False
2024-02-22,08:18:50,28.714209095653427,77.10867685612811,Vandalism,None,False
2024-07-28,03:35:25,28.669022105091933,77.17163288104324,Burglary,Poison,False
2023-03-30,00:39:19,28.755262327172925,77.14190411516299,Robbery,Blunt Object,False
2024-06-22,06:55:08,28.654336808491628,77.05126117227867,Kidnapping,None,False
2024-01-13,06:55:54,28.67957706193163,77.18169383635185,Burglary,Poison,False
2024-02-10,06:57:30,28.69849375115625,77.10147168493681,Burglary,None,True
2023-01-14,14:25:47,28.81209831696342,76.98327425910063,Cybercrime,None,False
2024-09-06,14:16:22,28.639978434448082,77.05498256435312,Cybercrime,None,True
2024-11-08,20:19:09,28.700238286645128,77.03403191074874,Fraud,None,False
2023-03-17,12:20:27,28.736419187576136,77.14194862453068,Theft,None,False
2024-02-27,12:07:56,28.80047755018538,77.03496728211287,Fraud,None,False
2024-01-19,21:39:37,28.67622362053808,77.17967387609991,Cybercrime,None,False
2023-02-23,19:11:20,28.75358374575891,77.1482018807717,Theft,None,True
2023-07-23,06:49:13,28.759369285310413,77.1535080885426,Burglary,Blunt Object,True
2024-06-24,18:20:55,28.586973178984138,77.12787245031042,Fraud,None,False
2024-11-06,06:54:33,28.458225807672846,77.14388591996779,Robbery,Firearm,False
2023-05-01,00:46:52,28.630006431431635,77.0615394491383,Murder,Firearm,False
2024-09-30,00:17:48,28.632153723968038,77.06252823199533,Robbery,Blunt Object,False
2023-09-01,15:19:31,28.649882785192762,77.0775282708525,Theft,None,True
2023-01-22,22:37:40,28.54996423449885,77.20004729556712,Murder,Firearm,False
2023-06-25,02:29:47,28.717215270537746,77.05743328471755,Robbery,Knife,True
2023-04-12,00:12:25,28.791698565050595,77.03014075148916,Murder,Blunt Object,False
2023-11-06,20:30:42,28.77585305164007,77.0032730286872,Cybercrime,None,True
2024-12-17,01:13:21,28.63777002967704,77.07193600052794,Burglary,Rope,False
2024-02-20,15:32:12,28.852640052357042,77.09899681008473,Fraud,None,False
2023-02-21,21:58:13,28.726227110746443,77.15050950717392,Murder,Firearm,True
2023-05-23,04:53:44,28.784424261178224,77.03017226623308,Murder,Firearm,False
2023-09-22,17:32:03,28.757463385616656,77.14773090072403,Fraud,None,False
2023-01-14,17:32:37,28.79248870860678,77.0208328672727,Cybercrime,None,False
2024-04-14,13:33:36,28.656468487073543,77.0780007882396,Theft,None,False
2023-09-23,18:44:08,28.61279402619397,77.0111400174397,Theft,None,False
2024-11-12,10:25:49,28.745169531377755,76.98377795902572,Fraud,None,False
2023-01-10,02:40:35,28.654839712889768,77.2127526956456,Robbery,Knife,False
2024-12-29,13:57:42,28.7778606764477,77.30051963416896,Theft,None,True
2023-07-24,16:56:07,28.721178414760022,77.04141619977219,Theft,None,False
2023-09-25,19:19:12,28.70461243511653,77.10099411660592,Assault,None,True
2023-04-15,07:42:31,28.75273442890797,77.15226196291904,Vandalism,None,True
2023-11-26,16:04:48,28.694782332911537,77.10532217754971,Fraud,None,False
2023-08-26,12:15:34,28.630013367322416,77.05533173392092,Fraud,None,False
2024-11-03,04:46:43,28.642911212368602,77.03990446687344,Robbery,Firearm,False
2023-03-19,00:36:23,28.79178991536345,77.01196845490153,Robbery,Knife,False
2024-01-07,13:52:22,28.760795876908983,77.13957190710072,Cybercrime,None,False
2024-04-07,15:20:05,28.66360813092965,77.15441306469495,Theft,None,False
2024-01-01,04:31:27,28.666081395194798,77.06366451977708,Burglary,Knife,False
2024-07-08,11:19:46,28.734273736718006,77.16203695132636,Theft,None,False
2023-01-28,09:03:47,28.70178081595141,77.10319906654459,Fraud,None,False
2024-02-04,15:43:35,28.789678630298877,77.01024622043096,Cybercrime,None,True
2023-06-03,14:17:14,28.70475368477352,77.06153061100474,Fraud,None,False
2023-12-20,04:02:21,28.716318349060057,77.10977113763339,Burglary,None,False
2024-03-10,15:32:51,28.541399807721845,77.22876258523492,Theft,None,False
2024-10-19,20:05:11,28.678595250881603,77.16702758402548,Kidnapping,Rope,False
2024-03-14,20:31:11,28.784657531034927,77.04284826113857,Burglary,Blunt Object,False
2023-07-07,20:01:47,28.741959561274268,77.16627577335846,Burglary,Blunt Object,False
2024-09-21,10:06:46,28.658973712258724,77.17458772823353,Cybercrime,None,False
2023-11-17,17:01:57,28.7746712916461,77.0462693373159,Theft,None,False
2024-11-15,20:20:02,28.66918983863451,77.1708718299734,Burglary,None,True
2024-11-09,14:04:03,28.67855210878914,77.18911180990594,Fraud,None,False
2023-06-13,19:00:50,28.770853609479413,77.0753660834774,Robbery,Firearm,False
2023-02-17,10:28:34,28.64664534301037,77.05599766913771,Theft,None,False
2023-06-12,02:25:16,28.800848016779355,77.0439420515866,Burglary,Rope,True
2024-05-01,04:53:49,28.812395682904068,77.18191159345736,Robbery,Knife,False
2023-02-18,05:16:48,28.756073330599502,76.97806375158503,Theft,None,False
2023-07-25,01:46:30,28.65043301236256,77.06364265230063,Murder,Knife,True
2024-10-14,03:21:07,28.830436408495093,77.18324191823825,Robbery,Firearm,False
2023-07-04,08:57:40,28.759138047015302,76.93407752024699,Vandalism,None,False
2024-09-18,12:20:11,28.703209994633916,77.09692107740096,Theft,None,True
2024-03-15,05:52:26,28.729336592418306,77.06094517285574,Cybercrime,None,True
2024-01-29,07:16:37,28.751340542239067,77.15709033904908,Robbery,Knife,False
2023-02-25,15:43:28,28.69977861886431,77.10371591539575,Theft,None,False
2023-05-24,23:10:11,28.658905881091258,77.17417598523241,Burglary,Rope,True
2023-11-27,02:17:11,28.680660435672028,77.17019807883304,Robbery,Firearm,False
2024-05-02,07:10:12,28.79655725077603,77.04224399355303,Cybercrime,None,True
2023-11-07,04:20:37,28.751417700646602,77.18248734105502,Robbery,Firearm,False
2024-05-19,02:09:53,28.716531035778484,77.09300720493295,Assault,None,False
2023-02-27,14:48:45,28.791561740537,77.03315863066321,Fraud,None,False
2024-10-02,17:17:14,28.62642879091406,76.99550908568338,Theft,None,False
2023-07-10,07:04:08,28.764048933348885,77.14652054535377,Kidnapping,Firearm,False
2024-10-30,07:47:51,28.693912364496295,77.01039740717735,Fraud,None,True
2023-06-08,00:12:28,28.629284206270142,77.08980707999287,Robbery,Blunt Object,True
2024-10-07,18:08:06,28.757981822927242,77.12661640836448,Theft,None,False
2024-03-05,19:33:16,28.674269197991666,77.17503878987415,Theft,None,False
2024-10-20,16:06:03,28.718123626534503,77.13192752646006,Theft,None,False
2023-01-15,09:46:40,28.66817209650463,76.93027714392869,Cybercrime,None,False
2023-12-10,21:32:39,28.785268769699183,77.03044570670508,Assault,Blunt Object,False
2023-10-08,09:46:05,28.663813506490015,77.07916589343375,Fraud,None,True
2023-03-29,13:15:08,28.682753749705967,77.17663305918788,Fraud,None,False
2024-03-25,22:11:29,28.77187665661808,77.12900063590683,Burglary,Knife,False
2023-11-29,12:14:42,28.646513232032994,77.04691770151432,Cybercrime,None,False
2023-04-20,22:34:20,28.810279533845364,77.11328083283112,Murder,Knife,True
2023-02-09,15:47:47,28.703091586524554,77.09649843504992,Theft,None,False
2023-01-14,21:11:36,28.776163835003466,77.0356725858128,Robbery,Knife,False
2023-03-22,15:08:51,28.529183719814192,77.18144987596501,Fraud,None,True
2023-09-12,13:45:04,28.633558945630046,77.04191319313794,Theft,None,False
2023-06-26,19:26:44,28.886289531592602,77.01669129506544,Theft,None,False
2023-07-02,14:03:45,28.636878408384785,77.07384538331009,Theft,None,False
2024-06-06,03:28:14,28.889543090051664,76.94919984213966,Burglary,Poison,False
2023-12-03,05:45:21,28.744538319397495,77.14367321177839,Vandalism,None,False
2024-09-18,03:58:47,28.793448016626954,77.04889132127931,Robbery,Knife,True
2023-09-16,20:47:41,28.69329747438422,77.11664745337968,Robbery,Knife,True
2023-04-12,05:04:01,28.697009658884713,77.10586122902946,Kidnapping,Blunt Object,True
2024-12-13,22:27:08,28.631385463005724,77.06128069586418,Burglary,Knife,False
2024-08-21,15:56:33,28.702988872859272,77.09934841693685,Theft,None,False
2024-05-14,12:43:14,28.677949709813195,77.17242969135148,Fraud,None,False
2024-11-21,23:58:46,28.745262767018133,77.1568787214495,Robbery,Blunt Object,False
2023-11-07,23:29:26,28.687520353309758,77.18227186305953,Burglary,Rope,False
2024-11-09,01:02:43,28.67913670773462,77.19008080010298,Robbery,Firearm,True
2024-02-26,04:53:50,28.682405051886334,77.17296475274163,Robbery,Blunt Object,False
2023-03-10,15:21:49,28.77632989769795,77.02559925406058,Fraud,None,False
2023-06-29,13:54:28,28.77338633800894,77.15758192939172,Cybercrime,None,False
2024-06-22,10:38:45,28.648733157203853,77.06616235753184,Theft,None,False
2023-12-19,04:27:13,28.690892065963805,77.12188190470778,Robbery,Blunt Object,True
2023-01-23,23:21:04,28.70889187530787,77.10973160112655,Robbery,Knife,False
2024-12-03,20:01:56,28.52754787110842,77.18046438523616,Theft,None,True
2024-10-26,04:52:49,28.668478754987238,76.97022170252738,Murder,Knife,False
2023-04-15,09:42:26,28.664562363341282,77.16985105791547,Theft,None,False
2024-09-16,01:28:51,28.631282158048855,77.06310547820364,Murder,Firearm,False
2024-02-05,23:03:18,28.640232372112685,77.06584069362161,Burglary,Knife,False
2023-04-03,08:04:05,28.660859758710682,77.06120496286373,Murder,Knife,False
2023-03-12,18:35:57,28.681651107060418,77.10008041788453,Theft,None,False
2023-05-12,03:56:58,28.82343944363979,77.09390605275033,Murder,Knife,False
2024-09-22,07:56:44,28.65939330653692,77.06702941593137,Robbery,Blunt Object,False
2023-08-19,02:53:16,28.52027302656026,77.11345822504384,Robbery,Blunt Object,False
2024-12-09,16:27:40,28.707070012942648,77.11330355801275,Fraud,None,True
2024-10-03,20:48:27,28.722296365716115,77.11157725519709,Vandalism,None,False
2023-01-18,13:47:25,28.648504797973875,77.06926188271578,Fraud,None,False
2024-08-19,12:27:15,28.687299319355045,76.95621221631926,Cybercrime,None,False
2024-06-10,10:04:50,28.64451496086223,77.06615290327458,Theft,None,True
2024-09-03,20:31:24,28.58373423740881,77.23516216395,Assault,Blunt Object,False
2024-03-24,10:39:12,28.764154110154827,77.13878238584712,Fraud,None,True
2024-04-06,15:05:36,28.7177583228879,77.09941685630791,Cybercrime,None,False
2023-01-07,21:17:51,28.74631508434882,77.16329277692746,Burglary,None,True
2023-03-04,15:13:42,28.6735894558724,77.20149185320837,Fraud,None,False
2023-06-01,09:53:27,28.695571119561134,77.08518342476027,Theft,None,True
2023-01-21,03:11:48,28.70129561718834,77.1103922249906,Assault,Blunt Object,True
2024-04-20,08:48:27,28.611385701446444,76.96948996172002,Burglary,Poison,True
2024-04-19,13:21:16,28.726992740270276,76.95613127898325,Fraud,None,True
2023-03-17,18:20:05,28.647166926996135,77.05909376948772,Cybercrime,None,True
2024-10-20,02:02:07,28.789044664883523,77.01866171196076,Burglary,Blunt Object,False
2023-08-27,10:10:42,28.83391631514439,77.08419655150064,Cybercrime,None,True
2024-03-21,17:57:11,28.65173522667905,77.07209875461285,Theft,None,True
2024-03-31,11:33:36,28.66252555047634,77.19132257509608,Theft,None,False
2024-11-26,03:24:28,28.629849332248558,77.0487986225724,Burglary,Rope,False
2024-07-06,14:49:27,28.773739992359886,77.16361853368797,Fraud,None,True
2023-06-26,23:44:20,28.911466417543377,77.06547859693922,Assault,Blunt Object,False
2023-02-22,00:54:26,28.645124286640783,77.06777354746752,Assault,Blunt Object,False
2024-08-18,09:42:14,28.643978044334062,77.05503863979304,Theft,None,False
2024-02-22,14:58:04,28.7451391530212,77.15463862232829,Fraud,None,True
2023-02-07,01:48:01,28.663431401583377,77.17155136507634,Robbery,Firearm,False
2023-08-25,16:07:59,28.678035720111545,77.18154840648515,Fraud,None,False
2024-11-15,17:14:02,28.793472062705817,77.02825088589918,Cybercrime,None,False
2023-12-06,17:34:06,28.64597440500245,77.14485533960355,Theft,None,True
2024-10-30,08:21:43,28.745979751254463,77.14591872274444,Vandalism,None,False
2023-03-15,16:53:32,28.64225456096206,77.08152978937045,Theft,None,False
2024-11-05,23:22:47,28.88134365432959,76.96482111750429,Murder,Knife,False
2024-05-11,06:12:03,28.657055075821177,77.0698778675629,Kidnapping,Poison,True
2023-12-19,22:17:55,28.659769788473703,77.09386686048322,Burglary,None,False
2024-12-15,13:06:05,28.847245302078786,77.1950666947908,Theft,None,True
2024-09-10,03:56:28,28.69097503648375,77.0906377773849,Robbery,Blunt Object,False
2023-10-07,19:02:02,28.740119018436523,76.93269238520806,Fraud,None,True
2023-04-10,00:00:13,28.760254392512913,77.13115078109239,Robbery,Firearm,True
2023-02-28,21:28:46,28.765622333855646,77.14928299688067,Robbery,Firearm,False
2024-11-19,21:07:49,28.71675969454702,77.02766277035796,Assault,Blunt Object,False
2023-08-20,18:59:40,28.655114735897772,77.19484695279195,Fraud,None,False
2024-02-05,19:54:35,28.797457013949547,77.02898512234798,Robbery,Knife,False
2024-11-26,01:43:15,28.65071929564734,77.0585910857979,Robbery,Blunt Object,False
2024-11-29,12:31:37,28.67698489844266,77.1900913919892,Theft,None,True
2023-03-07,19:35:30,28.78965084924574,77.0459096961341,Theft,None,False
2023-08-20,07:47:58,28.709288806757055,77.10278084617039,Fraud,None,False
2024-12-10,11:01:35,28.776485810321226,77.02771494619678,Theft,None,False
2024-04-03,12:45:45,28.785105139672503,76.9523173481086,Cybercrime,None,True
2023-05-20,14:56:07,28.76515807303413,77.14968856273985,Cybercrime,None,False
2024-04-30,11:37:05,28.635913940955923,77.05151275823219,Theft,None,True
2023-03-06,06:24:19,28.710843677856484,77.10235358646197,Kidnapping,Firearm,False
2023-12-20,07:22:53,28.689987652232297,77.16986924349474,Cybercrime,None,False
2023-01-10,02:23:32,28.77831836376938,77.03157778841874,Burglary,Rope,False
2024-03-03,19:09:49,28.6665814325603,77.18256118664142,Murder,Blunt Object,False
2024-01-05,09:19:30,28.647295007664155,77.0673448423913,Theft,None,False
2023-07-13,05:25:29,28.854716713088447,76.97215275712185,Murder,Firearm,False
2024-08-20,02:39:28,28.707477603199354,77.09603057180412,Robbery,Blunt Object,False
2023-04-18,11:23:40,28.678400133800235,77.18681332186354,Cybercrime,None,True
2024-08-08,10:52:02,28.63423080616768,77.05348847657366,Theft,None,False
2023-02-27,02:14:50,28.709216430634697,77.10273404510745,Assault,None,True
2023-09-24,22:42:52,28.671903781592682,77.18907986829775,Burglary,None,False
2023-07-27,05:06:53,28.777271847586213,77.04953698872984,Murder,Knife,True
2024-03-12,16:26:11,28.695579468623574,77.08988081023163,Theft,None,False
2024-09-29,02:19:36,28.70744541202015,76.96018397228515,Robbery,Knife,False
2024-04-13,23:25:56,28.714042845822902,77.22418367914246,Burglary,Blunt Object,False
2024-04-28,09:56:15,28.700565402297137,77.0971379571946,Fraud,None,False
2023-01-03,16:48:50,28.664078447736273,77.07759701819188,Theft,None,False
2023-06-29,02:40:06,28.62764021294446,77.1164013181059,Burglary,Rope,False
2023-02-26,14:43:22,28.75738678242348,77.15453660422726,Fraud,None,False
2024-02-07,10:34:47,28.885567344771278,77.11122298924195,Theft,None,False
2023-11-05,13:18:59,28.727823487563104,77.17136622951465,Fraud,None,False
2024-06-09,16:42:40,28.795999197160477,77.04186899194305,Theft,None,True
2024-01-10,10:29:52,28.649480847863117,77.04691300194607,Fraud,None,False
2024-04-26,09:58:48,28.669218622759416,77.19069421207206,Theft,None,False
2023-05-03,07:28:56,28.646603986972796,77.07076128633823,Burglary,Poison,True
2024-01-18,14:03:40,28.892816606167123,76.98480367949408,Theft,None,False
2023-08-30,05:17:22,28.655479101748046,77.05919636537506,Theft,None,False
2023-01-04,18:50:17,28.797634981927473,77.0983779256632,Cybercrime,None,False
2023-11-01,01:13:16,28.69537004538893,77.18380086936263,Burglary,Firearm,True
2023-04-22,18:42:19,28.640048577564404,77.14448746227919,Theft,None,False
2024-09-11,00:48:25,28.677339427807183,77.19388097094111,Burglary,Firearm,True
2024-05-16,16:26:40,28.648580527986052,77.0872506463917,Fraud,None,True
2024-05-20,11:42:25,28.64298595864598,77.0615038005022,Fraud,None,False
2024-03-11,03:00:55,28.63806113949947,77.06335668338355,Assault,Knife,False
2024-02-12,09:05:56,28.75641059121083,77.15531210529956,Fraud,None,False
2024-10-20,18:26:15,28.64477187675494,77.05640178783273,Cybercrime,None,False
2023-04-17,02:59:15,28.745283348719177,77.14874826275165,Robbery,Knife,False
2024-12-22,14:44:33,28.71551537660235,77.11606799685492,Theft,None,True
2024-03-17,21:37:34,28.703330354635597,77.09308417033533,Cybercrime,None,True
2024-01-24,17:49:41,28.673288263896833,77.20341665435271,Theft,None,False
2023-06-27,14:49:05,28.714089678353165,77.10800742691534,Fraud,None,False
2023-02-25,16:12:31,28.763726849170528,77.16790566611341,Theft,None,False
2023-04-24,05:01:34,28.588813379845288,77.0632960131303,Cybercrime,None,True
2023-03-29,12:54:01,28.638812783671632,77.06837114397071,Theft,None,False
2023-01-20,22:05:25,28.72011108906396,77.17813112906894,Assault,Blunt Object,False
2024-05-01,07:24:13,28.669031126501327,77.1962195205068,Murder,Blunt Object,False
2023-05-28,15:42:14,28.783406662918505,77.0394454555196,Theft,None,False
2024-04-03,18:12:44,28.823640649892294,77.2140124315495,Cybercrime,None,True
2023-12-23,23:40:39,28.707708284084017,77.11069346906383,Robbery,Firearm,True
2024-06-08,17:20:16,28.691516606639723,77.18763601233975,Cybercrime,None,False
2023-09-30,22:31:22,28.776803535979383,77.03833050730965,Burglary,Poison,False
2024-06-22,23:35:47,28.783727187819803,77.00901998865596,Assault,Blunt Object,False
2024-05-19,20:11:54,28.75029980237031,77.11416506500157,Robbery,Blunt Object,False
2024-06-02,08:30:30,28.715664177714974,77.09499906342512,Assault,Blunt Object,True
2023-08-08,15:16:58,28.689042903376208,77.10418680859411,Fraud,None,False
2023-03-11,02:56:15,28.787901773876055,77.03343832945387,Murder,Firearm,False
2024-08-24,02:24:40,28.754307086836857,77.14181273045794,Assault,Blunt Object,False
2024-01-22,23:58:08,28.78271082863025,77.02901594170497,Murder,Firearm,False
2024-03-14,22:48:32,28.811370874076744,77.14043253640307,Burglary,Knife,False
2023-06-15,15:51:42,28.781320028782545,77.04973884876424,Fraud,None,False
2023-03-31,09:32:35,28.751410923237852,77.15807786723886,Cybercrime,None,False
2024-05-12,22:20:04,28.642430786664107,77.07881152515029,Burglary,Knife,False
2023-03-16,14:47:07,28.674968597758134,77.18366414227891,Theft,None,False
2024-05-07,19:14:33,28.78270129641227,77.03446511926002,Murder,Knife,True
2023-09-14,04:17:08,28.68609537838648,77.19095843844686,Robbery,Knife,False
2023-06-07,22:18:56,28.754380761811163,77.16951325106457,Assault,None,False
2023-12-30,14:57:05,28.652829856413426,77.05811818880802,Theft,None,True
2024-06-16,00:30:57,28.770296516462658,77.02834986198205,Burglary,None,True
2024-10-03,12:19:56,28.745434877855025,77.16222003706315,Cybercrime,None,False
2024-10-18,14:32:12,28.65769137683302,77.05155454024882,Cybercrime,None,False
2024-05-01,11:44:14,28.639708446660535,77.05072357330125,Theft,None,False
2024-03-05,00:21:59,28.630712007884206,77.05622181254047,Murder,Knife,False
2024-12-19,06:38:17,28.740761224429402,77.17963944348904,Murder,Blunt Object,False
2024-06-13,07:27:03,28.609264589337833,77.02157240806129,Cybercrime,None,False
2024-01-01,19:07:35,28.766301768246766,77.03464352208279,Cybercrime,None,True
2023-08-07,00:39:45,28.630886109802926,77.2688031378212,Burglary,None,True
2024-01-21,11:07:55,28.74508087996496,77.08535542565433,Theft,None,True
2023-04-19,13:34:16,28.777688875724554,77.01755329779807,Fraud,None,False
2023-10-21,00:49:21,28.630421282230547,77.05627859045428,Burglary,Blunt Object,False
2023-11-20,23:53:10,28.63420971179757,77.00258281571541,Murder,Knife,True
2024-02-29,09:25:08,28.67787094727442,77.18764265592415,Theft,None,False
2023-07-07,03:29:23,28.69951367602698,77.12185152268266,Robbery,Knife,False
2023-03-05,10:17:31,28.76663270633484,77.03308163898974,Fraud,None,False
2023-03-23,21:30:38,28.781914197959118,77.02699299118034,Robbery,Knife,False
2024-12-26,05:01:27,28.63712337153987,77.06243040117087,Burglary,Blunt Object,False
2024-03-08,17:56:54,28.681547217267827,77.06331234728874,Cybercrime,None,False
2023-11-06,08:21:02,28.631112803650108,77.04631888182189,Murder,Blunt Object,True
2024-07-10,23:55:50,28.675248352480445,77.06229038955036,Robbery,Firearm,True
2024-01-05,23:39:28,28.67212963139723,77.18141378202111,Murder,Firearm,False
2024-11-03,04:14:29,28.638874976581175,77.06037592576182,Burglary,Poison,False
2024-01-26,19:35:56,28.61874716918965,77.25489458091633,Cybercrime,None,False
2023-06-24,06:19:25,28.7461025985185,77.14879019290535,Vandalism,None,False
2024-11-25,09:07:33,28.74686211210886,77.14509418459795,Theft,None,False
2024-07-05,14:05:30,28.706564156663795,77.09227657901171,Fraud,None,True
2023-02-23,09:14:45,28.69950539609625,77.09966524008446,Theft,None,True
2023-05-24,18:57:24,28.666901864490068,77.18651725637727,Fraud,None,False
2024-10-11,17:32:06,28.804651927425905,77.02375158722768,Theft,None,False
2023-08-12,03:03:10,28.708039632237348,77.10294948957021,Burglary,Rope,False
2023-03-07,05:29:00,28.77096297581326,77.17217929604962,Kidnapping,Rope,False
2023-08-08,22:53:42,28.786154126972185,77.03210179423886,Robbery,Blunt Object,True
2024-02-29,14:40:41,28.669755498003514,77.17485039646891,Fraud,None,True
2024-02-06,15:00:56,28.783131543390482,77.01965411168584,Fraud,None,True
2024-09-20,00:07:42,28.644714400988253,77.21318536244726,Assault,Blunt Object,False
2023-03-12,02:32:37,28.71395122210797,77.19176644189356,Assault,Blunt Object,False
2023-02-04,05:37:57,28.79879643886658,77.03072970544086,Fraud,None,True
2023-12-10,13:27:05,28.724832583419364,77.07231541058474,Cybercrime,None,False
2024-04-19,16:14:22,28.62283942395244,77.00720317406676,Fraud,None,True
2023-02-23,11:20:41,28.762531503725967,77.15458627280486,Cybercrime,None,False
2024-07-02,17:10:29,28.888760307208106,77.19970520129239,Theft,None,False
2023-01-22,22:30:40,28.696787870104636,77.11090342180228,Robbery,Knife,False
2023-12-10,03:58:43,28.75104924460898,77.16466859709129,Murder,Knife,False
2024-01-29,10:04:06,28.6554666122757,76.99725740397574,Cybercrime,None,False
2023-04-20,03:50:27,28.696142449229388,77.09505335097586,Robbery,Firearm,False
2024-02-20,08:20:12,28.695697482353815,77.09677391724395,Fraud,None,False
2024-09-14,11:33:51,28.652666918703254,77.08046044208267,Theft,None,False
2024-07-31,23:02:32,28.57108104844465,77.22885130428332,Murder,Knife,False
2023-12-21,17:48:17,28.656329628402556,77.13728825312023,Theft,None,True
2024-06-20,10:32:49,28.62755853969427,77.06774035017345,Theft,None,False
2023-05-30,22:38:10,28.503568760318394,77.13389350723102,Burglary,Rope,True
2024-03-12,01:34:47,28.729825604702935,77.12160076342956,Assault,Blunt Object,False
2024-08-01,11:53:18,28.636750898493673,77.06799526674429,Fraud,None,False
2023-04-06,11:48:20,28.678010815094165,77.1804004721636,Fraud,None,True
2023-01-08,07:24:45,28.771285030717518,77.09293958534346,Cybercrime,None,False
2024-12-03,05:24:00,28.70938777158909,77.10124120672606,Robbery,Knife,True
2024-06-08,14:03:56,28.706267019911095,77.10824722941076,Theft,None,False
2024-04-02,03:23:41,28.78012087426382,77.02016163413747,Robbery,Knife,False
2024-08-12,10:20:19,28.646860790055484,77.07439391378612,Theft,None,False
2024-12-21,22:27:08,28.734015097295746,77.13431423146965,Robbery,Firearm,False
2024-09-26,00:15:01,28.783678238935032,77.03989118652774,Burglary,None,True
2024-09-25,02:13:30,28.70224064583862,77.09796101218873,Robbery,Firearm,False
2024-02-04,14:46:30,28.814629825287486,77.04944616817073,Fraud,None,False
2023-12-15,03:32:18,28.793047094645175,77.21309354619578,Robbery,Firearm,False
2023-02-04,08:41:39,28.67976816932062,77.17000764480427,Assault,None,False
2024-05-06,15:15:07,28.674371549092225,77.18048000002942,Fraud,None,False
2024-04-01,00:11:34,28.699140007446648,77.10392751587347,Burglary,Firearm,True
2024-09-29,02:25:01,28.761792063474978,77.14791447339869,Robbery,Knife,False
2023-10-18,19:11:39,28.642386173257265,77.06008941066167,Kidnapping,Firearm,True
2023-02-06,07:22:41,28.685738710455443,77.1799289938219,Murder,Firearm,False
2023-04-05,15:59:11,28.580659434223826,76.94515651610095,Cybercrime,None,True
2023-08-27,23:45:59,28.75772729566566,77.14489318260114,Burglary,Firearm,False
2023-02-11,12:10:50,28.77097245052725,76.9693780011493,Cybercrime,None,False
2024-08-29,10:13:32,28.778710878333893,77.0191943115048,Theft,None,False
2023-03-02,15:38:31,28.788446107155487,77.03898847540626,Theft,None,False
2024-12-06,06:42:07,28.707486251576366,77.09164063679597,Vandalism,None,False
2024-01-20,21:12:08,28.629523625588934,77.12593139886116,Assault,None,True
2024-01-08,04:59:06,28.535325859187562,77.07838650556121,Robbery,Firearm,True
2023-02-20,15:42:34,28.799269053533358,77.03070044450821,Cybercrime,None,False
2023-01-27,12:34:14,28.629214553609682,77.05642590752323,Theft,None,False
2023-04-13,10:02:47,28.777793076743222,77.05390308779837,Fraud,None,False
2024-07-25,06:25:27,28.87066790805139,77.17559354341016,Cybercrime,None,False
2024-10-01,09:01:08,28.64066924069259,77.0745062966098,Theft,None,False
2023-06-08,10:08:22,28.590754036094953,77.21015753152443,Cybercrime,None,True
2023-05-02,13:23:08,28.6833797353742,77.18098654265351,Theft,None,False
2023-09-05,04:06:04,28.685491863133507,77.17802778870536,Assault,Blunt Object,False
2023-04-17,12:27:28,28.577591440190176,77.2002965013,Theft,None,False
2024-09-07,08:38:41,28.695575707086054,77.16267806032987,Fraud,None,True
2023-02-10,17:06:52,28.692308865915592,77.17527745927605,Theft,None,False
2023-04-06,00:51:22,28.642666204951603,77.07819634504578,Assault,Blunt Object,False
2024-06-16,15:38:34,28.77097317308553,77.03252172557954,Theft,None,False
2023-01-10,17:11:52,28.63454982296461,77.05721919359897,Cybercrime,None,False
2023-11-05,11:23:05,28.63025852951971,77.12623481194896,Theft,None,False
2023-09-17,05:39:58,28.674884345071977,77.18529237754275,Burglary,Firearm,False
2023-03-11,15:49:34,28.7756918719844,77.03179166092477,Theft,None,False
2024-09-25,02:57:22,28.73354300226044,77.15395006317361,Robbery,Firearm,False
2023-11-16,12:04:06,28.76585440644956,77.13825254090654,Cybercrime,None,True
2023-10-06,03:44:13,28.678934282306475,77.1763898564824,Robbery,Knife,False
2024-08-04,05:04:15,28.792125011536932,77.03408647451214,Burglary,Blunt Object,True
2023-07-07,22:56:18,28.744570411266043,77.10898238987555,Robbery,Firearm,True
2024-11-21,18:51:42,28.797383318063844,77.03597410477697,Theft,None,False
2023-05-15,23:12:48,28.637045762859977,77.06348715052322,Burglary,Firearm,False
2023-06-19,20:49:55,28.75041118957034,77.1541239990652,Robbery,Blunt Object,False
2023-10-03,00:26:07,28.749902302876333,77.14573189264453,Assault,Knife,True
2024-07-24,21:16:41,28.724027221274845,77.10807896286167,Assault,Blunt Object,False
2023-05-29,02:46:22,28.684739558450456,77.17835044120868,Murder,Knife,False
2023-10-17,09:25:46,28.654291461525045,77.17886129201537,Fraud,None,True
2024-12-04,09:05:50,28.767835692410834,77.03665671974098,Fraud,None,False
2023-11-03,21:13:49,28.65736102071651,77.17261628937587,Burglary,Knife,False
2024-10-11,11:13:12,28.78047665541725,77.04793950604763,Fraud,None,False
2023-08-16,18:20:15,28.59681098842851,77.10374049831466,Fraud,None,False
2024-10-31,10:11:41,28.679899765769573,77.1973406055322,Cybercrime,None,False
2023-06-04,11:37:11,28.651877947517217,77.07343906951633,Theft,None,False
2023-07-04,05:44:25,28.792743070588514,77.02040877028605,Fraud,None,False
2024-07-15,09:18:12,28.787696921043167,77.04098660952174,Theft,None,False
2023-10-21,14:43:50,28.77453499710326,77.02670240123277,Theft,None,True
2024-05-30,13:13:32,28.63606807704873,77.07022622985968,Cybercrime,None,False
2024-08-08,21:27:54,28.78340718879671,77.02929154105666,Robbery,Knife,True
2024-04-28,16:43:11,28.77128330083347,77.03182605746808,Fraud,None,False
2024-08-14,12:43:19,28.698424116450152,77.10493339565265,Fraud,None,False
2023-04-18,04:30:10,28.692670328013545,77.10427906259507,Assault,Blunt Object,True
2024-06-29,07:33:38,28.749710492295012,77.14000703074265,Burglary,Rope,True
2023-04-18,15:32:19,28.571371596212185,76.98479796119774,Theft,None,False
2023-04-04,20:55:21,28.782036009425592,77.03370995434365,Cybercrime,None,False
2023-04-13,23:16:42,28.731082363237718,77.13325529177285,Robbery,Knife,False
2023-05-27,15:54:47,28.74651476739021,77.16308402908095,Theft,None,False
2023-01-02,02:00:40,28.74967774473992,77.1570014976006,Murder,Firearm,False
2023-12-31,09:18:43,28.752458445665063,77.15625621231703,Fraud,None,True
2024-07-23,01:55:56,28.641956719338552,77.06643634876575,Robbery,Blunt Object,False
2024-11-02,02:48:47,28.704026111301197,77.11063840570651,Robbery,Firearm,False
2024-01-23,05:40:02,28.622231495678882,76.92551086641095,Burglary,Knife,False
2023-08-04,14:00:59,28.60676425805659,77.20939184152381,Theft,None,False
2024-08-04,11:19:10,28.782554411801122,77.03342062295548,Theft,None,False
2023-05-27,00:33:01,28.693563633859537,77.10315553725151,Robbery,Knife,False
2023-06-03,13:24:22,28.633871873559276,77.05374218724947,Theft,None,True
2024-11-29,02:04:23,28.70007516317176,77.10695097257843,Assault,Knife,False
2024-01-09,06:47:13,28.649618475806427,77.06829044897938,Assault,Knife,True
2024-03-03,05:19:43,28.658219158849555,77.1824333549961,Cybercrime,None,False
2024-05-13,00:24:37,28.752132181666173,77.13717817583918,Robbery,Knife,True
2023-10-19,01:39:55,28.70569837667222,77.07745727825633,Burglary,Poison,False
2023-05-11,11:22:25,28.67921525672118,77.1833124707624,Fraud,None,False
2024-05-21,18:42:55,28.649167946971676,77.1950762450457,Cybercrime,None,False
2023-07-30,09:56:37,28.65188766499225,77.18185734871571,Theft,None,False
2024-05-05,14:43:07,28.65646749068008,77.17337806728794,Theft,None,True
2024-10-06,06:54:39,28.679348137030093,77.16975802519559,Cybercrime,None,False
2023-05-25,20:13:24,28.561728218129605,77.34069449834156,Theft,None,False
2024-12-27,20:56:11,28.7405071094858,77.16900520903089,Murder,Knife,False
2023-04-01,06:46:58,28.686879783542075,77.0500170878561,Assault,Knife,False
2023-07-21,23:17:45,28.649767863905883,77.07586594075545,Burglary,Poison,False
2024-07-09,08:00:57,28.589493205789168,77.05147502102716,Murder,Firearm,False
2024-01-13,08:25:52,28.712568697346843,77.10537994312428,Fraud,None,False
2024-07-05,17:14:45,28.79511917830641,77.03765111954434,Fraud,None,False
2023-10-28,12:20:01,28.884922400914917,77.12035885988337,Fraud,None,False
2023-08-21,13:48:05,28.70631811148331,77.10571721372017,Fraud,None,True
2024-06-20,02:15:07,28.702675111482733,77.11098087158801,Burglary,Knife,False
2024-02-04,10:22:52,28.70647041223863,77.11038180009146,Theft,None,True
2023-12-30,04:43:04,28.79354499853624,77.03678454681561,Assault,Knife,False
2024-10-03,06:38:37,28.759117163242344,77.14239670212403,Kidnapping,Firearm,False
2023-01-29,01:00:10,28.64906464121802,77.18683834529908,Assault,None,False
2024-05-02,14:54:49,28.846463118181852,76.90845697744918,Theft,None,False
2024-04-30,02:02:33,28.698421368527487,77.10273620602415,Murder,Blunt Object,False
2024-10-21,12:19:58,28.745307255379196,77.14427480355819,Cybercrime,None,False
2023-02-10,07:10:34,28.64884919873794,77.07831375969171,Burglary,Poison,False
2024-04-21,09:52:48,28.65378176443678,77.18079523851019,Theft,None,False
2024-12-02,22:33:01,28.708732803417906,77.11030213972201,Burglary,Knife,False
2024-12-03,23:37:24,28.70729127343069,77.12011402549936,Robbery,Blunt Object,False
2024-12-05,21:29:46,28.75438906593326,77.16561992790392,Murder,Knife,False
2023-03-08,19:27:22,28.639463232965404,77.1082982946589,Vandalism,None,True
2024-11-20,22:45:04,28.661972849242012,77.19150864440549,Burglary,Firearm,True
2023-08-27,03:04:04,28.692055713735883,77.13828210625199,Burglary,Firearm,False
2023-07-25,00:34:06,28.67096631368715,77.18836428501659,Burglary,Blunt Object,False
2024-07-05,13:44:38,28.743843397385575,77.00303485700289,Theft,None,True
2024-07-15,03:36:00,28.66473232567417,77.1822223126966,Robbery,Knife,False
2024-03-10,11:50:51,28.680695739574066,77.20112895553115,Cybercrime,None,False
2024-09-17,20:07:16,28.734399085666574,77.20325314024886,Vandalism,None,False
2023-03-08,14:54:09,28.68797149065236,77.12262955849435,Fraud,None,False
2023-04-14,10:21:56,28.710156862111294,77.10200395488842,Cybercrime,None,True
2024-03-02,04:39:18,28.782453039525418,77.02142800202142,Robbery,Blunt Object,False
2023-07-03,21:08:54,28.665887132042798,77.20160435632134,Theft,None,True
2024-11-27,11:10:10,28.63420995561714,77.05241732242133,Fraud,None,True
2024-08-21,09:15:12,28.633877951392442,76.98268192470388,Theft,None,False
2023-07-20,01:54:28,28.70563065748455,77.21139105126653,Burglary,Firearm,False
2023-02-05,23:06:46,28.69799507673728,77.0887667572024,Robbery,Firearm,False
2024-05-04,23:32:29,28.787018613130144,77.03194225662321,Assault,None,False
2024-11-05,05:39:09,28.654127245500817,77.05795491700698,Fraud,None,False
2023-01-03,07:29:31,28.678084322037332,77.08754696354568,Theft,None,False
2024-10-03,18:05:40,28.644990041105537,77.05857438322643,Theft,None,False
2023-06-01,22:04:53,28.6486355891954,76.91746223151182,Robbery,Knife,True
2024-10-23,17:47:03,28.778446127908797,77.03965223268084,Fraud,None,True
2023-06-19,06:52:28,28.78912455193689,77.05538869764088,Assault,Blunt Object,True
2023-07-23,01:52:30,28.767094859981817,77.152212959283,Burglary,Poison,False
2024-02-17,08:45:29,28.77072153628184,77.01597615943547,Robbery,Blunt Object,False
2023-06-24,03:25:53,28.825925792261973,77.0651996274739,Robbery,Blunt Object,True
2023-02-26,05:50:41,28.58269354769274,76.87657238285645,Cybercrime,None,False
2024-07-12,03:41:24,28.67014283889125,77.18654750858997,Robbery,Knife,False
2023-10-10,13:34:59,28.63712308855954,77.05196754839866,Theft,None,False
2023-07-30,03:06:17,28.649162423139327,77.2268192019145,Assault,Blunt Object,True
2023-07-01,04:04:11,28.56480183823248,77.03832989695775,Assault,Knife,False
2023-12-13,15:56:46,28.686207577396175,77.18744176289424,Cybercrime,None,False
2024-12-06,09:15:56,28.755891278137792,77.14601553864584,Cybercrime,None,False
2023-02-26,05:03:59,28.784405048145004,77.02712170931548,Robbery,Firearm,True
2024-01-22,23:42:20,28.618161386892925,76.99449425246983,Robbery,Blunt Object,True
2024-02-04,10:18:28,28.78250955963725,77.09645938677839,Theft,None,False
2023-09-18,02:20:30,28.707245137438026,77.10401673185802,Burglary,Firearm,False
2023-04-10,21:42:57,28.67850918827808,77.17995281210014,Murder,Blunt Object,False
2023-01-03,22:44:28,28.669283425489454,77.1743471967061,Robbery,Knife,False
2023-08-29,06:39:51,28.689960308665928,77.09127966829378,Assault,None,False
2024-03-27,16:00:00,28.667558227889977,76.94219605155646,Cybercrime,None,False
2023-05-31,12:53:29,28.770277140958637,77.04292139892637,Fraud,None,True
2023-07-16,11:32:03,28.756341794848538,77.14798163271797,Fraud,None,True
2024-01-18,13:37:19,28.776815744589047,77.13601750281288,Cybercrime,None,False
2023-09-28,20:21:34,28.80166112764618,77.09135339172207,Assault,Knife,False
2023-04-15,14:43:05,28.76195047022913,77.1535895371727,Theft,None,True
2023-04-17,06:36:10,28.73537754937755,77.15345460467559,Robbery,Knife,False
2024-11-17,23:15:24,28.707455558546396,77.08058014701476,Robbery,Knife,True
2023-05-21,20:48:30,28.89850482938019,77.13362075941728,Fraud,None,False
2024-12-22,21:38:01,28.680819877401365,77.17084470610425,Cybercrime,None,False
2023-10-19,20:48:11,28.651006175221458,77.07339504459563,Assault,None,False
2023-08-09,11:03:56,28.729456822813784,77.10156284414794,Fraud,None,False
2024-08-13,01:04:29,28.775164118751015,77.03033793082218,Burglary,Blunt Object,False
2024-05-14,03:02:08,28.652897048574072,77.15969956373928,Burglary,None,False
2024-06-18,20:56:39,28.775601240748824,77.03814650721505,Fraud,None,False
2024-12-31,09:31:53,28.635710144372705,77.0598764744584,Fraud,None,False
2024-10-11,03:39:56,28.710260443970128,77.09546203280014,Robbery,Knife,False
2023-07-21,23:29:38,28.710605364889776,77.10802994157672,Burglary,Blunt Object,False
2024-09-05,05:27:03,28.751390493266232,77.16411783201356,Fraud,None,False
2024-06-08,04:54:56,28.78487784341977,77.04352276526586,Robbery,Firearm,False
2023-08-01,19:38:56,28.69203464924877,77.18008698978299,Robbery,Firearm,False
2024-12-12,22:45:59,28.650549549840274,77.05612432074678,Robbery,Knife,True
2023-12-16,20:16:55,28.633771855904918,77.06054540342613,Fraud,None,False
2023-08-28,22:22:33,28.567839972025055,77.00873922203527,Robbery,Firearm,False
2024-06-16,03:43:16,28.65001432599321,77.05736350984552,Murder,Knife,False
2023-09-14,01:21:22,28.71120514087122,77.10549411938018,Burglary,Firearm,False
2024-11-28,19:59:14,28.772611540620193,77.15774337285576,Kidnapping,Rope,False
2023-10-10,14:21:46,28.81552180702793,77.14268846631276,Fraud,None,False
2023-12-14,20:01:22,28.735239350107808,77.21897330421133,Cybercrime,None,True
2024-12-10,10:26:32,28.790787974658652,77.03460063612958,Cybercrime,None,False
2024-10-05,17:57:13,28.724665466592974,77.15632293118304,Theft,None,False
